,daily_volume_btc,zero_return_minute_share
2012-01-01 00:00:00+00:00,21.602,0.9979152189020153
2012-01-02 00:00:00+00:00,19.048,1.0
2012-01-03 00:00:00+00:00,88.03728092,0.9958333333333333
2012-01-04 00:00:00+00:00,107.23326023000001,0.9965277777777778
2012-01-05 00:00:00+00:00,94.80182926,0.9881944444444445
2012-01-06 00:00:00+00:00,33.88274671,0.9930555555555556
2012-01-07 00:00:00+00:00,0.29585799,0.9993055555555556
2012-01-08 00:00:00+00:00,5.0,0.9986111111111111
2012-01-09 00:00:00+00:00,66.8693229,0.9902777777777778
2012-01-10 00:00:00+00:00,62.28998018,0.9944444444444445
2012-01-11 00:00:00+00:00,105.35893401999999,0.9951388888888889
2012-01-12 00:00:00+00:00,82.30163181,0.9930555555555556
2012-01-13 00:00:00+00:00,48.970144839999996,0.9881944444444445
2012-01-14 00:00:00+00:00,16.836,0.9979166666666667
2012-01-15 00:00:00+00:00,16.6993007,0.9993055555555556
2012-01-16 00:00:00+00:00,12.64929577,0.9986111111111111
2012-01-17 00:00:00+00:00,80.51400824000001,0.9965277777777778
2012-01-18 00:00:00+00:00,133.44676912,0.9951388888888889
2012-01-19 00:00:00+00:00,246.71581895,0.9930555555555556
2012-01-20 00:00:00+00:00,95.82599863,0.9972222222222222
2012-01-21 00:00:00+00:00,81.41385241,0.9979166666666667
2012-01-22 00:00:00+00:00,81.27103303,0.9958333333333333
2012-01-23 00:00:00+00:00,94.92062908999999,0.9951388888888889
2012-01-24 00:00:00+00:00,85.44624147,0.9951388888888889
2012-01-25 00:00:00+00:00,81.1232564,0.9944444444444445
2012-01-26 00:00:00+00:00,29.91907058,0.9958333333333333
2012-01-27 00:00:00+00:00,92.07999287,0.9951388888888889
2012-01-28 00:00:00+00:00,0.25,0.9993055555555556
2012-01-29 00:00:00+00:00,9.45484643,0.9972222222222222
2012-01-30 00:00:00+00:00,15.16,0.9986111111111111
2012-01-31 00:00:00+00:00,110.50333334,0.9923611111111111
2012-02-01 00:00:00+00:00,12.058806279999999,0.9944444444444445
2012-02-02 00:00:00+00:00,251.00093001,0.9840277777777777
2012-02-03 00:00:00+00:00,155.5524532,0.9881944444444445
2012-02-04 00:00:00+00:00,67.63499408999999,0.9923611111111111
2012-02-05 00:00:00+00:00,47.85042396,0.9923611111111111
2012-02-06 00:00:00+00:00,29.17833833,0.9972222222222222
2012-02-07 00:00:00+00:00,165.40541896,0.9923611111111111
2012-02-08 00:00:00+00:00,83.57202011,0.9965277777777778
2012-02-09 00:00:00+00:00,83.60318875,0.9951388888888889
2012-02-10 00:00:00+00:00,176.93050375,0.9979166666666667
2012-02-11 00:00:00+00:00,1.8794878,0.9986111111111111
2012-02-12 00:00:00+00:00,64.8434324,0.9979166666666667
2012-02-13 00:00:00+00:00,99.78443902000001,0.9958333333333333
2012-02-14 00:00:00+00:00,128.34493428,0.9826388888888888
2012-02-15 00:00:00+00:00,67.78916535,0.9923611111111111
2012-02-16 00:00:00+00:00,115.6239213,0.9819444444444444
2012-02-17 00:00:00+00:00,244.67028923,0.9826388888888888
2012-02-18 00:00:00+00:00,254.39025200999998,0.9923611111111111
2012-02-19 00:00:00+00:00,92.68354434,0.9972222222222222
2012-02-20 00:00:00+00:00,315.93925361,0.9909722222222223
2012-02-21 00:00:00+00:00,358.44920149,0.9854166666666667
2012-02-22 00:00:00+00:00,75.30876636,0.9958333333333333
2012-02-23 00:00:00+00:00,714.84400933,0.9833333333333333
2012-02-24 00:00:00+00:00,37.59711782,0.9930555555555556
2012-02-25 00:00:00+00:00,119.80740151,0.9972222222222222
2012-02-26 00:00:00+00:00,40.9,0.9958333333333333
2012-02-27 00:00:00+00:00,309.05231411,0.9902777777777778
2012-02-28 00:00:00+00:00,440.24138707000003,0.9881944444444445
2012-02-29 00:00:00+00:00,242.23784635,0.9923611111111111
2012-03-01 00:00:00+00:00,291.16358119,0.9875
2012-03-02 00:00:00+00:00,245.97471171,0.9909722222222223
2012-03-03 00:00:00+00:00,125.91831513999999,0.9944444444444445
2012-03-04 00:00:00+00:00,113.60841529999999,0.9965277777777778
2012-03-05 00:00:00+00:00,518.05455153,0.9798611111111111
2012-03-06 00:00:00+00:00,296.62794241999995,0.9895833333333334
2012-03-07 00:00:00+00:00,373.49234495,0.9875
2012-03-08 00:00:00+00:00,326.5657549,0.9881944444444445
2012-03-09 00:00:00+00:00,277.58947934,0.9923611111111111
2012-03-10 00:00:00+00:00,114.04892826,0.9965277777777778
2012-03-11 00:00:00+00:00,24.68252609,0.9986111111111111
2012-03-12 00:00:00+00:00,108.76167997,0.9965277777777778
2012-03-13 00:00:00+00:00,734.65394306,0.9840277777777777
2012-03-14 00:00:00+00:00,1129.74327668,0.9854166666666667
2012-03-15 00:00:00+00:00,633.1678494700001,0.9930555555555556
2012-03-16 00:00:00+00:00,157.69794429,0.9930555555555556
2012-03-17 00:00:00+00:00,143.87332861000002,0.9972222222222222
2012-03-18 00:00:00+00:00,412.66352117,0.9854166666666667
2012-03-19 00:00:00+00:00,415.19375675000003,0.9847222222222223
2012-03-20 00:00:00+00:00,279.75591707,0.9888888888888889
2012-03-21 00:00:00+00:00,9.32862903,0.9979166666666667
2012-03-22 00:00:00+00:00,396.4109947,0.9888888888888889
2012-03-23 00:00:00+00:00,393.13018483999997,0.9958333333333333
2012-03-24 00:00:00+00:00,191.53850932,0.9972222222222222
2012-03-25 00:00:00+00:00,15.473571920000001,0.9965277777777778
2012-03-26 00:00:00+00:00,64.76455997000001,0.99375
2012-03-27 00:00:00+00:00,369.59079622999997,0.9791666666666666
2012-03-28 00:00:00+00:00,418.64896346,0.9881944444444445
2012-03-29 00:00:00+00:00,110.39370311,0.9916666666666667
2012-03-30 00:00:00+00:00,161.39879423,0.9909722222222223
2012-03-31 00:00:00+00:00,158.37378321,0.9951388888888889
2012-04-01 00:00:00+00:00,308.5058652,0.9923611111111111
2012-04-02 00:00:00+00:00,888.57861157,0.9833333333333333
2012-04-03 00:00:00+00:00,244.30290125,0.9923611111111111
2012-04-04 00:00:00+00:00,305.43564088,0.9902777777777778
2012-04-05 00:00:00+00:00,400.86488523,0.9916666666666667
2012-04-06 00:00:00+00:00,725.95771755,0.9875
2012-04-07 00:00:00+00:00,228.65562961,0.9909722222222223
2012-04-08 00:00:00+00:00,177.21795867,0.9909722222222223
2012-04-09 00:00:00+00:00,158.55832457,0.9930555555555556
2012-04-10 00:00:00+00:00,314.81763742,0.9972222222222222
2012-04-11 00:00:00+00:00,425.60463177,0.9909722222222223
2012-04-12 00:00:00+00:00,756.7945518299999,0.9777777777777777
2012-04-13 00:00:00+00:00,1102.2658949,0.98125
2012-04-14 00:00:00+00:00,544.64998903,0.9833333333333333
2012-04-15 00:00:00+00:00,114.97408628,0.9930555555555556
2012-04-16 00:00:00+00:00,487.00754874,0.9902777777777778
2012-04-17 00:00:00+00:00,282.51538718,0.9972222222222222
2012-04-18 00:00:00+00:00,839.9317501,0.9784722222222222
2012-04-19 00:00:00+00:00,562.65170962,0.9840277777777777
2012-04-20 00:00:00+00:00,372.83588987,0.9805555555555555
2012-04-21 00:00:00+00:00,301.94356518,0.9909722222222223
2012-04-22 00:00:00+00:00,139.56864263,0.99375
2012-04-23 00:00:00+00:00,947.4609743799999,0.9868055555555556
2012-04-24 00:00:00+00:00,1975.83110589,0.9777777777777777
2012-04-25 00:00:00+00:00,1634.21397671,0.9743055555555555
2012-04-26 00:00:00+00:00,762.130218,0.98125
2012-04-27 00:00:00+00:00,718.01401093,0.9930555555555556
2012-04-28 00:00:00+00:00,205.02552687,0.9875
2012-04-29 00:00:00+00:00,62.87862749,0.9965277777777778
2012-04-30 00:00:00+00:00,490.58077756,0.9861111111111112
2012-05-01 00:00:00+00:00,831.74622588,0.9875
2012-05-02 00:00:00+00:00,495.31714339999996,0.9888888888888889
2012-05-03 00:00:00+00:00,645.0894015700001,0.9902777777777778
2012-05-04 00:00:00+00:00,776.04276349,0.9798611111111111
2012-05-05 00:00:00+00:00,415.56904636,0.9916666666666667
2012-05-06 00:00:00+00:00,1234.04605556,0.9861111111111112
2012-05-07 00:00:00+00:00,874.4786445899999,0.9840277777777777
2012-05-08 00:00:00+00:00,640.55868732,0.9861111111111112
2012-05-09 00:00:00+00:00,350.28159466,0.9888888888888889
2012-05-10 00:00:00+00:00,907.11429341,0.9805555555555555
2012-05-11 00:00:00+00:00,413.82665677,0.9895833333333334
2012-05-12 00:00:00+00:00,219.33389116,0.9965277777777778
2012-05-13 00:00:00+00:00,395.46296566,0.9972222222222222
2012-05-14 00:00:00+00:00,718.7291176800001,0.9840277777777777
2012-05-15 00:00:00+00:00,600.99596383,0.9895833333333334
2012-05-16 00:00:00+00:00,178.0332215,0.99375
2012-05-17 00:00:00+00:00,611.21283218,0.9944444444444445
2012-05-18 00:00:00+00:00,912.52426975,0.9909722222222223
2012-05-19 00:00:00+00:00,168.0059752,0.9958333333333333
2012-05-20 00:00:00+00:00,26.40212653,0.9965277777777778
2012-05-21 00:00:00+00:00,354.05739561,0.9895833333333334
2012-05-22 00:00:00+00:00,678.0675854599999,0.9895833333333334
2012-05-23 00:00:00+00:00,558.15131265,0.9868055555555556
2012-05-24 00:00:00+00:00,904.74009563,0.9854166666666667
2012-05-25 00:00:00+00:00,274.91026252,0.9972222222222222
2012-05-26 00:00:00+00:00,388.70621698,0.9965277777777778
2012-05-27 00:00:00+00:00,913.52967246,0.9895833333333334
2012-05-28 00:00:00+00:00,180.68383316999999,0.9972222222222222
2012-05-29 00:00:00+00:00,1341.51430437,0.9736111111111111
2012-05-30 00:00:00+00:00,748.4016813000001,0.9875
2012-05-31 00:00:00+00:00,1102.63991433,0.9854166666666667
2012-06-01 00:00:00+00:00,473.66441064,0.9770833333333333
2012-06-02 00:00:00+00:00,192.43478463,0.9930555555555556
2012-06-03 00:00:00+00:00,14.33475413,0.9972222222222222
2012-06-04 00:00:00+00:00,1359.1183093,0.9680555555555556
2012-06-05 00:00:00+00:00,929.19495142,0.9576388888888889
2012-06-06 00:00:00+00:00,770.84630967,0.98125
2012-06-07 00:00:00+00:00,1412.87520676,0.9791666666666666
2012-06-08 00:00:00+00:00,1397.44902146,0.9784722222222222
2012-06-09 00:00:00+00:00,353.65603433,0.9888888888888889
2012-06-10 00:00:00+00:00,270.95117634999997,0.9902777777777778
2012-06-11 00:00:00+00:00,667.67216608,0.9840277777777777
2012-06-12 00:00:00+00:00,9330.40796353,0.9833333333333333
2012-06-13 00:00:00+00:00,1690.1974072799999,0.9597222222222223
2012-06-14 00:00:00+00:00,3236.5087261,0.9638888888888889
2012-06-15 00:00:00+00:00,2041.44728739,0.9506944444444444
2012-06-16 00:00:00+00:00,1010.13937541,0.9736111111111111
2012-06-17 00:00:00+00:00,424.19045736,0.9743055555555555
2012-06-18 00:00:00+00:00,2483.09865301,0.9770833333333333
2012-06-19 00:00:00+00:00,1389.04883704,0.9715277777777778
2012-06-20 00:00:00+00:00,2075.9845673199998,0.9645833333333333
2012-06-21 00:00:00+00:00,480.84201914,0.9875
2012-06-22 00:00:00+00:00,963.16079856,0.9673611111111111
2012-06-23 00:00:00+00:00,1137.14132849,0.9798611111111111
2012-06-24 00:00:00+00:00,599.17294991,0.9930555555555556
2012-06-25 00:00:00+00:00,1956.72821549,0.9833333333333333
2012-06-26 00:00:00+00:00,2273.09860085,0.9555555555555556
2012-06-27 00:00:00+00:00,11231.77828715,0.9576388888888889
2012-06-28 00:00:00+00:00,4266.15056833,0.9465277777777777
2012-06-29 00:00:00+00:00,8127.55500191,0.9680555555555556
2012-06-30 00:00:00+00:00,828.0520601200001,0.9826388888888888
2012-07-01 00:00:00+00:00,332.44372303,0.9881944444444445
2012-07-02 00:00:00+00:00,1792.23613156,0.9736111111111111
2012-07-03 00:00:00+00:00,1936.3905711,0.9590277777777778
2012-07-04 00:00:00+00:00,2014.68873242,0.9625
2012-07-05 00:00:00+00:00,1406.97193178,0.9729166666666667
2012-07-06 00:00:00+00:00,1662.61510481,0.9805555555555555
2012-07-07 00:00:00+00:00,1408.4798228,0.9722222222222222
2012-07-08 00:00:00+00:00,830.3709043599999,0.9722222222222222
2012-07-09 00:00:00+00:00,1751.75552753,0.9729166666666667
2012-07-10 00:00:00+00:00,1495.1442887,0.9743055555555555
2012-07-11 00:00:00+00:00,751.66207543,0.9791666666666666
2012-07-12 00:00:00+00:00,2325.83757492,0.9666666666666667
2012-07-13 00:00:00+00:00,1204.54573744,0.9590277777777778
2012-07-14 00:00:00+00:00,717.31461971,0.9847222222222223
2012-07-15 00:00:00+00:00,322.39208253000004,0.9895833333333334
2012-07-16 00:00:00+00:00,3680.08259313,0.9423611111111111
2012-07-17 00:00:00+00:00,3658.89689036,0.9152777777777777
2012-07-18 00:00:00+00:00,2613.84283038,0.9409722222222222
2012-07-19 00:00:00+00:00,2512.84139938,0.9645833333333333
2012-07-20 00:00:00+00:00,1378.66512931,0.9395833333333333
2012-07-21 00:00:00+00:00,2380.64465914,0.9402777777777778
2012-07-22 00:00:00+00:00,1483.54734476,0.9868055555555556
2012-07-23 00:00:00+00:00,2585.86162064,0.9430555555555555
2012-07-24 00:00:00+00:00,1298.89850451,0.975
2012-07-25 00:00:00+00:00,1795.45977381,0.96875
2012-07-26 00:00:00+00:00,837.67858918,0.9798611111111111
2012-07-27 00:00:00+00:00,687.49671529,0.9777777777777777
2012-07-28 00:00:00+00:00,1498.92603223,0.9763888888888889
2012-07-29 00:00:00+00:00,590.37066164,0.9888888888888889
2012-07-30 00:00:00+00:00,2423.61350598,0.95625
2012-07-31 00:00:00+00:00,1324.42575089,0.9652777777777778
2012-08-01 00:00:00+00:00,2419.60607326,0.9625
2012-08-02 00:00:00+00:00,2209.70926083,0.94375
2012-08-03 00:00:00+00:00,2419.4134313,0.9354166666666667
2012-08-04 00:00:00+00:00,635.36838136,0.9729166666666667
2012-08-05 00:00:00+00:00,1906.7619071,0.9555555555555556
2012-08-06 00:00:00+00:00,2070.07812125,0.9395833333333333
2012-08-07 00:00:00+00:00,1039.03555,0.9673611111111111
2012-08-08 00:00:00+00:00,2746.09461909,0.9513888888888888
2012-08-09 00:00:00+00:00,2432.99473283,0.9333333333333333
2012-08-10 00:00:00+00:00,2554.4390557799998,0.9472222222222222
2012-08-11 00:00:00+00:00,358.81692698,0.98125
2012-08-12 00:00:00+00:00,838.43263007,0.9701388888888889
2012-08-13 00:00:00+00:00,3499.58597117,0.9527777777777777
2012-08-14 00:00:00+00:00,1925.97314893,0.9673611111111111
2012-08-15 00:00:00+00:00,1592.26779358,0.9638888888888889
2012-08-16 00:00:00+00:00,1529.32907411,0.9381944444444444
2012-08-17 00:00:00+00:00,4868.27886465,0.9013888888888889
2012-08-18 00:00:00+00:00,2511.36721759,0.9263888888888889
2012-08-19 00:00:00+00:00,5427.25152631,0.8979166666666667
2012-08-20 00:00:00+00:00,3382.49965273,0.9270833333333334
2012-08-21 00:00:00+00:00,3384.91944343,0.9173611111111111
2012-08-22 00:00:00+00:00,8193.33129544,0.9201388888888888
2012-08-23 00:00:00+00:00,2710.255412,0.9638888888888889
2012-08-24 00:00:00+00:00,4170.89273973,0.9472222222222222
2012-08-25 00:00:00+00:00,581.27122837,0.9777777777777777
2012-08-26 00:00:00+00:00,1412.06354452,0.9694444444444444
2012-08-27 00:00:00+00:00,4283.77447562,0.9097222222222222
2012-08-28 00:00:00+00:00,2970.10121301,0.9048611111111111
2012-08-29 00:00:00+00:00,4768.86011118,0.9340277777777778
2012-08-30 00:00:00+00:00,1513.88396985,0.9388888888888889
2012-08-31 00:00:00+00:00,2915.12925668,0.9388888888888889
2012-09-01 00:00:00+00:00,665.20204584,0.9819444444444444
2012-09-02 00:00:00+00:00,1340.45182161,0.9673611111111111
2012-09-03 00:00:00+00:00,1166.65101376,0.9354166666666667
2012-09-04 00:00:00+00:00,2649.65990947,0.9493055555555555
2012-09-05 00:00:00+00:00,1870.38903071,0.9597222222222223
2012-09-06 00:00:00+00:00,3296.23211519,0.9388888888888889
2012-09-07 00:00:00+00:00,1351.7701121,0.95625
2012-09-08 00:00:00+00:00,1355.12940957,0.9680555555555556
2012-09-09 00:00:00+00:00,1216.12471856,0.98125
2012-09-10 00:00:00+00:00,2492.06090795,0.95625
2012-09-11 00:00:00+00:00,4794.96358934,0.9215277777777777
2012-09-12 00:00:00+00:00,2414.68753316,0.9506944444444444
2012-09-13 00:00:00+00:00,2138.98077281,0.9541666666666667
2012-09-14 00:00:00+00:00,2127.29435418,0.9680555555555556
2012-09-15 00:00:00+00:00,594.79395476,0.9763888888888889
2012-09-16 00:00:00+00:00,1287.40625221,0.9694444444444444
2012-09-17 00:00:00+00:00,689.94090289,0.9791666666666666
2012-09-18 00:00:00+00:00,3735.01772907,0.9625
2012-09-19 00:00:00+00:00,1251.58348152,0.9631944444444445
2012-09-20 00:00:00+00:00,767.93391028,0.9694444444444444
2012-09-21 00:00:00+00:00,1990.3901719,0.9444444444444444
2012-09-22 00:00:00+00:00,818.0470256899999,0.9666666666666667
2012-09-23 00:00:00+00:00,1084.46274346,0.9645833333333333
2012-09-24 00:00:00+00:00,1523.1995401,0.9493055555555555
2012-09-25 00:00:00+00:00,3057.44986023,0.93125
2012-09-26 00:00:00+00:00,3038.10509727,0.9458333333333333
2012-09-27 00:00:00+00:00,3306.14546315,0.9409722222222222
2012-09-28 00:00:00+00:00,2842.62287799,0.9527777777777777
2012-09-29 00:00:00+00:00,584.15406141,0.9798611111111111
2012-09-30 00:00:00+00:00,173.21424584,0.9923611111111111
2012-10-01 00:00:00+00:00,3151.92775768,0.96875
2012-10-02 00:00:00+00:00,4634.41770999,0.9263888888888889
2012-10-03 00:00:00+00:00,4948.45567245,0.9347222222222222
2012-10-04 00:00:00+00:00,3211.88600053,0.9409722222222222
2012-10-05 00:00:00+00:00,5459.56068828,0.9263888888888889
2012-10-06 00:00:00+00:00,1640.4168496300001,0.9611111111111111
2012-10-07 00:00:00+00:00,3262.84750727,0.9604166666666667
2012-10-08 00:00:00+00:00,2885.95781205,0.925
2012-10-09 00:00:00+00:00,1933.93908899,0.9506944444444444
2012-10-10 00:00:00+00:00,2369.71836117,0.9541666666666667
2012-10-11 00:00:00+00:00,2349.86047287,0.9270833333333334
2012-10-12 00:00:00+00:00,735.71660723,0.9652777777777778
2012-10-13 00:00:00+00:00,486.61590663,0.9798611111111111
2012-10-14 00:00:00+00:00,336.21764746,0.9777777777777777
2012-10-15 00:00:00+00:00,3425.95800654,0.9368055555555556
2012-10-16 00:00:00+00:00,1004.4996770500001,0.9694444444444444
2012-10-17 00:00:00+00:00,3020.8905373400003,0.9618055555555556
2012-10-18 00:00:00+00:00,1277.75425699,0.9611111111111111
2012-10-19 00:00:00+00:00,10149.00152833,0.9402777777777778
2012-10-20 00:00:00+00:00,704.85501096,0.9652777777777778
2012-10-21 00:00:00+00:00,2048.2603274,0.975
2012-10-22 00:00:00+00:00,1913.11800635,0.9486111111111111
2012-10-23 00:00:00+00:00,2717.11005347,0.9347222222222222
2012-10-24 00:00:00+00:00,3180.17696523,0.9263888888888889
2012-10-25 00:00:00+00:00,3077.54063611,0.9458333333333333
2012-10-26 00:00:00+00:00,2384.6465122199997,0.9375
2012-10-27 00:00:00+00:00,1989.47751313,0.9458333333333333
2012-10-28 00:00:00+00:00,972.31928641,0.9555555555555556
2012-10-29 00:00:00+00:00,2655.79081055,0.9319444444444445
2012-10-30 00:00:00+00:00,2780.31469798,0.9166666666666666
2012-10-31 00:00:00+00:00,3057.67949806,0.9430555555555555
2012-11-01 00:00:00+00:00,1726.98832092,0.9520833333333333
2012-11-02 00:00:00+00:00,2477.44954182,0.91875
2012-11-03 00:00:00+00:00,1572.81466123,0.9444444444444444
2012-11-04 00:00:00+00:00,2010.40623271,0.9576388888888889
2012-11-05 00:00:00+00:00,5531.261206419999,0.9472222222222222
2012-11-06 00:00:00+00:00,3348.91281134,0.9381944444444444
2012-11-07 00:00:00+00:00,4027.9994833,0.9020833333333333
2012-11-08 00:00:00+00:00,2930.3994993,0.9298611111111111
2012-11-09 00:00:00+00:00,2342.58038373,0.9631944444444445
2012-11-10 00:00:00+00:00,1074.44382044,0.975
2012-11-11 00:00:00+00:00,650.67843328,0.9777777777777777
2012-11-12 00:00:00+00:00,1146.3177332,0.9548611111111112
2012-11-13 00:00:00+00:00,2565.61377888,0.9506944444444444
2012-11-14 00:00:00+00:00,1294.56300651,0.9659722222222222
2012-11-15 00:00:00+00:00,2452.65680751,0.9472222222222222
2012-11-16 00:00:00+00:00,7094.45117038,0.9256944444444445
2012-11-17 00:00:00+00:00,795.35041288,0.9777777777777777
2012-11-18 00:00:00+00:00,1033.46070105,0.9680555555555556
2012-11-19 00:00:00+00:00,4206.61783947,0.9333333333333333
2012-11-20 00:00:00+00:00,2524.49574606,0.94375
2012-11-21 00:00:00+00:00,3449.3800311,0.9534722222222223
2012-11-22 00:00:00+00:00,10030.59751843,0.9215277777777777
2012-11-23 00:00:00+00:00,2085.93949655,0.95625
2012-11-24 00:00:00+00:00,1378.94883856,0.9652777777777778
2012-11-25 00:00:00+00:00,1110.26121167,0.9666666666666667
2012-11-26 00:00:00+00:00,4569.27484855,0.9444444444444444
2012-11-27 00:00:00+00:00,3692.25210948,0.9458333333333333
2012-11-28 00:00:00+00:00,4332.17242762,0.9493055555555555
2012-11-29 00:00:00+00:00,3553.57577684,0.9548611111111112
2012-11-30 00:00:00+00:00,3472.32663909,0.9597222222222223
2012-12-01 00:00:00+00:00,2513.84899834,0.9756944444444444
2012-12-02 00:00:00+00:00,1741.38980028,0.9631944444444445
2012-12-03 00:00:00+00:00,5124.74579588,0.9430555555555555
2012-12-04 00:00:00+00:00,5524.27022114,0.9138888888888889
2012-12-05 00:00:00+00:00,3202.16066697,0.9375
2012-12-06 00:00:00+00:00,4479.8787206,0.9125
2012-12-07 00:00:00+00:00,3494.46597785,0.9347222222222222
2012-12-08 00:00:00+00:00,509.44467265,0.9854166666666667
2012-12-09 00:00:00+00:00,1187.24480088,0.9666666666666667
2012-12-10 00:00:00+00:00,6444.03315201,0.9506944444444444
2012-12-11 00:00:00+00:00,2641.35197436,0.9513888888888888
2012-12-12 00:00:00+00:00,3925.65665283,0.9479166666666666
2012-12-13 00:00:00+00:00,5259.54363934,0.9298611111111111
2012-12-14 00:00:00+00:00,5949.65698329,0.9354166666666667
2012-12-15 00:00:00+00:00,1531.92100659,0.9763888888888889
2012-12-16 00:00:00+00:00,1217.80887677,0.9833333333333333
2012-12-17 00:00:00+00:00,5313.36578294,0.9340277777777778
2012-12-18 00:00:00+00:00,5416.93282338,0.9298611111111111
2012-12-19 00:00:00+00:00,4893.71657021,0.9256944444444445
2012-12-20 00:00:00+00:00,1866.13166051,0.9576388888888889
2012-12-21 00:00:00+00:00,2559.57635586,0.9645833333333333
2012-12-22 00:00:00+00:00,870.39564745,0.9701388888888889
2012-12-23 00:00:00+00:00,518.01209598,0.9770833333333333
2012-12-24 00:00:00+00:00,1511.90177224,0.9666666666666667
2012-12-25 00:00:00+00:00,1136.04126972,0.975
2012-12-26 00:00:00+00:00,2247.7983618,0.9722222222222222
2012-12-27 00:00:00+00:00,3347.61148062,0.9486111111111111
2012-12-28 00:00:00+00:00,4176.8818021,0.9444444444444444
2012-12-29 00:00:00+00:00,274.78659657,0.9881944444444445
2012-12-30 00:00:00+00:00,1020.8902326799999,0.975
2012-12-31 00:00:00+00:00,1641.78561179,0.95625
2013-01-01 00:00:00+00:00,2116.9294086200002,0.9743055555555555
2013-01-02 00:00:00+00:00,1840.84872373,0.9645833333333333
2013-01-03 00:00:00+00:00,3320.9720537,0.9458333333333333
2013-01-04 00:00:00+00:00,2700.25350741,0.9486111111111111
2013-01-05 00:00:00+00:00,1463.53584867,0.9715277777777778
2013-01-06 00:00:00+00:00,453.5630895,0.9791666666666666
2013-01-07 00:00:00+00:00,3935.24845698,0.9645833333333333
2013-01-08 00:00:00+00:00,6086.27515492,0.9388888888888889
2013-01-09 00:00:00+00:00,4640.26739318,0.925
2013-01-10 00:00:00+00:00,3719.44737915,0.9333333333333333
2013-01-11 00:00:00+00:00,2405.62603846,0.9458333333333333
2013-01-12 00:00:00+00:00,2245.5631997,0.9673611111111111
2013-01-13 00:00:00+00:00,1578.50971345,0.9631944444444445
2013-01-14 00:00:00+00:00,4314.60459809,0.9555555555555556
2013-01-15 00:00:00+00:00,4961.37905221,0.925
2013-01-16 00:00:00+00:00,5436.22875828,0.9340277777777778
2013-01-17 00:00:00+00:00,5227.75642184,0.9326388888888889
2013-01-18 00:00:00+00:00,6749.5256782,0.94375
2013-01-19 00:00:00+00:00,1993.54022684,0.9673611111111111
2013-01-20 00:00:00+00:00,1427.76747178,0.9673611111111111
2013-01-21 00:00:00+00:00,5634.62820353,0.8972222222222223
2013-01-22 00:00:00+00:00,3827.75700027,0.9166666666666666
2013-01-23 00:00:00+00:00,4853.15538002,0.9340277777777778
2013-01-24 00:00:00+00:00,14880.17041128,0.8381944444444445
2013-01-25 00:00:00+00:00,5131.56268928,0.9006944444444445
2013-01-26 00:00:00+00:00,2485.89670409,0.9395833333333333
2013-01-27 00:00:00+00:00,2589.57418764,0.9625
2013-01-28 00:00:00+00:00,5344.51893733,0.9243055555555556
2013-01-29 00:00:00+00:00,4541.64000435,0.8881944444444444
2013-01-30 00:00:00+00:00,2557.50773646,0.9361111111111111
2013-01-31 00:00:00+00:00,5738.86115204,0.91875
2013-02-01 00:00:00+00:00,3503.83130961,0.9319444444444445
2013-02-02 00:00:00+00:00,4786.977974,0.9354166666666667
2013-02-03 00:00:00+00:00,2479.42164405,0.9513888888888888
2013-02-04 00:00:00+00:00,4506.95113427,0.9138888888888889
2013-02-05 00:00:00+00:00,3193.30770398,0.9243055555555556
2013-02-06 00:00:00+00:00,3424.26001089,0.9486111111111111
2013-02-07 00:00:00+00:00,6307.5765625700005,0.9208333333333333
2013-02-08 00:00:00+00:00,2801.66595389,0.9347222222222222
2013-02-09 00:00:00+00:00,2134.0789741,0.9465277777777777
2013-02-10 00:00:00+00:00,2194.81136293,0.9506944444444444
2013-02-11 00:00:00+00:00,2978.34729807,0.9347222222222222
2013-02-12 00:00:00+00:00,8534.23395403,0.8659722222222223
2013-02-13 00:00:00+00:00,3983.63915336,0.9041666666666667
2013-02-14 00:00:00+00:00,12042.50498387,0.8472222222222222
2013-02-15 00:00:00+00:00,3145.14317345,0.9111111111111111
2013-02-16 00:00:00+00:00,2782.38948658,0.9020833333333333
2013-02-17 00:00:00+00:00,7942.00011199,0.8888888888888888
2013-02-18 00:00:00+00:00,3103.54193597,0.9055555555555556
2013-02-19 00:00:00+00:00,9541.05177226,0.8569444444444444
2013-02-20 00:00:00+00:00,3832.39322315,0.8875
2013-02-21 00:00:00+00:00,3576.1120243,0.91875
2013-02-22 00:00:00+00:00,6182.20227366,0.8423611111111111
2013-02-23 00:00:00+00:00,3865.84825949,0.8736111111111111
2013-02-24 00:00:00+00:00,1590.77752019,0.9104166666666667
2013-02-25 00:00:00+00:00,1564.84867774,0.93125
2013-02-26 00:00:00+00:00,5071.90174369,0.8652777777777778
2013-02-27 00:00:00+00:00,3168.54441515,0.8861111111111111
2013-02-28 00:00:00+00:00,6726.87432506,0.7701388888888889
2013-03-01 00:00:00+00:00,3666.42582921,0.8743055555555556
2013-03-02 00:00:00+00:00,2128.57214025,0.9305555555555556
2013-03-03 00:00:00+00:00,1136.6260825900001,0.9354166666666667
2013-03-04 00:00:00+00:00,6165.24472089,0.8583333333333333
2013-03-05 00:00:00+00:00,6476.1922097199995,0.7805555555555556
2013-03-06 00:00:00+00:00,10298.43893055,0.6694444444444444
2013-03-07 00:00:00+00:00,16259.06198022,0.6722222222222223
2013-03-08 00:00:00+00:00,4388.75944645,0.8430555555555556
2013-03-09 00:00:00+00:00,3829.2199598,0.8583333333333333
2013-03-10 00:00:00+00:00,1252.09771351,0.9131944444444444
2013-03-11 00:00:00+00:00,3400.7859461,0.8548611111111111
2013-03-12 00:00:00+00:00,11195.69562451,0.6409722222222223
2013-03-13 00:00:00+00:00,3290.23440492,0.8368055555555556
2013-03-14 00:00:00+00:00,3527.68709124,0.8215277777777777
2013-03-15 00:00:00+00:00,1063.76443798,0.9125
2013-03-16 00:00:00+00:00,909.75563433,0.9166666666666666
2013-03-17 00:00:00+00:00,1102.96029809,0.9236111111111112
2013-03-18 00:00:00+00:00,5924.10302677,0.8652777777777778
2013-03-19 00:00:00+00:00,9303.93790035,0.7138888888888889
2013-03-20 00:00:00+00:00,8546.00680193,0.6944444444444444
2013-03-21 00:00:00+00:00,9864.56711014,0.6784722222222223
2013-03-22 00:00:00+00:00,5462.69655236,0.7472222222222222
2013-03-23 00:00:00+00:00,13092.94728399,0.6972222222222222
2013-03-24 00:00:00+00:00,3627.6948039500003,0.8326388888888889
2013-03-25 00:00:00+00:00,8198.25231403,0.8055555555555556
2013-03-26 00:00:00+00:00,6748.3811185,0.7201388888888889
2013-03-27 00:00:00+00:00,6073.07958286,0.6958333333333333
2013-03-28 00:00:00+00:00,9823.47335779,0.6527777777777778
2013-03-29 00:00:00+00:00,6658.41693742,0.7631944444444444
2013-03-30 00:00:00+00:00,1799.52075455,0.8923611111111112
2013-03-31 00:00:00+00:00,2003.81769842,0.8694444444444445
2013-04-01 00:00:00+00:00,6540.7052677,0.7354166666666667
2013-04-02 00:00:00+00:00,6441.03900269,0.6604166666666667
2013-04-03 00:00:00+00:00,15003.948503650001,0.3923611111111111
2013-04-04 00:00:00+00:00,7265.27300112,0.5493055555555556
2013-04-05 00:00:00+00:00,7560.20101911,0.6236111111111111
2013-04-06 00:00:00+00:00,3504.27395363,0.7722222222222223
2013-04-07 00:00:00+00:00,6737.21244685,0.6701388888888888
2013-04-08 00:00:00+00:00,13411.06323591,0.48680555555555555
2013-04-09 00:00:00+00:00,11211.78878477,0.5263888888888889
2013-04-10 00:00:00+00:00,20889.47079028,0.4083333333333333
2013-04-11 00:00:00+00:00,37205.88492273,0.36875
2013-04-12 00:00:00+00:00,29095.90818647,0.3145833333333333
2013-04-13 00:00:00+00:00,16830.84314245,0.37916666666666665
2013-04-14 00:00:00+00:00,5777.57333124,0.5680555555555555
2013-04-15 00:00:00+00:00,19578.12871598,0.41805555555555557
2013-04-16 00:00:00+00:00,35706.58629386,0.30277777777777776
2013-04-17 00:00:00+00:00,30854.42411947,0.3125
2013-04-18 00:00:00+00:00,16527.45971668,0.49444444444444446
2013-04-19 00:00:00+00:00,25498.95204842,0.33541666666666664
2013-04-20 00:00:00+00:00,7474.81424834,0.5402777777777777
2013-04-21 00:00:00+00:00,17188.09077106,0.46041666666666664
2013-04-22 00:00:00+00:00,6675.54945823,0.6458333333333334
2013-04-23 00:00:00+00:00,13391.87055752,0.48194444444444445
2013-04-24 00:00:00+00:00,21232.85034477,0.3333333333333333
2013-04-25 00:00:00+00:00,16566.09169458,0.44513888888888886
2013-04-26 00:00:00+00:00,10688.92108773,0.37569444444444444
2013-04-27 00:00:00+00:00,6686.07508764,0.50625
2013-04-28 00:00:00+00:00,5136.5255006,0.49375
2013-04-29 00:00:00+00:00,10485.46213504,0.46875
2013-04-30 00:00:00+00:00,8465.29718136,0.4666666666666667
2013-05-01 00:00:00+00:00,21104.902129950002,0.3104166666666667
2013-05-02 00:00:00+00:00,21725.133598,0.24791666666666667
2013-05-03 00:00:00+00:00,26863.56444609,0.23472222222222222
2013-05-04 00:00:00+00:00,15910.12807666,0.3055555555555556
2013-05-05 00:00:00+00:00,9033.94177783,0.3486111111111111
2013-05-06 00:00:00+00:00,17251.55561438,0.2826388888888889
2013-05-07 00:00:00+00:00,14941.55263514,0.3277777777777778
2013-05-08 00:00:00+00:00,8261.64064249,0.3423611111111111
2013-05-09 00:00:00+00:00,6725.70842693,0.4986111111111111
2013-05-10 00:00:00+00:00,10480.13511879,0.4548611111111111
2013-05-11 00:00:00+00:00,4692.10496687,0.5055555555555555
2013-05-12 00:00:00+00:00,3366.70303467,0.6215277777777778
2013-05-13 00:00:00+00:00,3412.04123442,0.6597222222222222
2013-05-14 00:00:00+00:00,12120.00783896,0.5027777777777778
2013-05-15 00:00:00+00:00,10914.51829481,0.3611111111111111
2013-05-16 00:00:00+00:00,7515.76166257,0.5361111111111111
2013-05-17 00:00:00+00:00,9721.36089521,0.4986111111111111
2013-05-18 00:00:00+00:00,3906.23090184,0.5861111111111111
2013-05-19 00:00:00+00:00,4800.36143192,0.5986111111111111
2013-05-20 00:00:00+00:00,4541.30988594,0.5861111111111111
2013-05-21 00:00:00+00:00,3656.2547232,0.6743055555555556
2013-05-22 00:00:00+00:00,7275.60471178,0.6763888888888889
2013-05-23 00:00:00+00:00,10212.79546118,0.4826388888888889
2013-05-24 00:00:00+00:00,13193.58203434,0.4388888888888889
2013-05-25 00:00:00+00:00,5146.70519875,0.38125
2013-05-26 00:00:00+00:00,3916.06467515,0.5284722222222222
2013-05-27 00:00:00+00:00,7413.81180566,0.5006944444444444
2013-05-28 00:00:00+00:00,6072.75780468,0.5277777777777778
2013-05-29 00:00:00+00:00,9946.83923725,0.5
2013-05-30 00:00:00+00:00,9432.35613171,0.41458333333333336
2013-05-31 00:00:00+00:00,5633.94849614,0.5326388888888889
2013-06-01 00:00:00+00:00,3406.48517336,0.4111111111111111
2013-06-02 00:00:00+00:00,15138.12901202,0.4284722222222222
2013-06-03 00:00:00+00:00,8850.29223011,0.46041666666666664
2013-06-04 00:00:00+00:00,7975.85871798,0.3798611111111111
2013-06-05 00:00:00+00:00,4733.0269489600005,0.6111111111111112
2013-06-06 00:00:00+00:00,4936.97817062,0.6291666666666667
2013-06-07 00:00:00+00:00,18261.47609584,0.33055555555555555
2013-06-08 00:00:00+00:00,5055.00711397,0.5548611111111111
2013-06-09 00:00:00+00:00,30734.49888577,0.25416666666666665
2013-06-10 00:00:00+00:00,13536.55840755,0.24722222222222223
2013-06-11 00:00:00+00:00,5234.35334037,0.5944444444444444
2013-06-12 00:00:00+00:00,7612.62055255,0.5715277777777777
2013-06-13 00:00:00+00:00,8047.28050101,0.6263888888888889
2013-06-14 00:00:00+00:00,10698.4120069,0.3458333333333333
2013-06-15 00:00:00+00:00,4243.40771805,0.6555555555555556
2013-06-16 00:00:00+00:00,3089.73462791,0.7763888888888889
2013-06-17 00:00:00+00:00,4785.76602027,0.5777777777777777
2013-06-18 00:00:00+00:00,10874.74329689,0.48194444444444445
2013-06-19 00:00:00+00:00,5483.53573255,0.6090277777777777
2013-06-20 00:00:00+00:00,9088.52547567,0.6479166666666667
2013-06-21 00:00:00+00:00,12331.66300099,0.33611111111111114
2013-06-22 00:00:00+00:00,3350.32557131,0.4215277777777778
2013-06-23 00:00:00+00:00,1977.39270619,0.7222222222222222
2013-06-24 00:00:00+00:00,9702.68839049,0.5819444444444445
2013-06-25 00:00:00+00:00,5294.05179614,0.6277777777777778
2013-06-26 00:00:00+00:00,4940.40777894,0.6375
2013-06-27 00:00:00+00:00,4937.41675442,0.7270833333333333
2013-06-28 00:00:00+00:00,18557.52900345,0.4534722222222222
2013-06-29 00:00:00+00:00,4373.62440255,0.6368055555555555
2013-06-30 00:00:00+00:00,2390.67441288,0.7784722222222222
2013-07-01 00:00:00+00:00,20854.46869197,0.5277777777777778
2013-07-02 00:00:00+00:00,12666.39148742,0.49166666666666664
2013-07-03 00:00:00+00:00,20740.88552523,0.38125
2013-07-04 00:00:00+00:00,21957.43214384,0.40208333333333335
2013-07-05 00:00:00+00:00,32935.36592906,0.46458333333333335
2013-07-06 00:00:00+00:00,17245.95828177,0.4652777777777778
2013-07-07 00:00:00+00:00,6858.52231849,0.64375
2013-07-08 00:00:00+00:00,18669.57799992,0.4354166666666667
2013-07-09 00:00:00+00:00,15908.99990621,0.5361111111111111
2013-07-10 00:00:00+00:00,27275.18412986,0.5118055555555555
2013-07-11 00:00:00+00:00,17311.05698299,0.46805555555555556
2013-07-12 00:00:00+00:00,32060.82985282,0.2763888888888889
2013-07-13 00:00:00+00:00,6004.55580528,0.4340277777777778
2013-07-14 00:00:00+00:00,5202.94162176,0.5194444444444445
2013-07-15 00:00:00+00:00,13030.66102004,0.4444444444444444
2013-07-16 00:00:00+00:00,9285.47354955,0.46805555555555556
2013-07-17 00:00:00+00:00,7404.86645917,0.5006944444444444
2013-07-18 00:00:00+00:00,21446.66606845,0.45555555555555555
2013-07-19 00:00:00+00:00,8689.960752,0.5861111111111111
2013-07-20 00:00:00+00:00,4451.4748679,0.6243055555555556
2013-07-21 00:00:00+00:00,2907.86221135,0.6534722222222222
2013-07-22 00:00:00+00:00,8294.01816821,0.61875
2013-07-23 00:00:00+00:00,13038.50130799,0.475
2013-07-24 00:00:00+00:00,9276.4211009,0.47847222222222224
2013-07-25 00:00:00+00:00,10416.8800968,0.48819444444444443
2013-07-26 00:00:00+00:00,6500.58440396,0.5263888888888889
2013-07-27 00:00:00+00:00,3489.15396964,0.6826388888888889
2013-07-28 00:00:00+00:00,7294.35296151,0.6701388888888888
2013-07-29 00:00:00+00:00,10250.84060044,0.6458333333333334
2013-07-30 00:00:00+00:00,11695.36756812,0.6416666666666667
2013-07-31 00:00:00+00:00,17025.38437411,0.5423611111111111
2013-08-01 00:00:00+00:00,7832.16050467,0.5333333333333333
2013-08-02 00:00:00+00:00,15553.07296963,0.44166666666666665
2013-08-03 00:00:00+00:00,4499.94672997,0.6298611111111111
2013-08-04 00:00:00+00:00,3019.67129901,0.6972222222222222
2013-08-05 00:00:00+00:00,11003.41353294,0.6833333333333333
2013-08-06 00:00:00+00:00,9248.61209517,0.63125
2013-08-07 00:00:00+00:00,7127.85555164,0.5027777777777778
2013-08-08 00:00:00+00:00,14017.03265768,0.43680555555555556
2013-08-09 00:00:00+00:00,12311.24302657,0.4548611111111111
2013-08-10 00:00:00+00:00,3115.45505946,0.7590277777777777
2013-08-11 00:00:00+00:00,1863.55256347,0.8041666666666667
2013-08-12 00:00:00+00:00,7203.7336517,0.7090277777777778
2013-08-13 00:00:00+00:00,12840.28503739,0.5333333333333333
2013-08-14 00:00:00+00:00,17997.71861974,0.46875
2013-08-15 00:00:00+00:00,9533.324150370001,0.6486111111111111
2013-08-16 00:00:00+00:00,9306.11308233,0.6680555555555555
2013-08-17 00:00:00+00:00,5533.56584068,0.7527777777777778
2013-08-18 00:00:00+00:00,2757.60749158,0.8055555555555556
2013-08-19 00:00:00+00:00,20223.50852434,0.5479166666666667
2013-08-20 00:00:00+00:00,11512.55473348,0.5784722222222223
2013-08-21 00:00:00+00:00,23925.71807899,0.47430555555555554
2013-08-22 00:00:00+00:00,12231.93171666,0.525
2013-08-23 00:00:00+00:00,9469.67629666,0.5680555555555555
2013-08-24 00:00:00+00:00,4332.68697991,0.6756944444444445
2013-08-25 00:00:00+00:00,9343.16273408,0.6625
2013-08-26 00:00:00+00:00,10842.80342417,0.6076388888888888
2013-08-27 00:00:00+00:00,18924.73961221,0.48055555555555557
2013-08-28 00:00:00+00:00,10195.73119445,0.5430555555555555
2013-08-29 00:00:00+00:00,9789.33885357,0.6576388888888889
2013-08-30 00:00:00+00:00,17374.35799114,0.5701388888888889
2013-08-31 00:00:00+00:00,19981.34364226,0.4027777777777778
2013-09-01 00:00:00+00:00,8021.56323583,0.44583333333333336
2013-09-02 00:00:00+00:00,8939.39980324,0.5479166666666667
2013-09-03 00:00:00+00:00,11994.57661966,0.4909722222222222
2013-09-04 00:00:00+00:00,18821.05012844,0.5069444444444444
2013-09-05 00:00:00+00:00,19236.83229587,0.38333333333333336
2013-09-06 00:00:00+00:00,19391.20825469,0.42777777777777776
2013-09-07 00:00:00+00:00,9676.9974976,0.6006944444444444
2013-09-08 00:00:00+00:00,5458.68589096,0.7090277777777778
2013-09-09 00:00:00+00:00,21345.72633658,0.5083333333333333
2013-09-10 00:00:00+00:00,11319.88974811,0.5270833333333333
2013-09-11 00:00:00+00:00,18550.2138604,0.4875
2013-09-12 00:00:00+00:00,13856.21063312,0.5006944444444444
2013-09-13 00:00:00+00:00,9309.9491962,0.5527777777777778
2013-09-14 00:00:00+00:00,8711.86383564,0.5979166666666667
2013-09-15 00:00:00+00:00,5360.8824298,0.6944444444444444
2013-09-16 00:00:00+00:00,7602.34785199,0.66875
2013-09-17 00:00:00+00:00,8852.61357182,0.5798611111111112
2013-09-18 00:00:00+00:00,13495.71105357,0.5506944444444445
2013-09-19 00:00:00+00:00,10236.24813846,0.5020833333333333
2013-09-20 00:00:00+00:00,10505.08009305,0.5604166666666667
2013-09-21 00:00:00+00:00,4154.19202354,0.6284722222222222
2013-09-22 00:00:00+00:00,2882.09130233,0.6569444444444444
2013-09-23 00:00:00+00:00,7736.9339578,0.5590277777777778
2013-09-24 00:00:00+00:00,10183.16714023,0.6069444444444444
2013-09-25 00:00:00+00:00,8053.1844009199995,0.6
2013-09-26 00:00:00+00:00,7784.8432092699995,0.6256944444444444
2013-09-27 00:00:00+00:00,12117.32341602,0.56875
2013-09-28 00:00:00+00:00,6320.25836432,0.7111111111111111
2013-09-29 00:00:00+00:00,6745.39450444,0.6694444444444444
2013-09-30 00:00:00+00:00,11530.52471883,0.6159722222222223
2013-10-01 00:00:00+00:00,7513.8349608,0.5388888888888889
2013-10-02 00:00:00+00:00,60639.38898698,0.4027777777777778
2013-10-03 00:00:00+00:00,26112.7638711,0.4409722222222222
2013-10-04 00:00:00+00:00,13194.57595434,0.6173611111111111
2013-10-05 00:00:00+00:00,2942.63601131,0.7354166666666667
2013-10-06 00:00:00+00:00,3926.3413189,0.6541666666666667
2013-10-07 00:00:00+00:00,11885.13460018,0.5277777777777778
2013-10-08 00:00:00+00:00,13183.37384894,0.46944444444444444
2013-10-09 00:00:00+00:00,18933.76126312,0.4513888888888889
2013-10-10 00:00:00+00:00,11382.14626947,0.6180555555555556
2013-10-11 00:00:00+00:00,7866.70490823,0.6715277777777777
2013-10-12 00:00:00+00:00,7571.27286324,0.6770833333333334
2013-10-13 00:00:00+00:00,12574.14780981,0.48333333333333334
2013-10-14 00:00:00+00:00,21256.28057191,0.4270833333333333
2013-10-15 00:00:00+00:00,22232.07911256,0.41875
2013-10-16 00:00:00+00:00,26332.89631674,0.3159722222222222
2013-10-17 00:00:00+00:00,16767.05247967,0.43472222222222223
2013-10-18 00:00:00+00:00,23007.23097591,0.47708333333333336
2013-10-19 00:00:00+00:00,37966.98264041,0.3375
2013-10-20 00:00:00+00:00,5667.34588161,0.5298611111111111
2013-10-21 00:00:00+00:00,33107.72111019,0.4
2013-10-22 00:00:00+00:00,41865.06715467,0.3902777777777778
2013-10-23 00:00:00+00:00,24326.01475489,0.4409722222222222
2013-10-24 00:00:00+00:00,55593.92700629,0.3090277777777778
2013-10-25 00:00:00+00:00,32779.54290704,0.3326388888888889
2013-10-26 00:00:00+00:00,9644.32071899,0.5388888888888889
2013-10-27 00:00:00+00:00,10095.56583408,0.7006944444444444
2013-10-28 00:00:00+00:00,12248.66455971,0.5527777777777778
2013-10-29 00:00:00+00:00,16744.50649074,0.56875
2013-10-30 00:00:00+00:00,25494.14807001,0.44722222222222224
2013-10-31 00:00:00+00:00,13741.49074655,0.49236111111111114
2013-11-01 00:00:00+00:00,4962.80900171,0.46875
2013-11-02 00:00:00+00:00,6600.0982594,0.5069444444444444
2013-11-03 00:00:00+00:00,11227.96295973,0.5763888888888888
2013-11-04 00:00:00+00:00,28261.78814843,0.36736111111111114
2013-11-05 00:00:00+00:00,42583.7008287,0.32013888888888886
2013-11-06 00:00:00+00:00,40026.70686769,0.27569444444444446
2013-11-07 00:00:00+00:00,49703.85180124,0.23472222222222222
2013-11-08 00:00:00+00:00,40186.15864335,0.2708333333333333
2013-11-09 00:00:00+00:00,44361.21177945,0.22013888888888888
2013-11-10 00:00:00+00:00,67237.40748143,0.16944444444444445
2013-11-11 00:00:00+00:00,26943.37824394,0.28055555555555556
2013-11-12 00:00:00+00:00,19748.2815018,0.3333333333333333
2013-11-13 00:00:00+00:00,38689.80193194,0.31805555555555554
2013-11-14 00:00:00+00:00,31638.477442800002,0.24027777777777778
2013-11-15 00:00:00+00:00,32323.20623812,0.28888888888888886
2013-11-16 00:00:00+00:00,17983.46003914,0.3659722222222222
2013-11-17 00:00:00+00:00,25991.59517426,0.2777777777777778
2013-11-18 00:00:00+00:00,57089.07895381,0.2111111111111111
2013-11-19 00:00:00+00:00,71560.94596711,0.22430555555555556
2013-11-20 00:00:00+00:00,57711.50722124,0.22152777777777777
2013-11-21 00:00:00+00:00,30720.73129411,0.21944444444444444
2013-11-22 00:00:00+00:00,25125.12846391,0.2604166666666667
2013-11-23 00:00:00+00:00,20338.86461312,0.26319444444444445
2013-11-24 00:00:00+00:00,20130.68748874,0.23819444444444443
2013-11-25 00:00:00+00:00,23042.05232527,0.24375
2013-11-26 00:00:00+00:00,29793.02508816,0.26319444444444445
2013-11-27 00:00:00+00:00,30325.52974397,0.22152777777777777
2013-11-28 00:00:00+00:00,36898.59364552,0.24583333333333332
2013-11-29 00:00:00+00:00,21873.31334686,0.22916666666666666
2013-11-30 00:00:00+00:00,12907.55909135,0.2673611111111111
2013-12-01 00:00:00+00:00,61544.38082098,0.18055555555555555
2013-12-02 00:00:00+00:00,31516.72530827,0.18819444444444444
2013-12-03 00:00:00+00:00,12567.59167863,0.3145833333333333
2013-12-04 00:00:00+00:00,14433.50978208,0.3284722222222222
2013-12-05 00:00:00+00:00,55262.65698958,0.24861111111111112
2013-12-06 00:00:00+00:00,52688.66174422,0.20347222222222222
2013-12-07 00:00:00+00:00,79852.423783,0.11388888888888889
2013-12-08 00:00:00+00:00,27465.08270962,0.19722222222222222
2013-12-09 00:00:00+00:00,28510.03873043,0.1763888888888889
2013-12-10 00:00:00+00:00,22694.67993333,0.2520833333333333
2013-12-11 00:00:00+00:00,31708.38203134,0.22916666666666666
2013-12-12 00:00:00+00:00,13973.52413434,0.27708333333333335
2013-12-13 00:00:00+00:00,14766.95107866,0.2569444444444444
2013-12-14 00:00:00+00:00,7426.55203462,0.4388888888888889
2013-12-15 00:00:00+00:00,11638.00040701,0.36666666666666664
2013-12-16 00:00:00+00:00,58806.70410398,0.22708333333333333
2013-12-17 00:00:00+00:00,43034.02835938,0.14375
2013-12-18 00:00:00+00:00,137070.17833806,0.11180555555555556
2013-12-19 00:00:00+00:00,56734.10927258,0.13680555555555557
2013-12-20 00:00:00+00:00,40959.74061978,0.18055555555555555
2013-12-21 00:00:00+00:00,19218.17096328,0.22430555555555556
2013-12-22 00:00:00+00:00,17673.2339864,0.25625
2013-12-23 00:00:00+00:00,13100.16416543,0.3541666666666667
2013-12-24 00:00:00+00:00,12795.80403043,0.36875
2013-12-25 00:00:00+00:00,6653.00965075,0.46458333333333335
2013-12-26 00:00:00+00:00,28028.638357840002,0.2013888888888889
2013-12-27 00:00:00+00:00,16261.66282726,0.22847222222222222
2013-12-28 00:00:00+00:00,13385.190853170001,0.3298611111111111
2013-12-29 00:00:00+00:00,8121.30581786,0.4986111111111111
2013-12-30 00:00:00+00:00,6600.2391558,0.4027777777777778
2013-12-31 00:00:00+00:00,7919.32033024,0.43333333333333335
2014-01-01 00:00:00+00:00,7907.63786208,0.5229166666666667
2014-01-02 00:00:00+00:00,15134.16900738,0.35555555555555557
2014-01-03 00:00:00+00:00,14860.26282816,0.31875
2014-01-04 00:00:00+00:00,10990.14294762,0.36736111111111114
2014-01-05 00:00:00+00:00,24075.9495964,0.2791666666666667
2014-01-06 00:00:00+00:00,25886.90639128,0.18819444444444444
2014-01-07 00:00:00+00:00,34063.52120798,0.1986111111111111
2014-01-08 00:00:00+00:00,26315.75852948,0.2
2014-01-09 00:00:00+00:00,25302.2442016,0.28888888888888886
2014-01-10 00:00:00+00:00,12846.16052006,0.3347222222222222
2014-01-11 00:00:00+00:00,16130.91651296,0.29375
2014-01-12 00:00:00+00:00,12189.17547898,0.32430555555555557
2014-01-13 00:00:00+00:00,19366.39159317,0.2798611111111111
2014-01-14 00:00:00+00:00,9729.54391417,0.3333333333333333
2014-01-15 00:00:00+00:00,12267.77449637,0.3659722222222222
2014-01-16 00:00:00+00:00,8215.45166349,0.37569444444444444
2014-01-17 00:00:00+00:00,17114.93953749,0.29375
2014-01-18 00:00:00+00:00,5486.84152085,0.4409722222222222
2014-01-19 00:00:00+00:00,8418.00804502,0.4798611111111111
2014-01-20 00:00:00+00:00,6968.15670477,0.37083333333333335
2014-01-21 00:00:00+00:00,7669.59937021,0.3590277777777778
2014-01-22 00:00:00+00:00,8309.09407494,0.4583333333333333
2014-01-23 00:00:00+00:00,7395.0094920599995,0.4701388888888889
2014-01-24 00:00:00+00:00,15775.20253781,0.2833333333333333
2014-01-25 00:00:00+00:00,8705.5640134,0.5333333333333333
2014-01-26 00:00:00+00:00,9704.13726187,0.4930555555555556
2014-01-27 00:00:00+00:00,25194.23662664,0.35625
2014-01-28 00:00:00+00:00,20042.81613687,0.22152777777777777
2014-01-29 00:00:00+00:00,7044.52156243,0.40069444444444446
2014-01-30 00:00:00+00:00,13125.54815594,0.35694444444444445
2014-01-31 00:00:00+00:00,7728.16005641,0.5340277777777778
2014-02-01 00:00:00+00:00,8296.06416747,0.5020833333333333
2014-02-02 00:00:00+00:00,4075.68246141,0.5715277777777777
2014-02-03 00:00:00+00:00,4931.83355028,0.5652777777777778
2014-02-04 00:00:00+00:00,7592.00316474,0.5631944444444444
2014-02-05 00:00:00+00:00,8479.502335610001,0.5666666666666667
2014-02-06 00:00:00+00:00,20652.60674868,0.33541666666666664
2014-02-07 00:00:00+00:00,66362.25784175,0.17847222222222223
2014-02-08 00:00:00+00:00,13501.11536102,0.35555555555555557
2014-02-09 00:00:00+00:00,15061.93270719,0.36875
2014-02-10 00:00:00+00:00,71860.53695222,0.23819444444444443
2014-02-11 00:00:00+00:00,40062.43735234,0.27708333333333335
2014-02-12 00:00:00+00:00,15511.78725823,0.4041666666666667
2014-02-13 00:00:00+00:00,28145.8136164,0.3215277777777778
2014-02-14 00:00:00+00:00,68378.14539627,0.15833333333333333
2014-02-15 00:00:00+00:00,20762.64009438,0.34652777777777777
2014-02-16 00:00:00+00:00,26397.57091925,0.3951388888888889
2014-02-17 00:00:00+00:00,19902.4393218,0.26875
2014-02-18 00:00:00+00:00,14833.93993495,0.2847222222222222
2014-02-19 00:00:00+00:00,11128.47837448,0.40208333333333335
2014-02-20 00:00:00+00:00,34966.69850131,0.23055555555555557
2014-02-21 00:00:00+00:00,29612.93711462,0.1736111111111111
2014-02-22 00:00:00+00:00,18076.09102116,0.3333333333333333
2014-02-23 00:00:00+00:00,20868.15490482,0.3298611111111111
2014-02-24 00:00:00+00:00,51840.81217712,0.26944444444444443
2014-02-25 00:00:00+00:00,115761.98662156,0.11666666666666667
2014-02-26 00:00:00+00:00,49110.90216434,0.1798611111111111
2014-02-27 00:00:00+00:00,17048.07050459,0.31805555555555554
2014-02-28 00:00:00+00:00,22634.32498739,0.2923611111111111
2014-03-01 00:00:00+00:00,14303.9416427,0.4270833333333333
2014-03-02 00:00:00+00:00,6437.39852141,0.5694444444444444
2014-03-03 00:00:00+00:00,64914.82037014,0.25555555555555554
2014-03-04 00:00:00+00:00,28031.31700336,0.21875
2014-03-05 00:00:00+00:00,12719.614182,0.3076388888888889
2014-03-06 00:00:00+00:00,10404.69739337,0.38680555555555557
2014-03-07 00:00:00+00:00,21449.42620587,0.3125
2014-03-08 00:00:00+00:00,9699.02131269,0.35694444444444445
2014-03-09 00:00:00+00:00,9121.47474745,0.4909722222222222
2014-03-10 00:00:00+00:00,13350.32162609,0.3861111111111111
2014-03-11 00:00:00+00:00,9166.62008516,0.45069444444444445
2014-03-12 00:00:00+00:00,12741.36127291,0.4111111111111111
2014-03-13 00:00:00+00:00,6728.15269572,0.4861111111111111
2014-03-14 00:00:00+00:00,8676.83483514,0.43125
2014-03-15 00:00:00+00:00,2202.21801447,0.6034722222222222
2014-03-16 00:00:00+00:00,3296.50753371,0.6194444444444445
2014-03-17 00:00:00+00:00,9165.08796086,0.4618055555555556
2014-03-18 00:00:00+00:00,14907.79764662,0.36666666666666664
2014-03-19 00:00:00+00:00,7079.91716071,0.4215277777777778
2014-03-20 00:00:00+00:00,10906.66527996,0.37430555555555556
2014-03-21 00:00:00+00:00,22418.17284294,0.3416666666666667
2014-03-22 00:00:00+00:00,13614.29823426,0.35
2014-03-23 00:00:00+00:00,6098.75124042,0.3590277777777778
2014-03-24 00:00:00+00:00,13674.05994214,0.37222222222222223
2014-03-25 00:00:00+00:00,8107.38220171,0.44166666666666665
2014-03-26 00:00:00+00:00,10310.36256376,0.4236111111111111
2014-03-27 00:00:00+00:00,49205.95632382,0.20069444444444445
2014-03-28 00:00:00+00:00,34960.0555779,0.20347222222222222
2014-03-29 00:00:00+00:00,7446.55826452,0.3680555555555556
2014-03-30 00:00:00+00:00,31437.04543486,0.20694444444444443
2014-03-31 00:00:00+00:00,20986.65095993,0.23680555555555555
2014-04-01 00:00:00+00:00,22904.80786015,0.22916666666666666
2014-04-02 00:00:00+00:00,34478.66605231,0.28541666666666665
2014-04-03 00:00:00+00:00,26944.97730513,0.2625
2014-04-04 00:00:00+00:00,15699.31017002,0.4076388888888889
2014-04-05 00:00:00+00:00,6467.31793588,0.5263888888888889
2014-04-06 00:00:00+00:00,5283.84837762,0.5569444444444445
2014-04-07 00:00:00+00:00,7419.24793683,0.475
2014-04-08 00:00:00+00:00,5844.4224734,0.5597222222222222
2014-04-09 00:00:00+00:00,8006.6040704,0.5083333333333333
2014-04-10 00:00:00+00:00,49713.84445346,0.23472222222222222
2014-04-11 00:00:00+00:00,42124.74577436,0.19583333333333333
2014-04-12 00:00:00+00:00,10809.0520644,0.4777777777777778
2014-04-13 00:00:00+00:00,11017.88490469,0.5319444444444444
2014-04-14 00:00:00+00:00,33640.67485637,0.3145833333333333
2014-04-15 00:00:00+00:00,32622.07731475,0.33819444444444446
2014-04-16 00:00:00+00:00,30710.47011727,0.2965277777777778
2014-04-17 00:00:00+00:00,20052.70199809,0.32083333333333336
2014-04-18 00:00:00+00:00,11142.839766,0.4236111111111111
2014-04-19 00:00:00+00:00,10268.73294781,0.4895833333333333
2014-04-20 00:00:00+00:00,5798.58019722,0.5472222222222223
2014-04-21 00:00:00+00:00,8377.05680943,0.5326388888888889
2014-04-22 00:00:00+00:00,8521.46548043,0.4756944444444444
2014-04-23 00:00:00+00:00,5696.00906268,0.5243055555555556
2014-04-24 00:00:00+00:00,7952.77348869,0.5472222222222223
2014-04-25 00:00:00+00:00,33416.96300818,0.25069444444444444
2014-04-26 00:00:00+00:00,8812.12009945,0.5277777777777778
2014-04-27 00:00:00+00:00,9312.34600754,0.5534722222222223
2014-04-28 00:00:00+00:00,18282.9859723,0.2875
2014-04-29 00:00:00+00:00,13844.63506405,0.42083333333333334
2014-04-30 00:00:00+00:00,10757.36482184,0.46597222222222223
2014-05-01 00:00:00+00:00,9556.03788617,0.47847222222222224
2014-05-02 00:00:00+00:00,8269.89141728,0.4527777777777778
2014-05-03 00:00:00+00:00,7431.62647961,0.5395833333333333
2014-05-04 00:00:00+00:00,5154.40779439,0.5958333333333333
2014-05-05 00:00:00+00:00,8188.08279477,0.47847222222222224
2014-05-06 00:00:00+00:00,8041.19841525,0.41458333333333336
2014-05-07 00:00:00+00:00,13248.34902294,0.42569444444444443
2014-05-08 00:00:00+00:00,6326.64918367,0.5298611111111111
2014-05-09 00:00:00+00:00,8282.11115483,0.5652777777777778
2014-05-10 00:00:00+00:00,4130.38790298,0.6659722222222222
2014-05-11 00:00:00+00:00,8863.68574441,0.5041666666666667
2014-05-12 00:00:00+00:00,4582.44144849,0.5520833333333334
2014-05-13 00:00:00+00:00,5969.67167394,0.5326388888888889
2014-05-14 00:00:00+00:00,6398.98824957,0.44166666666666665
2014-05-15 00:00:00+00:00,5496.48180562,0.49583333333333335
2014-05-16 00:00:00+00:00,3667.08110965,0.6284722222222222
2014-05-17 00:00:00+00:00,2295.07351646,0.7458333333333333
2014-05-18 00:00:00+00:00,2498.74305537,0.6625
2014-05-19 00:00:00+00:00,4723.48939284,0.5
2014-05-20 00:00:00+00:00,28210.08506636,0.3402777777777778
2014-05-21 00:00:00+00:00,7111.8995869,0.4041666666666667
2014-05-22 00:00:00+00:00,17439.03492533,0.28402777777777777
2014-05-23 00:00:00+00:00,19619.562245869998,0.32083333333333336
2014-05-24 00:00:00+00:00,5528.52161577,0.5638888888888889
2014-05-25 00:00:00+00:00,19782.59517625,0.33541666666666664
2014-05-26 00:00:00+00:00,11633.71988586,0.425
2014-05-27 00:00:00+00:00,19805.25778576,0.3541666666666667
2014-05-28 00:00:00+00:00,8980.55145796,0.43125
2014-05-29 00:00:00+00:00,8110.31804184,0.5125
2014-05-30 00:00:00+00:00,22502.94353545,0.4270833333333333
2014-05-31 00:00:00+00:00,9696.70747452,0.48194444444444445
2014-06-01 00:00:00+00:00,24149.97945797,0.3527777777777778
2014-06-02 00:00:00+00:00,20087.27572293,0.35138888888888886
2014-06-03 00:00:00+00:00,13572.80908815,0.3194444444444444
2014-06-04 00:00:00+00:00,17375.56805213,0.3236111111111111
2014-06-05 00:00:00+00:00,10724.8128158,0.41597222222222224
2014-06-06 00:00:00+00:00,6452.18388554,0.4756944444444444
2014-06-07 00:00:00+00:00,5749.30472799,0.6527777777777778
2014-06-08 00:00:00+00:00,2600.8503958,0.6895833333333333
2014-06-09 00:00:00+00:00,6798.26691408,0.5020833333333333
2014-06-10 00:00:00+00:00,5909.59291707,0.4840277777777778
2014-06-11 00:00:00+00:00,10429.62396539,0.4444444444444444
2014-06-12 00:00:00+00:00,24822.48984168,0.3527777777777778
2014-06-13 00:00:00+00:00,18670.61329898,0.31805555555555554
2014-06-14 00:00:00+00:00,16567.97164988,0.45069444444444445
2014-06-15 00:00:00+00:00,8807.69919892,0.49027777777777776
2014-06-16 00:00:00+00:00,10767.8271681,0.3902777777777778
2014-06-17 00:00:00+00:00,6588.30888155,0.4583333333333333
2014-06-18 00:00:00+00:00,6744.90183982,0.49375
2014-06-19 00:00:00+00:00,4638.14295037,0.5368055555555555
2014-06-20 00:00:00+00:00,6709.97949424,0.5145833333333333
2014-06-21 00:00:00+00:00,2949.19025766,0.7215277777777778
2014-06-22 00:00:00+00:00,3856.98903213,0.6152777777777778
2014-06-23 00:00:00+00:00,5295.94498307,0.5604166666666667
2014-06-24 00:00:00+00:00,6502.14511419,0.5902777777777778
2014-06-25 00:00:00+00:00,8893.45697276,0.42083333333333334
2014-06-26 00:00:00+00:00,4674.87892834,0.5395833333333333
2014-06-27 00:00:00+00:00,9183.33155023,0.4444444444444444
2014-06-28 00:00:00+00:00,3084.68947887,0.6243055555555556
2014-06-29 00:00:00+00:00,1593.33179969,0.6951388888888889
2014-06-30 00:00:00+00:00,15516.12603652,0.3597222222222222
2014-07-01 00:00:00+00:00,9497.73976296,0.3527777777777778
2014-07-02 00:00:00+00:00,5305.55272768,0.475
2014-07-03 00:00:00+00:00,4969.91178981,0.5243055555555556
2014-07-04 00:00:00+00:00,8739.04642335,0.49722222222222223
2014-07-05 00:00:00+00:00,1830.57985986,0.64375
2014-07-06 00:00:00+00:00,3334.9435415899998,0.6034722222222222
2014-07-07 00:00:00+00:00,7109.07789511,0.4708333333333333
2014-07-08 00:00:00+00:00,2675.17329599,0.5569444444444445
2014-07-09 00:00:00+00:00,2303.75559449,0.6270833333333333
2014-07-10 00:00:00+00:00,6335.71200097,0.48194444444444445
2014-07-11 00:00:00+00:00,6094.53367548,0.5527777777777778
2014-07-12 00:00:00+00:00,3794.25754759,0.5840277777777778
2014-07-13 00:00:00+00:00,4158.79112509,0.6340277777777777
2014-07-14 00:00:00+00:00,3827.4245259,0.5375
2014-07-15 00:00:00+00:00,3535.74807055,0.55
2014-07-16 00:00:00+00:00,5348.93295307,0.5013888888888889
2014-07-17 00:00:00+00:00,4902.142579,0.5305555555555556
2014-07-18 00:00:00+00:00,5026.34015101,0.5111111111111111
2014-07-19 00:00:00+00:00,1923.59164607,0.7159722222222222
2014-07-20 00:00:00+00:00,1467.59140174,0.7069444444444445
2014-07-21 00:00:00+00:00,3959.6554446,0.5604166666666667
2014-07-22 00:00:00+00:00,3364.10445806,0.5625
2014-07-23 00:00:00+00:00,4040.73704089,0.5444444444444444
2014-07-24 00:00:00+00:00,10241.00858618,0.42916666666666664
2014-07-25 00:00:00+00:00,4843.77880284,0.4840277777777778
2014-07-26 00:00:00+00:00,3607.97621754,0.5590277777777778
2014-07-27 00:00:00+00:00,3792.78527365,0.65
2014-07-28 00:00:00+00:00,10539.93211413,0.4152777777777778
2014-07-29 00:00:00+00:00,4084.10767328,0.5402777777777777
2014-07-30 00:00:00+00:00,10498.74204272,0.4263888888888889
2014-07-31 00:00:00+00:00,9383.41349936,0.3861111111111111
2014-08-01 00:00:00+00:00,11939.594921419999,0.46458333333333335
2014-08-02 00:00:00+00:00,3529.71854524,0.5805555555555556
2014-08-03 00:00:00+00:00,2802.92118247,0.6326388888888889
2014-08-04 00:00:00+00:00,5259.62783511,0.5520833333333334
2014-08-05 00:00:00+00:00,6905.3529219,0.4354166666666667
2014-08-06 00:00:00+00:00,7580.22972012,0.5013888888888889
2014-08-07 00:00:00+00:00,4436.02538924,0.5819444444444445
2014-08-08 00:00:00+00:00,4367.06223673,0.5090277777777777
2014-08-09 00:00:00+00:00,1626.62584577,0.6027777777777777
2014-08-10 00:00:00+00:00,3211.0914193900003,0.6208333333333333
2014-08-11 00:00:00+00:00,6086.6029139699995,0.46875
2014-08-12 00:00:00+00:00,6463.80393643,0.3451388888888889
2014-08-13 00:00:00+00:00,25509.09742988,0.25069444444444444
2014-08-14 00:00:00+00:00,25826.72212001,0.19305555555555556
2014-08-15 00:00:00+00:00,16594.58663564,0.225
2014-08-16 00:00:00+00:00,12657.92306735,0.3347222222222222
2014-08-17 00:00:00+00:00,10314.49245533,0.34444444444444444
2014-08-18 00:00:00+00:00,28851.03396159,0.18055555555555555
2014-08-19 00:00:00+00:00,17807.05682966,0.21319444444444444
2014-08-20 00:00:00+00:00,19220.07652475,0.21805555555555556
2014-08-21 00:00:00+00:00,14187.29751604,0.2590277777777778
2014-08-22 00:00:00+00:00,15393.04567173,0.29375
2014-08-23 00:00:00+00:00,8432.27651658,0.3638888888888889
2014-08-24 00:00:00+00:00,5765.3573197,0.42083333333333334
2014-08-25 00:00:00+00:00,5773.91627729,0.35208333333333336
2014-08-26 00:00:00+00:00,6716.16026767,0.40347222222222223
2014-08-27 00:00:00+00:00,7791.96468822,0.40694444444444444
2014-08-28 00:00:00+00:00,7119.02351699,0.38472222222222224
2014-08-29 00:00:00+00:00,7246.60661668,0.4479166666666667
2014-08-30 00:00:00+00:00,4403.4022574499995,0.5159722222222223
2014-08-31 00:00:00+00:00,11289.83523732,0.3076388888888889
2014-09-01 00:00:00+00:00,9091.87194074,0.24444444444444444
2014-09-02 00:00:00+00:00,7333.51314038,0.3840277777777778
2014-09-03 00:00:00+00:00,4742.88446091,0.4284722222222222
2014-09-04 00:00:00+00:00,10793.6031862,0.43680555555555556
2014-09-05 00:00:00+00:00,5212.43495157,0.3680555555555556
2014-09-06 00:00:00+00:00,2770.79627418,0.5618055555555556
2014-09-07 00:00:00+00:00,2858.65175279,0.5201388888888889
2014-09-08 00:00:00+00:00,14567.96157896,0.28194444444444444
2014-09-09 00:00:00+00:00,9121.83125763,0.3159722222222222
2014-09-10 00:00:00+00:00,11509.59447324,0.3173611111111111
2014-09-11 00:00:00+00:00,7936.72859426,0.40208333333333335
2014-09-12 00:00:00+00:00,6097.71157068,0.4340277777777778
2014-09-13 00:00:00+00:00,5828.26364902,0.4736111111111111
2014-09-14 00:00:00+00:00,3884.67652657,0.4673611111111111
2014-09-15 00:00:00+00:00,6221.85047546,0.4222222222222222
2014-09-16 00:00:00+00:00,5948.7590007,0.3819444444444444
2014-09-17 00:00:00+00:00,12477.77437895,0.37222222222222223
2014-09-18 00:00:00+00:00,22063.88469165,0.3326388888888889
2014-09-19 00:00:00+00:00,29732.72036196,0.2048611111111111
2014-09-20 00:00:00+00:00,19916.52493458,0.2013888888888889
2014-09-21 00:00:00+00:00,14182.71565192,0.325
2014-09-22 00:00:00+00:00,10803.01757962,0.35347222222222224
2014-09-23 00:00:00+00:00,26999.29385,0.28055555555555556
2014-09-24 00:00:00+00:00,14141.19892519,0.20555555555555555
2014-09-25 00:00:00+00:00,15016.869054,0.24166666666666667
2014-09-26 00:00:00+00:00,9921.11699487,0.31875
2014-09-27 00:00:00+00:00,5472.59979258,0.3798611111111111
2014-09-28 00:00:00+00:00,16139.76492826,0.38125
2014-09-29 00:00:00+00:00,20026.50713044,0.21388888888888888
2014-09-30 00:00:00+00:00,14289.95929522,0.26180555555555557
2014-10-01 00:00:00+00:00,13037.59844952,0.24861111111111112
2014-10-02 00:00:00+00:00,10414.19712293,0.26805555555555555
2014-10-03 00:00:00+00:00,20408.97505396,0.3055555555555556
2014-10-04 00:00:00+00:00,28981.80406599,0.20625
2014-10-05 00:00:00+00:00,61726.3716087,0.14791666666666667
2014-10-06 00:00:00+00:00,69537.66216756,0.25763888888888886
2014-10-07 00:00:00+00:00,22961.89001301,0.1875
2014-10-08 00:00:00+00:00,28614.8310651,0.11875
2014-10-09 00:00:00+00:00,47817.25004767,0.13055555555555556
2014-10-10 00:00:00+00:00,20543.27563738,0.20416666666666666
2014-10-11 00:00:00+00:00,9973.2687058,0.2902777777777778
2014-10-12 00:00:00+00:00,14250.47171152,0.33055555555555555
2014-10-13 00:00:00+00:00,26083.74635605,0.24861111111111112
2014-10-14 00:00:00+00:00,24822.16245713,0.19722222222222222
2014-10-15 00:00:00+00:00,19147.69042041,0.225
2014-10-16 00:00:00+00:00,22776.51542094,0.2708333333333333
2014-10-17 00:00:00+00:00,10507.82628734,0.35208333333333336
2014-10-18 00:00:00+00:00,7074.8254279,0.4
2014-10-19 00:00:00+00:00,3242.37367978,0.49166666666666664
2014-10-20 00:00:00+00:00,12081.79942479,0.3784722222222222
2014-10-21 00:00:00+00:00,7953.32305008,0.4152777777777778
2014-10-22 00:00:00+00:00,8315.65019597,0.39166666666666666
2014-10-23 00:00:00+00:00,21058.44056541,0.24861111111111112
2014-10-24 00:00:00+00:00,15639.50451721,0.2590277777777778
2014-10-25 00:00:00+00:00,11095.79913905,0.31319444444444444
2014-10-26 00:00:00+00:00,7916.85437019,0.3576388888888889
2014-10-27 00:00:00+00:00,9540.67167766,0.29305555555555557
2014-10-28 00:00:00+00:00,7003.9364508,0.3138888888888889
2014-10-29 00:00:00+00:00,13256.25448124,0.23402777777777778
2014-10-30 00:00:00+00:00,14119.76518683,0.2652777777777778
2014-10-31 00:00:00+00:00,7525.7572452800005,0.3194444444444444
2014-11-01 00:00:00+00:00,14970.5578556,0.36736111111111114
2014-11-02 00:00:00+00:00,8335.4168615,0.39444444444444443
2014-11-03 00:00:00+00:00,11276.27248027,0.29305555555555557
2014-11-04 00:00:00+00:00,13703.07796895,0.31805555555555554
2014-11-05 00:00:00+00:00,15373.39989187,0.30972222222222223
2014-11-06 00:00:00+00:00,14288.79665307,0.35555555555555557
2014-11-07 00:00:00+00:00,7243.12542476,0.45
2014-11-08 00:00:00+00:00,3771.0324892,0.5083333333333333
2014-11-09 00:00:00+00:00,10537.15947888,0.4534722222222222
2014-11-10 00:00:00+00:00,19273.07459974,0.27152777777777776
2014-11-11 00:00:00+00:00,7702.42181852,0.32013888888888886
2014-11-12 00:00:00+00:00,44040.4020956,0.13402777777777777
2014-11-13 00:00:00+00:00,49884.51198201,0.1423611111111111
2014-11-14 00:00:00+00:00,21657.71043489,0.21875
2014-11-15 00:00:00+00:00,14428.769070960001,0.3819444444444444
2014-11-16 00:00:00+00:00,9680.49225548,0.4361111111111111
2014-11-17 00:00:00+00:00,24309.43918879,0.225
2014-11-18 00:00:00+00:00,15205.2559529,0.2972222222222222
2014-11-19 00:00:00+00:00,8984.9812234,0.32013888888888886
2014-11-20 00:00:00+00:00,16380.89470034,0.3145833333333333
2014-11-21 00:00:00+00:00,15248.88656337,0.24861111111111112
2014-11-22 00:00:00+00:00,6705.69768625,0.3680555555555556
2014-11-23 00:00:00+00:00,7971.8468309,0.4409722222222222
2014-11-24 00:00:00+00:00,19079.67673317,0.2861111111111111
2014-11-25 00:00:00+00:00,16156.69521149,0.2923611111111111
2014-11-26 00:00:00+00:00,13021.29404586,0.2798611111111111
2014-11-27 00:00:00+00:00,6218.38973362,0.3423611111111111
2014-11-28 00:00:00+00:00,13791.86724228,0.30416666666666664
2014-11-29 00:00:00+00:00,7252.09196527,0.425
2014-11-30 00:00:00+00:00,3085.29878738,0.5472222222222223
2014-12-01 00:00:00+00:00,6937.82496739,0.35347222222222224
2014-12-02 00:00:00+00:00,6550.77898256,0.42986111111111114
2014-12-03 00:00:00+00:00,8457.23114708,0.42569444444444443
2014-12-04 00:00:00+00:00,12332.87330712,0.3770833333333333
2014-12-05 00:00:00+00:00,8600.51463149,0.47152777777777777
2014-12-06 00:00:00+00:00,2386.1287834,0.5201388888888889
2014-12-07 00:00:00+00:00,2490.66834657,0.6020833333333333
2014-12-08 00:00:00+00:00,12336.72926731,0.39444444444444443
2014-12-09 00:00:00+00:00,19034.12180696,0.2972222222222222
2014-12-10 00:00:00+00:00,6964.18847778,0.3368055555555556
2014-12-11 00:00:00+00:00,16159.74714638,0.24930555555555556
2014-12-12 00:00:00+00:00,8079.63021756,0.3298611111111111
2014-12-13 00:00:00+00:00,3845.24282719,0.4534722222222222
2014-12-14 00:00:00+00:00,6538.8930965,0.4465277777777778
2014-12-15 00:00:00+00:00,8092.84138056,0.25833333333333336
2014-12-16 00:00:00+00:00,18183.37192451,0.20277777777777778
2014-12-17 00:00:00+00:00,22891.99364168,0.22569444444444445
2014-12-18 00:00:00+00:00,21603.61278539,0.2048611111111111
2014-12-19 00:00:00+00:00,15995.61891376,0.24722222222222223
2014-12-20 00:00:00+00:00,11378.8885085,0.35
2014-12-21 00:00:00+00:00,6358.0824846000005,0.4027777777777778
2014-12-22 00:00:00+00:00,11812.76642619,0.31319444444444444
2014-12-23 00:00:00+00:00,7679.77400906,0.36041666666666666
2014-12-24 00:00:00+00:00,5884.87599768,0.4263888888888889
2014-12-25 00:00:00+00:00,3888.24814964,0.46597222222222223
2014-12-26 00:00:00+00:00,6406.26442873,0.4395833333333333
2014-12-27 00:00:00+00:00,8687.53555717,0.39652777777777776
2014-12-28 00:00:00+00:00,4121.07585359,0.4215277777777778
2014-12-29 00:00:00+00:00,6929.62620397,0.34791666666666665
2014-12-30 00:00:00+00:00,8885.65978227,0.4125
2014-12-31 00:00:00+00:00,6338.20111979,0.4666666666666667
2015-01-01 00:00:00+00:00,3087.43655395,0.6006944444444444
2015-01-02 00:00:00+00:00,3468.28137523,0.47291666666666665
2015-01-03 00:00:00+00:00,21752.71914628,0.3375
2015-01-04 00:00:00+00:00,41441.27855287,0.19027777777777777
2015-01-05 00:00:00+00:00,9528.27100203,0.6895833333333333
2015-01-06 00:00:00+00:00,0.0,1.0
2015-01-07 00:00:00+00:00,0.0,1.0
2015-01-08 00:00:00+00:00,0.0,1.0
2015-01-09 00:00:00+00:00,9914.24959431,0.8916666666666667
2015-01-10 00:00:00+00:00,29448.777845200002,0.31875
2015-01-11 00:00:00+00:00,12758.94904418,0.37569444444444444
2015-01-12 00:00:00+00:00,10478.25021362,0.3229166666666667
2015-01-13 00:00:00+00:00,60556.16271657,0.10902777777777778
2015-01-14 00:00:00+00:00,124188.88508262,0.09722222222222222
2015-01-15 00:00:00+00:00,83488.41618527,0.08472222222222223
2015-01-16 00:00:00+00:00,34723.34835252,0.11875
2015-01-17 00:00:00+00:00,19121.88947943,0.23541666666666666
2015-01-18 00:00:00+00:00,18205.18036191,0.28402777777777777
2015-01-19 00:00:00+00:00,13037.399109420001,0.3229166666666667
2015-01-20 00:00:00+00:00,14129.24018574,0.29375
2015-01-21 00:00:00+00:00,23160.65691071,0.3506944444444444
2015-01-22 00:00:00+00:00,25405.32961321,0.3819444444444444
2015-01-23 00:00:00+00:00,15268.26848621,0.37222222222222223
2015-01-24 00:00:00+00:00,13793.77647935,0.4625
2015-01-25 00:00:00+00:00,28760.92842785,0.37083333333333335
2015-01-26 00:00:00+00:00,55829.61359418,0.11875
2015-01-27 00:00:00+00:00,21159.82627628,0.21319444444444444
2015-01-28 00:00:00+00:00,28092.33473262,0.23194444444444445
2015-01-29 00:00:00+00:00,26012.16941088,0.15833333333333333
2015-01-30 00:00:00+00:00,20614.83694356,0.19930555555555557
2015-01-31 00:00:00+00:00,19208.27905286,0.3125
2015-02-01 00:00:00+00:00,18408.25262142,0.19166666666666668
2015-02-02 00:00:00+00:00,15612.79489965,0.28680555555555554
2015-02-03 00:00:00+00:00,17499.53324051,0.2833333333333333
2015-02-04 00:00:00+00:00,14983.46398269,0.3159722222222222
2015-02-05 00:00:00+00:00,12982.78595784,0.3326388888888889
2015-02-06 00:00:00+00:00,10951.78709403,0.34652777777777777
2015-02-07 00:00:00+00:00,9663.67430958,0.47430555555555554
2015-02-08 00:00:00+00:00,13775.00949471,0.4513888888888889
2015-02-09 00:00:00+00:00,19473.95664749,0.39444444444444443
2015-02-10 00:00:00+00:00,6882.64684416,0.4173611111111111
2015-02-11 00:00:00+00:00,10676.2930765,0.48541666666666666
2015-02-12 00:00:00+00:00,6964.60636718,0.4527777777777778
2015-02-13 00:00:00+00:00,21412.45902435,0.33125
2015-02-14 00:00:00+00:00,19824.7530547,0.4152777777777778
2015-02-15 00:00:00+00:00,29173.27099242,0.28680555555555554
2015-02-16 00:00:00+00:00,12394.82940626,0.3888888888888889
2015-02-17 00:00:00+00:00,13121.54112887,0.39375
2015-02-18 00:00:00+00:00,12821.91161908,0.3680555555555556
2015-02-19 00:00:00+00:00,8704.33972786,0.4409722222222222
2015-02-20 00:00:00+00:00,9342.68925514,0.4263888888888889
2015-02-21 00:00:00+00:00,2982.21200485,0.59375
2015-02-22 00:00:00+00:00,7751.74971592,0.5618055555555556
2015-02-23 00:00:00+00:00,6327.72647507,0.42986111111111114
2015-02-24 00:00:00+00:00,5144.11355689,0.4465277777777778
2015-02-25 00:00:00+00:00,3810.53504108,0.5368055555555555
2015-02-26 00:00:00+00:00,5492.00801445,0.5381944444444444
2015-02-27 00:00:00+00:00,22012.00337072,0.29583333333333334
2015-02-28 00:00:00+00:00,5626.62832387,0.48055555555555557
2015-03-01 00:00:00+00:00,9678.17855999,0.4444444444444444
2015-03-02 00:00:00+00:00,18015.2597941,0.30277777777777776
2015-03-03 00:00:00+00:00,20977.32087667,0.27847222222222223
2015-03-04 00:00:00+00:00,14313.16689305,0.26666666666666666
2015-03-05 00:00:00+00:00,11428.33845657,0.32013888888888886
2015-03-06 00:00:00+00:00,6853.2799154799995,0.39652777777777776
2015-03-07 00:00:00+00:00,5716.65477613,0.5423611111111111
2015-03-08 00:00:00+00:00,4430.69079482,0.4979166666666667
2015-03-09 00:00:00+00:00,11996.31878526,0.4048611111111111
2015-03-10 00:00:00+00:00,13129.06090198,0.2791666666666667
2015-03-11 00:00:00+00:00,6737.50300267,0.47708333333333336
2015-03-12 00:00:00+00:00,7880.67396576,0.47847222222222224
2015-03-13 00:00:00+00:00,9610.54940209,0.39861111111111114
2015-03-14 00:00:00+00:00,5375.79972728,0.5173611111111112
2015-03-15 00:00:00+00:00,2430.04567943,0.6465277777777778
2015-03-16 00:00:00+00:00,6499.91827306,0.4486111111111111
2015-03-17 00:00:00+00:00,6447.41955337,0.46875
2015-03-18 00:00:00+00:00,21654.68207136,0.31319444444444444
2015-03-19 00:00:00+00:00,15017.74171871,0.26180555555555557
2015-03-20 00:00:00+00:00,5678.38004156,0.38472222222222224
2015-03-21 00:00:00+00:00,4623.89487205,0.48194444444444445
2015-03-22 00:00:00+00:00,5976.83852547,0.5979166666666667
2015-03-23 00:00:00+00:00,8658.47290411,0.42916666666666664
2015-03-24 00:00:00+00:00,19085.78920377,0.35138888888888886
2015-03-25 00:00:00+00:00,12881.632767,0.32569444444444445
2015-03-26 00:00:00+00:00,8385.93723302,0.4083333333333333
2015-03-27 00:00:00+00:00,6089.84638076,0.4027777777777778
2015-03-28 00:00:00+00:00,5685.6395593,0.5618055555555556
2015-03-29 00:00:00+00:00,6690.22838851,0.5048611111111111
2015-03-30 00:00:00+00:00,7951.74713786,0.3875
2015-03-31 00:00:00+00:00,8114.08955665,0.36319444444444443
2015-04-01 00:00:00+00:00,6226.01646439,0.36180555555555555
2015-04-02 00:00:00+00:00,9806.82220308,0.3902777777777778
2015-04-03 00:00:00+00:00,5048.57737559,0.44583333333333336
2015-04-04 00:00:00+00:00,2769.28165782,0.5888888888888889
2015-04-05 00:00:00+00:00,5759.36016001,0.5652777777777778
2015-04-06 00:00:00+00:00,5960.67763299,0.42430555555555555
2015-04-07 00:00:00+00:00,6010.26758151,0.2902777777777778
2015-04-08 00:00:00+00:00,11663.65615515,0.29444444444444445
2015-04-09 00:00:00+00:00,7943.71054055,0.41041666666666665
2015-04-10 00:00:00+00:00,11549.630656540001,0.3784722222222222
2015-04-11 00:00:00+00:00,4108.50400057,0.5409722222222222
2015-04-12 00:00:00+00:00,3173.32765095,0.59375
2015-04-13 00:00:00+00:00,13924.2267056,0.4083333333333333
2015-04-14 00:00:00+00:00,18582.18957531,0.2388888888888889
2015-04-15 00:00:00+00:00,9949.32442139,0.27847222222222223
2015-04-16 00:00:00+00:00,10834.87328684,0.30277777777777776
2015-04-17 00:00:00+00:00,7928.39539992,0.20208333333333334
2015-04-18 00:00:00+00:00,4620.31557899,0.31180555555555556
2015-04-19 00:00:00+00:00,5901.49567575,0.33055555555555555
2015-04-20 00:00:00+00:00,5966.8612393,0.3347222222222222
2015-04-21 00:00:00+00:00,9923.67825035,0.3326388888888889
2015-04-22 00:00:00+00:00,10710.5002402,0.32083333333333336
2015-04-23 00:00:00+00:00,8352.85732174,0.43125
2015-04-24 00:00:00+00:00,8543.66710734,0.34930555555555554
2015-04-25 00:00:00+00:00,5286.09859352,0.44930555555555557
2015-04-26 00:00:00+00:00,11238.3562881,0.3159722222222222
2015-04-27 00:00:00+00:00,13816.49148053,0.2972222222222222
2015-04-28 00:00:00+00:00,9345.78320741,0.23958333333333334
2015-04-29 00:00:00+00:00,8668.36064954,0.25972222222222224
2015-04-30 00:00:00+00:00,12490.20235984,0.27291666666666664
2015-05-01 00:00:00+00:00,6687.12335919,0.3861111111111111
2015-05-02 00:00:00+00:00,4350.05906771,0.5104166666666666
2015-05-03 00:00:00+00:00,4407.81416718,0.53125
2015-05-04 00:00:00+00:00,7504.68875392,0.3590277777777778
2015-05-05 00:00:00+00:00,8621.54731857,0.42291666666666666
2015-05-06 00:00:00+00:00,8623.82721204,0.4111111111111111
2015-05-07 00:00:00+00:00,11062.64912012,0.30416666666666664
2015-05-08 00:00:00+00:00,9486.75496765,0.34791666666666665
2015-05-09 00:00:00+00:00,5499.60615915,0.5173611111111112
2015-05-10 00:00:00+00:00,3520.24220877,0.5965277777777778
2015-05-11 00:00:00+00:00,9690.63948632,0.46041666666666664
2015-05-12 00:00:00+00:00,8418.71568249,0.5125
2015-05-13 00:00:00+00:00,9332.46630536,0.41805555555555557
2015-05-14 00:00:00+00:00,7530.5008083,0.4305555555555556
2015-05-15 00:00:00+00:00,4536.92896144,0.5055555555555555
2015-05-16 00:00:00+00:00,3116.78947332,0.5465277777777777
2015-05-17 00:00:00+00:00,2645.16140795,0.6451388888888889
2015-05-18 00:00:00+00:00,7443.21982028,0.4465277777777778
2015-05-19 00:00:00+00:00,5568.27679815,0.4666666666666667
2015-05-20 00:00:00+00:00,7823.35662916,0.4125
2015-05-21 00:00:00+00:00,4609.28122677,0.4930555555555556
2015-05-22 00:00:00+00:00,10451.79948446,0.4986111111111111
2015-05-23 00:00:00+00:00,3216.27981892,0.6638888888888889
2015-05-24 00:00:00+00:00,2921.54797112,0.6736111111111112
2015-05-25 00:00:00+00:00,5625.08705698,0.6055555555555555
2015-05-26 00:00:00+00:00,8590.07576695,0.5097222222222222
2015-05-27 00:00:00+00:00,8572.87348853,0.5868055555555556
2015-05-28 00:00:00+00:00,5005.98078357,0.5208333333333334
2015-05-29 00:00:00+00:00,6165.89141257,0.49444444444444446
2015-05-30 00:00:00+00:00,4245.9444681800005,0.5819444444444445
2015-05-31 00:00:00+00:00,4372.2083097,0.6055555555555555
2015-06-01 00:00:00+00:00,12184.9625438,0.42430555555555555
2015-06-02 00:00:00+00:00,7744.87861592,0.42986111111111114
2015-06-03 00:00:00+00:00,5815.57316073,0.5
2015-06-04 00:00:00+00:00,4822.40910993,0.53125
2015-06-05 00:00:00+00:00,8396.71286165,0.47152777777777777
2015-06-06 00:00:00+00:00,2772.3311628,0.6541666666666667
2015-06-07 00:00:00+00:00,3324.38263427,0.6090277777777777
2015-06-08 00:00:00+00:00,8986.86692341,0.45625
2015-06-09 00:00:00+00:00,9129.707887139999,0.43680555555555556
2015-06-10 00:00:00+00:00,6284.74068336,0.4930555555555556
2015-06-11 00:00:00+00:00,4727.31485975,0.5291666666666667
2015-06-12 00:00:00+00:00,5887.14828702,0.4909722222222222
2015-06-13 00:00:00+00:00,4009.80463805,0.5597222222222222
2015-06-14 00:00:00+00:00,3586.28113849,0.5722222222222222
2015-06-15 00:00:00+00:00,10505.58465516,0.4409722222222222
2015-06-16 00:00:00+00:00,17954.59381244,0.2986111111111111
2015-06-17 00:00:00+00:00,16951.14131427,0.275
2015-06-18 00:00:00+00:00,11145.12980575,0.3770833333333333
2015-06-19 00:00:00+00:00,6783.0749926299995,0.43680555555555556
2015-06-20 00:00:00+00:00,4434.68706015,0.5034722222222222
2015-06-21 00:00:00+00:00,1946.29303002,0.5729166666666666
2015-06-22 00:00:00+00:00,5149.76385851,0.44930555555555557
2015-06-23 00:00:00+00:00,4953.90339619,0.4
2015-06-24 00:00:00+00:00,6723.31332443,0.48125
2015-06-25 00:00:00+00:00,5002.93130218,0.4479166666666667
2015-06-26 00:00:00+00:00,5271.85106551,0.5340277777777778
2015-06-27 00:00:00+00:00,7101.10270435,0.5222222222222223
2015-06-28 00:00:00+00:00,6104.31220293,0.5076388888888889
2015-06-29 00:00:00+00:00,15393.104327,0.3451388888888889
2015-06-30 00:00:00+00:00,19902.44384422,0.22708333333333333
2015-07-01 00:00:00+00:00,13395.15343894,0.3909722222222222
2015-07-02 00:00:00+00:00,9826.99478118,0.39166666666666666
2015-07-03 00:00:00+00:00,9153.85256545,0.46597222222222223
2015-07-04 00:00:00+00:00,7909.85672863,0.56875
2015-07-05 00:00:00+00:00,21362.61364984,0.4152777777777778
2015-07-06 00:00:00+00:00,20027.86146803,0.20347222222222222
2015-07-07 00:00:00+00:00,13755.62997586,0.34375
2015-07-08 00:00:00+00:00,16042.26828995,0.34791666666666665
2015-07-09 00:00:00+00:00,13906.64445122,0.3333333333333333
2015-07-10 00:00:00+00:00,29151.3133528,0.30277777777777776
2015-07-11 00:00:00+00:00,11693.22435391,0.5027777777777778
2015-07-12 00:00:00+00:00,22497.46770684,0.4152777777777778
2015-07-13 00:00:00+00:00,29775.97907189,0.30972222222222223
2015-07-14 00:00:00+00:00,10361.07958336,0.40625
2015-07-15 00:00:00+00:00,9798.37507573,0.4583333333333333
2015-07-16 00:00:00+00:00,21103.34158645,0.35347222222222224
2015-07-17 00:00:00+00:00,11477.05542457,0.48680555555555555
2015-07-18 00:00:00+00:00,9362.07781804,0.6076388888888888
2015-07-19 00:00:00+00:00,5289.04082007,0.6826388888888889
2015-07-20 00:00:00+00:00,8818.52863456,0.5201388888888889
2015-07-21 00:00:00+00:00,9000.55491406,0.475
2015-07-22 00:00:00+00:00,8318.46305673,0.5083333333333333
2015-07-23 00:00:00+00:00,6439.61293326,0.5340277777777778
2015-07-24 00:00:00+00:00,15854.09655813,0.4076388888888889
2015-07-25 00:00:00+00:00,7545.88543693,0.5375
2015-07-26 00:00:00+00:00,5298.46650719,0.6256944444444444
2015-07-27 00:00:00+00:00,14650.73287048,0.4076388888888889
2015-07-28 00:00:00+00:00,8799.04307675,0.45208333333333334
2015-07-29 00:00:00+00:00,10236.16252198,0.46458333333333335
2015-07-30 00:00:00+00:00,8108.62119163,0.5368055555555555
2015-07-31 00:00:00+00:00,7902.76753725,0.5069444444444444
2015-08-01 00:00:00+00:00,7104.06661942,0.5993055555555555
2015-08-02 00:00:00+00:00,4530.17731374,0.6840277777777778
2015-08-03 00:00:00+00:00,6310.6073655,0.5583333333333333
2015-08-04 00:00:00+00:00,6206.11834372,0.5118055555555555
2015-08-05 00:00:00+00:00,6549.54626379,0.5048611111111111
2015-08-06 00:00:00+00:00,7123.8125234,0.5097222222222222
2015-08-07 00:00:00+00:00,8664.80904921,0.5173611111111112
2015-08-08 00:00:00+00:00,10269.86845712,0.5104166666666666
2015-08-09 00:00:00+00:00,8870.57957844,0.4576388888888889
2015-08-10 00:00:00+00:00,9697.41976405,0.5125
2015-08-11 00:00:00+00:00,8394.1157499,0.5520833333333334
2015-08-12 00:00:00+00:00,9520.31458102,0.5173611111111112
2015-08-13 00:00:00+00:00,10710.97419941,0.5402777777777777
2015-08-14 00:00:00+00:00,8012.6030534,0.5604166666666667
2015-08-15 00:00:00+00:00,5485.63052139,0.6409722222222223
2015-08-16 00:00:00+00:00,9633.275768040001,0.5263888888888889
2015-08-17 00:00:00+00:00,8655.18980482,0.6069444444444444
2015-08-18 00:00:00+00:00,16141.82038254,0.5194444444444445
2015-08-19 00:00:00+00:00,24295.07255509,0.32569444444444445
2015-08-20 00:00:00+00:00,15812.3347442,0.43194444444444446
2015-08-21 00:00:00+00:00,10296.31750333,0.4979166666666667
2015-08-22 00:00:00+00:00,15856.24555021,0.51875
2015-08-23 00:00:00+00:00,12842.46669119,0.5548611111111111
2015-08-24 00:00:00+00:00,37523.08338374,0.28888888888888886
2015-08-25 00:00:00+00:00,42308.00562946,0.2048611111111111
2015-08-26 00:00:00+00:00,24007.59520406,0.3458333333333333
2015-08-27 00:00:00+00:00,14366.26383499,0.36180555555555555
2015-08-28 00:00:00+00:00,22900.18694453,0.33958333333333335
2015-08-29 00:00:00+00:00,15490.55919136,0.4756944444444444
2015-08-30 00:00:00+00:00,15486.35994462,0.48819444444444443
2015-08-31 00:00:00+00:00,15803.51885514,0.39861111111111114
2015-09-01 00:00:00+00:00,23925.1868464,0.3527777777777778
2015-09-02 00:00:00+00:00,21470.76882887,0.4388888888888889
2015-09-03 00:00:00+00:00,19739.62910007,0.45416666666666666
2015-09-04 00:00:00+00:00,20870.0161942,0.4666666666666667
2015-09-05 00:00:00+00:00,20103.04009089,0.5111111111111111
2015-09-06 00:00:00+00:00,25758.89182891,0.39166666666666666
2015-09-07 00:00:00+00:00,23152.03156204,0.4444444444444444
2015-09-08 00:00:00+00:00,24023.87906083,0.31875
2015-09-09 00:00:00+00:00,23251.86554434,0.3423611111111111
2015-09-10 00:00:00+00:00,20694.91915142,0.3923611111111111
2015-09-11 00:00:00+00:00,13805.17684681,0.49583333333333335
2015-09-12 00:00:00+00:00,17449.11859951,0.5416666666666666
2015-09-13 00:00:00+00:00,19655.12043997,0.5486111111111112
2015-09-14 00:00:00+00:00,16674.85661508,0.4423611111111111
2015-09-15 00:00:00+00:00,17298.61216806,0.46319444444444446
2015-09-16 00:00:00+00:00,18169.46229084,0.45625
2015-09-17 00:00:00+00:00,14645.73629444,0.4756944444444444
2015-09-18 00:00:00+00:00,19458.90494591,0.46041666666666664
2015-09-19 00:00:00+00:00,11230.75792442,0.5958333333333333
2015-09-20 00:00:00+00:00,13401.14495283,0.53125
2015-09-21 00:00:00+00:00,14081.30710162,0.41597222222222224
2015-09-22 00:00:00+00:00,19332.87961688,0.39166666666666666
2015-09-23 00:00:00+00:00,13586.08736522,0.4638888888888889
2015-09-24 00:00:00+00:00,24202.73635768,0.38472222222222224
2015-09-25 00:00:00+00:00,22555.44540032,0.4354166666666667
2015-09-26 00:00:00+00:00,15109.42410853,0.5881944444444445
2015-09-27 00:00:00+00:00,17506.44940939,0.6152777777777778
2015-09-28 00:00:00+00:00,17566.82643528,0.35347222222222224
2015-09-29 00:00:00+00:00,19877.454879419998,0.4125
2015-09-30 00:00:00+00:00,20934.84649353,0.44166666666666665
2015-10-01 00:00:00+00:00,20341.00819203,0.4840277777777778
2015-10-02 00:00:00+00:00,16908.0346728,0.5215277777777778
2015-10-03 00:00:00+00:00,17825.61763796,0.6034722222222222
2015-10-04 00:00:00+00:00,15015.06671892,0.6631944444444444
2015-10-05 00:00:00+00:00,20316.50364912,0.4666666666666667
2015-10-06 00:00:00+00:00,26684.24752551,0.4166666666666667
2015-10-07 00:00:00+00:00,23768.19691198,0.45208333333333334
2015-10-08 00:00:00+00:00,13983.75205653,0.49583333333333335
2015-10-09 00:00:00+00:00,14099.91553839,0.5395833333333333
2015-10-10 00:00:00+00:00,17313.14235341,0.60625
2015-10-11 00:00:00+00:00,19140.3554108,0.6145833333333334
2015-10-12 00:00:00+00:00,10671.70376409,0.5111111111111111
2015-10-13 00:00:00+00:00,25901.60284773,0.43472222222222223
2015-10-14 00:00:00+00:00,26942.8709963,0.42291666666666666
2015-10-15 00:00:00+00:00,22037.62801049,0.44375
2015-10-16 00:00:00+00:00,34816.74109381,0.325
2015-10-17 00:00:00+00:00,25328.14897726,0.39791666666666664
2015-10-18 00:00:00+00:00,10003.12667189,0.5805555555555556
2015-10-19 00:00:00+00:00,16704.69881339,0.4083333333333333
2015-10-20 00:00:00+00:00,28967.44125269,0.3451388888888889
2015-10-21 00:00:00+00:00,20396.77801306,0.39375
2015-10-22 00:00:00+00:00,30166.42544252,0.37916666666666665
2015-10-23 00:00:00+00:00,21572.26847047,0.32708333333333334
2015-10-24 00:00:00+00:00,20586.33501752,0.4340277777777778
2015-10-25 00:00:00+00:00,30003.58655651,0.2777777777777778
2015-10-26 00:00:00+00:00,21266.47299543,0.32708333333333334
2015-10-27 00:00:00+00:00,34002.14865181,0.2465277777777778
2015-10-28 00:00:00+00:00,31263.17100679,0.24166666666666667
2015-10-29 00:00:00+00:00,32258.307426119998,0.28402777777777777
2015-10-30 00:00:00+00:00,39364.02820732,0.14652777777777778
2015-10-31 00:00:00+00:00,28765.17836259,0.29791666666666666
2015-11-01 00:00:00+00:00,14281.54590222,0.4125
2015-11-02 00:00:00+00:00,45146.50238984,0.2222222222222222
2015-11-03 00:00:00+00:00,77212.78172074,0.10625
2015-11-04 00:00:00+00:00,105959.25914077,0.06597222222222222
2015-11-05 00:00:00+00:00,60174.71348846,0.08055555555555556
2015-11-06 00:00:00+00:00,46952.53785182,0.12569444444444444
2015-11-07 00:00:00+00:00,26348.5951725,0.27847222222222223
2015-11-08 00:00:00+00:00,27445.01908688,0.4041666666666667
2015-11-09 00:00:00+00:00,25934.97280336,0.24027777777777778
2015-11-10 00:00:00+00:00,48890.59709485,0.27708333333333335
2015-11-11 00:00:00+00:00,51510.30806168,0.1375
2015-11-12 00:00:00+00:00,37744.44698848,0.1986111111111111
2015-11-13 00:00:00+00:00,24663.47295722,0.25277777777777777
2015-11-14 00:00:00+00:00,25628.37827293,0.4340277777777778
2015-11-15 00:00:00+00:00,27643.56081053,0.41458333333333336
2015-11-16 00:00:00+00:00,22243.82252044,0.3076388888888889
2015-11-17 00:00:00+00:00,27718.675852289998,0.2722222222222222
2015-11-18 00:00:00+00:00,27252.09998985,0.3284722222222222
2015-11-19 00:00:00+00:00,26919.51670768,0.36736111111111114
2015-11-20 00:00:00+00:00,21303.64116376,0.32083333333333336
2015-11-21 00:00:00+00:00,5129.35325162,0.6020833333333333
2015-11-22 00:00:00+00:00,4062.21223126,0.64375
2015-11-23 00:00:00+00:00,5101.55728889,0.5277777777777778
2015-11-24 00:00:00+00:00,8649.01893298,0.46875
2015-11-25 00:00:00+00:00,12253.7599758,0.4395833333333333
2015-11-26 00:00:00+00:00,35986.16248608,0.2604166666666667
2015-11-27 00:00:00+00:00,13276.8300685,0.3902777777777778
2015-11-28 00:00:00+00:00,6275.36735525,0.5604166666666667
2015-11-29 00:00:00+00:00,7817.18354971,0.5368055555555555
2015-11-30 00:00:00+00:00,18097.95321032,0.2916666666666667
2015-12-01 00:00:00+00:00,15410.28235169,0.36319444444444443
2015-12-02 00:00:00+00:00,12343.4077678,0.3763888888888889
2015-12-03 00:00:00+00:00,12190.8839355,0.35833333333333334
2015-12-04 00:00:00+00:00,9989.28021734,0.4131944444444444
2015-12-05 00:00:00+00:00,16784.12666746,0.3680555555555556
2015-12-06 00:00:00+00:00,14679.43603185,0.31805555555555554
2015-12-07 00:00:00+00:00,14949.58607447,0.35555555555555557
2015-12-08 00:00:00+00:00,11455.14109168,0.40694444444444444
2015-12-09 00:00:00+00:00,21039.908507340002,0.22291666666666668
2015-12-10 00:00:00+00:00,8463.88473949,0.38333333333333336
2015-12-11 00:00:00+00:00,29020.19839361,0.2701388888888889
2015-12-12 00:00:00+00:00,29770.28379771,0.24861111111111112
2015-12-13 00:00:00+00:00,11725.66723962,0.4027777777777778
2015-12-14 00:00:00+00:00,13386.74415731,0.3506944444444444
2015-12-15 00:00:00+00:00,18096.388283199998,0.2520833333333333
2015-12-16 00:00:00+00:00,23377.12257344,0.2826388888888889
2015-12-17 00:00:00+00:00,6598.6409486,0.39861111111111114
2015-12-18 00:00:00+00:00,12914.73680338,0.33125
2015-12-19 00:00:00+00:00,6839.17868702,0.50625
2015-12-20 00:00:00+00:00,16626.4883553,0.41458333333333336
2015-12-21 00:00:00+00:00,18930.86318614,0.27847222222222223
2015-12-22 00:00:00+00:00,8146.01738798,0.39305555555555555
2015-12-23 00:00:00+00:00,7100.2282874,0.36527777777777776
2015-12-24 00:00:00+00:00,10138.31555001,0.3715277777777778
2015-12-25 00:00:00+00:00,2877.16735131,0.6125
2015-12-26 00:00:00+00:00,26672.12173065,0.24166666666666667
2015-12-27 00:00:00+00:00,6968.57365917,0.33611111111111114
2015-12-28 00:00:00+00:00,7560.56299201,0.29583333333333334
2015-12-29 00:00:00+00:00,10419.58536596,0.3486111111111111
2015-12-30 00:00:00+00:00,7717.51026264,0.32708333333333334
2015-12-31 00:00:00+00:00,6634.8631670800005,0.4083333333333333
2016-01-01 00:00:00+00:00,3788.11117403,0.4701388888888889
2016-01-02 00:00:00+00:00,2972.06344935,0.49375
2016-01-03 00:00:00+00:00,4571.09703841,0.3902777777777778
2016-01-04 00:00:00+00:00,5717.59545799,0.45416666666666666
2016-01-05 00:00:00+00:00,3881.72086195,0.5486111111111112
2016-01-06 00:00:00+00:00,5507.61422624,0.4875
2016-01-07 00:00:00+00:00,16833.41915668,0.30972222222222223
2016-01-08 00:00:00+00:00,10258.9945852,0.4465277777777778
2016-01-09 00:00:00+00:00,4396.0450009,0.5173611111111112
2016-01-10 00:00:00+00:00,4078.61065365,0.5194444444444445
2016-01-11 00:00:00+00:00,7986.45843125,0.45
2016-01-12 00:00:00+00:00,6930.89654863,0.4201388888888889
2016-01-13 00:00:00+00:00,10067.02104551,0.3451388888888889
2016-01-14 00:00:00+00:00,4420.91215989,0.48541666666666666
2016-01-15 00:00:00+00:00,37326.70141453,0.20208333333333334
2016-01-16 00:00:00+00:00,25019.25199317,0.22013888888888888
2016-01-17 00:00:00+00:00,8416.94363509,0.4
2016-01-18 00:00:00+00:00,7015.52993583,0.38263888888888886
2016-01-19 00:00:00+00:00,7223.00324232,0.4166666666666667
2016-01-20 00:00:00+00:00,25172.91741948,0.29583333333333334
2016-01-21 00:00:00+00:00,9414.55707194,0.31875
2016-01-22 00:00:00+00:00,14744.75776299,0.2798611111111111
2016-01-23 00:00:00+00:00,7664.89092787,0.4111111111111111
2016-01-24 00:00:00+00:00,5448.8452132,0.5208333333333334
2016-01-25 00:00:00+00:00,8040.83085608,0.375
2016-01-26 00:00:00+00:00,6589.1535502199995,0.38333333333333336
2016-01-27 00:00:00+00:00,4262.62933663,0.41041666666666665
2016-01-28 00:00:00+00:00,11414.04549852,0.30833333333333335
2016-01-29 00:00:00+00:00,13544.14541999,0.3055555555555556
2016-01-30 00:00:00+00:00,2587.1071732699997,0.5159722222222223
2016-01-31 00:00:00+00:00,4166.66582034,0.44722222222222224
2016-02-01 00:00:00+00:00,7255.13421769,0.3972222222222222
2016-02-02 00:00:00+00:00,5719.11332356,0.4222222222222222
2016-02-03 00:00:00+00:00,7107.78660836,0.39861111111111114
2016-02-04 00:00:00+00:00,13446.47968297,0.4027777777777778
2016-02-05 00:00:00+00:00,7372.61395629,0.40902777777777777
2016-02-06 00:00:00+00:00,5735.69706556,0.4673611111111111
2016-02-07 00:00:00+00:00,2885.48241846,0.5541666666666667
2016-02-08 00:00:00+00:00,6943.10816682,0.4888888888888889
2016-02-09 00:00:00+00:00,5779.6801008,0.4354166666666667
2016-02-10 00:00:00+00:00,10006.63329253,0.3923611111111111
2016-02-11 00:00:00+00:00,7471.96039009,0.43680555555555556
2016-02-12 00:00:00+00:00,5996.09236146,0.44027777777777777
2016-02-13 00:00:00+00:00,7324.96634134,0.4701388888888889
2016-02-14 00:00:00+00:00,9758.39271132,0.4048611111111111
2016-02-15 00:00:00+00:00,7906.69773619,0.3854166666666667
2016-02-16 00:00:00+00:00,8354.83032093,0.45
2016-02-17 00:00:00+00:00,11842.77782874,0.35833333333333334
2016-02-18 00:00:00+00:00,8588.92668864,0.3888888888888889
2016-02-19 00:00:00+00:00,5015.53810237,0.4152777777777778
2016-02-20 00:00:00+00:00,11633.27274251,0.4527777777777778
2016-02-21 00:00:00+00:00,10300.3526042,0.4111111111111111
2016-02-22 00:00:00+00:00,5840.3160546,0.4131944444444444
2016-02-23 00:00:00+00:00,10509.60507822,0.44375
2016-02-24 00:00:00+00:00,7258.35730294,0.45625
2016-02-25 00:00:00+00:00,5597.96719924,0.4597222222222222
2016-02-26 00:00:00+00:00,4635.1202274,0.55
2016-02-27 00:00:00+00:00,4159.35798035,0.6034722222222222
2016-02-28 00:00:00+00:00,3501.18941279,0.5583333333333333
2016-02-29 00:00:00+00:00,8463.34883153,0.3854166666666667
2016-03-01 00:00:00+00:00,6941.51621427,0.38263888888888886
2016-03-02 00:00:00+00:00,5788.38363163,0.41041666666666665
2016-03-03 00:00:00+00:00,7483.6467555,0.33611111111111114
2016-03-04 00:00:00+00:00,7789.00370914,0.3548611111111111
2016-03-05 00:00:00+00:00,16436.403861669998,0.3527777777777778
2016-03-06 00:00:00+00:00,5692.00930852,0.4201388888888889
2016-03-07 00:00:00+00:00,5937.73379583,0.4013888888888889
2016-03-08 00:00:00+00:00,5576.2582036,0.4354166666666667
2016-03-09 00:00:00+00:00,4876.78893016,0.44583333333333336
2016-03-10 00:00:00+00:00,5255.299453,0.49930555555555556
2016-03-11 00:00:00+00:00,5950.80704895,0.46944444444444444
2016-03-12 00:00:00+00:00,4640.49424972,0.4125
2016-03-13 00:00:00+00:00,3286.86910903,0.4576388888888889
2016-03-14 00:00:00+00:00,4470.78743496,0.5145833333333333
2016-03-15 00:00:00+00:00,4569.87994639,0.49444444444444446
2016-03-16 00:00:00+00:00,4100.47706379,0.5020833333333333
2016-03-17 00:00:00+00:00,3704.16067257,0.5652777777777778
2016-03-18 00:00:00+00:00,6391.24659493,0.4423611111111111
2016-03-19 00:00:00+00:00,2870.24736036,0.50625
2016-03-20 00:00:00+00:00,2579.0021275999998,0.5381944444444444
2016-03-21 00:00:00+00:00,3546.2789106,0.4527777777777778
2016-03-22 00:00:00+00:00,3950.15519464,0.45694444444444443
2016-03-23 00:00:00+00:00,4946.39651107,0.3347222222222222
2016-03-24 00:00:00+00:00,2776.60883207,0.3590277777777778
2016-03-25 00:00:00+00:00,2588.7827232600002,0.5256944444444445
2016-03-26 00:00:00+00:00,1253.0063756,0.6916666666666667
2016-03-27 00:00:00+00:00,5038.8775332,0.6576388888888889
2016-03-28 00:00:00+00:00,3283.79146452,0.5305555555555556
2016-03-29 00:00:00+00:00,5955.0009902599995,0.44305555555555554
2016-03-30 00:00:00+00:00,4824.85455188,0.30833333333333335
2016-03-31 00:00:00+00:00,3774.42082775,0.28194444444444444
2016-04-01 00:00:00+00:00,3736.77266241,0.3597222222222222
2016-04-02 00:00:00+00:00,2072.95050098,0.5090277777777777
2016-04-03 00:00:00+00:00,1337.67303294,0.4166666666666667
2016-04-04 00:00:00+00:00,3457.56274345,0.3645833333333333
2016-04-05 00:00:00+00:00,3956.55659754,0.5305555555555556
2016-04-06 00:00:00+00:00,2396.3483709,0.60625
2016-04-07 00:00:00+00:00,3216.81131955,0.5430555555555555
2016-04-08 00:00:00+00:00,4584.13099271,0.42569444444444443
2016-04-09 00:00:00+00:00,3599.39669345,0.37916666666666665
2016-04-10 00:00:00+00:00,1779.82860787,0.5104166666666666
2016-04-11 00:00:00+00:00,3487.8325098,0.33819444444444446
2016-04-12 00:00:00+00:00,6082.73402325,0.36736111111111114
2016-04-13 00:00:00+00:00,3917.08383409,0.40208333333333335
2016-04-14 00:00:00+00:00,3863.79952226,0.30416666666666664
2016-04-15 00:00:00+00:00,4406.24086239,0.4576388888888889
2016-04-16 00:00:00+00:00,1848.30276214,0.575
2016-04-17 00:00:00+00:00,1502.82305955,0.47708333333333336
2016-04-18 00:00:00+00:00,3180.43077191,0.4625
2016-04-19 00:00:00+00:00,3798.23746594,0.5326388888888889
2016-04-20 00:00:00+00:00,7602.64664993,0.4
2016-04-21 00:00:00+00:00,5421.15632535,0.42986111111111114
2016-04-22 00:00:00+00:00,5494.44115676,0.4791666666666667
2016-04-23 00:00:00+00:00,2250.0352108,0.6291666666666667
2016-04-24 00:00:00+00:00,7103.31254852,0.5194444444444445
2016-04-25 00:00:00+00:00,5607.18864396,0.5229166666666667
2016-04-26 00:00:00+00:00,4629.18548678,0.4527777777777778
2016-04-27 00:00:00+00:00,7084.23987101,0.44513888888888886
2016-04-28 00:00:00+00:00,8736.25774023,0.46041666666666664
2016-04-29 00:00:00+00:00,2982.5407793599998,0.6090277777777777
2016-04-30 00:00:00+00:00,2419.58249945,0.6048611111111111
2016-05-01 00:00:00+00:00,1190.6981509500001,0.6895833333333333
2016-05-02 00:00:00+00:00,6362.93159046,0.4777777777777778
2016-05-03 00:00:00+00:00,5576.91459995,0.46944444444444444
2016-05-04 00:00:00+00:00,3327.60727439,0.5243055555555556
2016-05-05 00:00:00+00:00,2569.5932008,0.50625
2016-05-06 00:00:00+00:00,5540.13889435,0.475
2016-05-07 00:00:00+00:00,2004.63685564,0.5659722222222222
2016-05-08 00:00:00+00:00,1353.23221968,0.6694444444444444
2016-05-09 00:00:00+00:00,3536.50388948,0.5347222222222222
2016-05-10 00:00:00+00:00,5746.15794317,0.39861111111111114
2016-05-11 00:00:00+00:00,3352.58050446,0.5236111111111111
2016-05-12 00:00:00+00:00,3453.49239803,0.5069444444444444
2016-05-13 00:00:00+00:00,2822.65051924,0.5618055555555556
2016-05-14 00:00:00+00:00,1377.71832273,0.6347222222222222
2016-05-15 00:00:00+00:00,1612.71056651,0.6972222222222222
2016-05-16 00:00:00+00:00,3248.19201842,0.5638888888888889
2016-05-17 00:00:00+00:00,3430.47946611,0.5444444444444444
2016-05-18 00:00:00+00:00,2608.23175369,0.55625
2016-05-19 00:00:00+00:00,5961.1150858,0.49236111111111114
2016-05-20 00:00:00+00:00,3448.22731015,0.5125
2016-05-21 00:00:00+00:00,1916.43483232,0.7111111111111111
2016-05-22 00:00:00+00:00,2350.68206329,0.65
2016-05-23 00:00:00+00:00,2625.60063214,0.5979166666666667
2016-05-24 00:00:00+00:00,3072.77859999,0.6097222222222223
2016-05-25 00:00:00+00:00,3663.3159109499998,0.5979166666666667
2016-05-26 00:00:00+00:00,3768.49837209,0.6347222222222222
2016-05-27 00:00:00+00:00,12234.20331935,0.39166666666666666
2016-05-28 00:00:00+00:00,12568.03112362,0.3951388888888889
2016-05-29 00:00:00+00:00,8215.67477949,0.4597222222222222
2016-05-30 00:00:00+00:00,6074.77470614,0.44166666666666665
2016-05-31 00:00:00+00:00,12071.18195862,0.38055555555555554
2016-06-01 00:00:00+00:00,5456.942657,0.46111111111111114
2016-06-02 00:00:00+00:00,3939.35132757,0.5201388888888889
2016-06-03 00:00:00+00:00,8801.7746347,0.4326388888888889
2016-06-04 00:00:00+00:00,6216.6271931,0.46041666666666664
2016-06-05 00:00:00+00:00,5415.93469447,0.5791666666666667
2016-06-06 00:00:00+00:00,4465.51612085,0.5236111111111111
2016-06-07 00:00:00+00:00,6705.91830357,0.4395833333333333
2016-06-08 00:00:00+00:00,3259.15110512,0.48125
2016-06-09 00:00:00+00:00,3770.7182618,0.5284722222222222
2016-06-10 00:00:00+00:00,3458.56492292,0.5638888888888889
2016-06-11 00:00:00+00:00,4000.07125397,0.5902777777777778
2016-06-12 00:00:00+00:00,14138.30680118,0.26875
2016-06-13 00:00:00+00:00,17280.60397099,0.27361111111111114
2016-06-14 00:00:00+00:00,10633.44050212,0.33819444444444446
2016-06-15 00:00:00+00:00,5783.92382786,0.38819444444444445
2016-06-16 00:00:00+00:00,17946.82684698,0.23333333333333334
2016-06-17 00:00:00+00:00,14687.27083679,0.3090277777777778
2016-06-18 00:00:00+00:00,5903.47180558,0.45069444444444445
2016-06-19 00:00:00+00:00,2617.27920864,0.5354166666666667
2016-06-20 00:00:00+00:00,7975.97107838,0.41597222222222224
2016-06-21 00:00:00+00:00,33056.28964434,0.1638888888888889
2016-06-22 00:00:00+00:00,16456.40877924,0.24791666666666667
2016-06-23 00:00:00+00:00,24329.07931933,0.2
2016-06-24 00:00:00+00:00,16163.8016025,0.2326388888888889
2016-06-25 00:00:00+00:00,6576.67165429,0.4625
2016-06-26 00:00:00+00:00,5838.1489745,0.5270833333333333
2016-06-27 00:00:00+00:00,8668.59311399,0.3388888888888889
2016-06-28 00:00:00+00:00,5478.35678011,0.40555555555555556
2016-06-29 00:00:00+00:00,9132.47818623,0.375
2016-06-30 00:00:00+00:00,7479.78991538,0.48819444444444443
2016-07-01 00:00:00+00:00,6432.9196212,0.43194444444444446
2016-07-02 00:00:00+00:00,5506.04313621,0.5472222222222223
2016-07-03 00:00:00+00:00,7320.31995024,0.43125
2016-07-04 00:00:00+00:00,4290.13225288,0.40694444444444444
2016-07-05 00:00:00+00:00,3112.7271219,0.4979166666666667
2016-07-06 00:00:00+00:00,3590.61112814,0.5375
2016-07-07 00:00:00+00:00,12686.97748136,0.3784722222222222
2016-07-08 00:00:00+00:00,6579.38521243,0.46944444444444444
2016-07-09 00:00:00+00:00,6180.15042485,0.4527777777777778
2016-07-10 00:00:00+00:00,2313.34939114,0.5888888888888889
2016-07-11 00:00:00+00:00,2978.13685533,0.56875
2016-07-12 00:00:00+00:00,4288.07627477,0.5090277777777777
2016-07-13 00:00:00+00:00,6573.2020306800005,0.49027777777777776
2016-07-14 00:00:00+00:00,2392.43467683,0.5375
2016-07-15 00:00:00+00:00,3228.34264303,0.5756944444444444
2016-07-16 00:00:00+00:00,1682.67647056,0.6944444444444444
2016-07-17 00:00:00+00:00,3437.77012475,0.5972222222222222
2016-07-18 00:00:00+00:00,3012.20623456,0.5638888888888889
2016-07-19 00:00:00+00:00,1904.43446142,0.6173611111111111
2016-07-20 00:00:00+00:00,3418.62509416,0.5944444444444444
2016-07-21 00:00:00+00:00,2503.04270767,0.5840277777777778
2016-07-22 00:00:00+00:00,5191.5550657700005,0.56875
2016-07-23 00:00:00+00:00,1284.52223933,0.6180555555555556
2016-07-24 00:00:00+00:00,1427.97990306,0.61875
2016-07-25 00:00:00+00:00,2441.94401025,0.5868055555555556
2016-07-26 00:00:00+00:00,3552.82907397,0.4861111111111111
2016-07-27 00:00:00+00:00,2664.94311137,0.5194444444444445
2016-07-28 00:00:00+00:00,1909.23654208,0.6194444444444445
2016-07-29 00:00:00+00:00,1297.14816627,0.6729166666666667
2016-07-30 00:00:00+00:00,719.15982547,0.7861111111111111
2016-07-31 00:00:00+00:00,4933.61939038,0.5243055555555556
2016-08-01 00:00:00+00:00,5512.82137405,0.43680555555555556
2016-08-02 00:00:00+00:00,22142.66733973,0.31875
2016-08-03 00:00:00+00:00,15453.58615956,0.19930555555555557
2016-08-04 00:00:00+00:00,8499.83692796,0.3215277777777778
2016-08-05 00:00:00+00:00,4811.23583899,0.46805555555555556
2016-08-06 00:00:00+00:00,6021.3087891000005,0.5027777777777778
2016-08-07 00:00:00+00:00,2910.30990604,0.5256944444444445
2016-08-08 00:00:00+00:00,3181.85250852,0.5395833333333333
2016-08-09 00:00:00+00:00,3174.70598792,0.54375
2016-08-10 00:00:00+00:00,5217.75905561,0.5381944444444444
2016-08-11 00:00:00+00:00,2543.68401092,0.5527777777777778
2016-08-12 00:00:00+00:00,2177.37864395,0.5020833333333333
2016-08-13 00:00:00+00:00,962.30229892,0.6472222222222223
2016-08-14 00:00:00+00:00,4812.88862744,0.4951388888888889
2016-08-15 00:00:00+00:00,4633.74558455,0.44722222222222224
2016-08-16 00:00:00+00:00,4837.18871903,0.4527777777777778
2016-08-17 00:00:00+00:00,4108.5976507000005,0.4583333333333333
2016-08-18 00:00:00+00:00,3967.28412511,0.5381944444444444
2016-08-19 00:00:00+00:00,4652.00521466,0.5965277777777778
2016-08-20 00:00:00+00:00,2431.78684382,0.6180555555555556
2016-08-21 00:00:00+00:00,1139.76224273,0.5805555555555556
2016-08-22 00:00:00+00:00,5086.06256577,0.5270833333333333
2016-08-23 00:00:00+00:00,4182.04589939,0.5111111111111111
2016-08-24 00:00:00+00:00,2991.01460758,0.5520833333333334
2016-08-25 00:00:00+00:00,4231.40701036,0.46111111111111114
2016-08-26 00:00:00+00:00,3300.29774328,0.44722222222222224
2016-08-27 00:00:00+00:00,2702.58036182,0.5722222222222222
2016-08-28 00:00:00+00:00,1034.07669959,0.7236111111111111
2016-08-29 00:00:00+00:00,2333.00891707,0.6090277777777777
2016-08-30 00:00:00+00:00,4439.35420543,0.5826388888888889
2016-08-31 00:00:00+00:00,3917.82520705,0.5576388888888889
2016-09-01 00:00:00+00:00,2833.21048959,0.5034722222222222
2016-09-02 00:00:00+00:00,2996.65467508,0.60625
2016-09-03 00:00:00+00:00,4645.77734019,0.60625
2016-09-04 00:00:00+00:00,3951.19879148,0.5048611111111111
2016-09-05 00:00:00+00:00,3838.1755876,0.5013888888888889
2016-09-06 00:00:00+00:00,4038.33754573,0.5659722222222222
2016-09-07 00:00:00+00:00,4502.71072652,0.4875
2016-09-08 00:00:00+00:00,4354.95251639,0.49236111111111114
2016-09-09 00:00:00+00:00,3274.0756508599998,0.47708333333333336
2016-09-10 00:00:00+00:00,1527.83753513,0.5506944444444445
2016-09-11 00:00:00+00:00,5336.9515717,0.4979166666666667
2016-09-12 00:00:00+00:00,3512.28237051,0.4305555555555556
2016-09-13 00:00:00+00:00,3471.52717479,0.3680555555555556
2016-09-14 00:00:00+00:00,2895.4604519,0.5493055555555556
2016-09-15 00:00:00+00:00,3085.66694768,0.4909722222222222
2016-09-16 00:00:00+00:00,2612.88007635,0.5368055555555555
2016-09-17 00:00:00+00:00,1117.48707654,0.6180555555555556
2016-09-18 00:00:00+00:00,1307.05511292,0.6291666666666667
2016-09-19 00:00:00+00:00,2476.59039745,0.5763888888888888
2016-09-20 00:00:00+00:00,2680.44760563,0.5083333333333333
2016-09-21 00:00:00+00:00,3671.19191264,0.5326388888888889
2016-09-22 00:00:00+00:00,2421.45482616,0.5979166666666667
2016-09-23 00:00:00+00:00,4007.88275861,0.575
2016-09-24 00:00:00+00:00,1140.23303781,0.6416666666666667
2016-09-25 00:00:00+00:00,1086.83579854,0.6854166666666667
2016-09-26 00:00:00+00:00,4056.39371551,0.49166666666666664
2016-09-27 00:00:00+00:00,3055.81637038,0.5479166666666667
2016-09-28 00:00:00+00:00,2202.74962821,0.6055555555555555
2016-09-29 00:00:00+00:00,2718.01919323,0.575
2016-09-30 00:00:00+00:00,2633.44489285,0.5479166666666667
2016-10-01 00:00:00+00:00,1458.84374513,0.6694444444444444
2016-10-02 00:00:00+00:00,1407.0592925,0.6527777777777778
2016-10-03 00:00:00+00:00,2245.89234656,0.6659722222222222
2016-10-04 00:00:00+00:00,2955.42383816,0.575
2016-10-05 00:00:00+00:00,2410.92611361,0.6409722222222223
2016-10-06 00:00:00+00:00,2039.82035671,0.6923611111111111
2016-10-07 00:00:00+00:00,4033.82185438,0.6027777777777777
2016-10-08 00:00:00+00:00,888.66002111,0.725
2016-10-09 00:00:00+00:00,1174.26113887,0.6354166666666666
2016-10-10 00:00:00+00:00,2295.52302846,0.6277777777777778
2016-10-11 00:00:00+00:00,8087.31933662,0.5118055555555555
2016-10-12 00:00:00+00:00,2658.52776787,0.6298611111111111
2016-10-13 00:00:00+00:00,2381.50067975,0.6236111111111111
2016-10-14 00:00:00+00:00,3154.82335026,0.6430555555555556
2016-10-15 00:00:00+00:00,1421.85361066,0.5
2016-10-16 00:00:00+00:00,1289.53724609,0.6458333333333334
2016-10-17 00:00:00+00:00,3958.0365344,0.6625
2016-10-18 00:00:00+00:00,2731.17634977,0.58125
2016-10-19 00:00:00+00:00,4472.89998392,0.5465277777777777
2016-10-20 00:00:00+00:00,2040.00987473,0.5326388888888889
2016-10-21 00:00:00+00:00,3050.50932903,0.6416666666666667
2016-10-22 00:00:00+00:00,4351.6194781799995,0.6506944444444445
2016-10-23 00:00:00+00:00,2535.01019265,0.6604166666666667
2016-10-24 00:00:00+00:00,4679.0014143,0.5208333333333334
2016-10-25 00:00:00+00:00,6106.91617897,0.5354166666666667
2016-10-26 00:00:00+00:00,6716.23146341,0.49722222222222223
2016-10-27 00:00:00+00:00,4545.43620804,0.5222222222222223
2016-10-28 00:00:00+00:00,3574.07546814,0.49722222222222223
2016-10-29 00:00:00+00:00,4034.88400838,0.5645833333333333
2016-10-30 00:00:00+00:00,3752.5253719,0.5902777777777778
2016-10-31 00:00:00+00:00,4655.89251212,0.45069444444444445
2016-11-01 00:00:00+00:00,6570.01885443,0.49375
2016-11-02 00:00:00+00:00,4320.53171915,0.5409722222222222
2016-11-03 00:00:00+00:00,12102.24273144,0.3770833333333333
2016-11-04 00:00:00+00:00,5345.6792147,0.4111111111111111
2016-11-05 00:00:00+00:00,1918.31151101,0.5402777777777777
2016-11-06 00:00:00+00:00,2292.8635227,0.6194444444444445
2016-11-07 00:00:00+00:00,3020.87240328,0.5479166666666667
2016-11-08 00:00:00+00:00,5526.47459343,0.5701388888888889
2016-11-09 00:00:00+00:00,9726.2512339,0.38819444444444445
2016-11-10 00:00:00+00:00,4996.45256408,0.47847222222222224
2016-11-11 00:00:00+00:00,3328.33076179,0.5673611111111111
2016-11-12 00:00:00+00:00,2811.55106984,0.6979166666666666
2016-11-13 00:00:00+00:00,6023.54902216,0.6319444444444444
2016-11-14 00:00:00+00:00,7566.58050969,0.5930555555555556
2016-11-15 00:00:00+00:00,5668.93994884,0.5333333333333333
2016-11-16 00:00:00+00:00,11585.04541819,0.4777777777777778
2016-11-17 00:00:00+00:00,6681.43151549,0.48333333333333334
2016-11-18 00:00:00+00:00,4271.04146281,0.5430555555555555
2016-11-19 00:00:00+00:00,1965.43652251,0.6722222222222223
2016-11-20 00:00:00+00:00,5525.9596111,0.6277777777777778
2016-11-21 00:00:00+00:00,4017.57762466,0.5923611111111111
2016-11-22 00:00:00+00:00,5034.70408511,0.5729166666666666
2016-11-23 00:00:00+00:00,4462.77871527,0.5013888888888889
2016-11-24 00:00:00+00:00,4039.81535353,0.5625
2016-11-25 00:00:00+00:00,3356.08903132,0.6111111111111112
2016-11-26 00:00:00+00:00,2314.57662144,0.7208333333333333
2016-11-27 00:00:00+00:00,3447.86947559,0.6798611111111111
2016-11-28 00:00:00+00:00,4741.11519229,0.58125
2016-11-29 00:00:00+00:00,5406.90035323,0.6006944444444444
2016-11-30 00:00:00+00:00,6249.618523,0.5840277777777778
2016-12-01 00:00:00+00:00,6124.50185948,0.6104166666666667
2016-12-02 00:00:00+00:00,8098.57532493,0.46805555555555556
2016-12-03 00:00:00+00:00,2772.6612477099998,0.6701388888888888
2016-12-04 00:00:00+00:00,3215.68481818,0.6819444444444445
2016-12-05 00:00:00+00:00,5567.77285717,0.5270833333333333
2016-12-06 00:00:00+00:00,6763.73852485,0.5236111111111111
2016-12-07 00:00:00+00:00,4809.70777587,0.4625
2016-12-08 00:00:00+00:00,4892.93925488,0.5006944444444444
2016-12-09 00:00:00+00:00,2868.41656863,0.5645833333333333
2016-12-10 00:00:00+00:00,2200.70812765,0.6958333333333333
2016-12-11 00:00:00+00:00,1421.13041748,0.6756944444444445
2016-12-12 00:00:00+00:00,2805.19133166,0.6319444444444444
2016-12-13 00:00:00+00:00,4918.81400706,0.46944444444444444
2016-12-14 00:00:00+00:00,2333.38039481,0.49722222222222223
2016-12-15 00:00:00+00:00,3039.82232695,0.4979166666666667
2016-12-16 00:00:00+00:00,3475.77113231,0.5361111111111111
2016-12-17 00:00:00+00:00,2389.76188083,0.6756944444444445
2016-12-18 00:00:00+00:00,2519.24374939,0.6458333333333334
2016-12-19 00:00:00+00:00,3917.87027522,0.4979166666666667
2016-12-20 00:00:00+00:00,4118.6935046300005,0.51875
2016-12-21 00:00:00+00:00,9391.36496102,0.29097222222222224
2016-12-22 00:00:00+00:00,12070.35326085,0.325
2016-12-23 00:00:00+00:00,16526.62879671,0.2701388888888889
2016-12-24 00:00:00+00:00,6026.45470401,0.4840277777777778
2016-12-25 00:00:00+00:00,4658.23642176,0.5111111111111111
2016-12-26 00:00:00+00:00,3467.54622755,0.49166666666666664
2016-12-27 00:00:00+00:00,7225.77311731,0.4215277777777778
2016-12-28 00:00:00+00:00,12285.11131172,0.3548611111111111
2016-12-29 00:00:00+00:00,7858.45685371,0.3645833333333333
2016-12-30 00:00:00+00:00,10755.03649428,0.34097222222222223
2016-12-31 00:00:00+00:00,4162.92129897,0.4083333333333333
2017-01-01 00:00:00+00:00,6850.59330859,0.5166666666666667
2017-01-02 00:00:00+00:00,8167.38103018,0.41875
2017-01-03 00:00:00+00:00,9089.65802529,0.4263888888888889
2017-01-04 00:00:00+00:00,21562.45697196,0.2513888888888889
2017-01-05 00:00:00+00:00,36018.86111991,0.17083333333333334
2017-01-06 00:00:00+00:00,27916.70309893,0.13541666666666666
2017-01-07 00:00:00+00:00,20401.11359103,0.13402777777777777
2017-01-08 00:00:00+00:00,8937.49270783,0.21944444444444444
2017-01-09 00:00:00+00:00,8716.18294096,0.24930555555555556
2017-01-10 00:00:00+00:00,8535.5216881,0.3472222222222222
2017-01-11 00:00:00+00:00,35893.76836795,0.19027777777777777
2017-01-12 00:00:00+00:00,17400.14155465,0.17708333333333334
2017-01-13 00:00:00+00:00,11409.52033002,0.24583333333333332
2017-01-14 00:00:00+00:00,6614.71899162,0.4395833333333333
2017-01-15 00:00:00+00:00,4231.46390349,0.3388888888888889
2017-01-16 00:00:00+00:00,6166.04397741,0.3972222222222222
2017-01-17 00:00:00+00:00,12264.16938457,0.22708333333333333
2017-01-18 00:00:00+00:00,11181.89887846,0.29305555555555557
2017-01-19 00:00:00+00:00,11094.60329761,0.2611111111111111
2017-01-20 00:00:00+00:00,6618.62776406,0.3770833333333333
2017-01-21 00:00:00+00:00,5865.63203056,0.38958333333333334
2017-01-22 00:00:00+00:00,7166.6654789,0.43819444444444444
2017-01-23 00:00:00+00:00,3514.74142946,0.39375
2017-01-24 00:00:00+00:00,9405.046565,0.2708333333333333
2017-01-25 00:00:00+00:00,5291.55474211,0.375
2017-01-26 00:00:00+00:00,5164.8970199,0.36944444444444446
2017-01-27 00:00:00+00:00,4830.53516221,0.45555555555555555
2017-01-28 00:00:00+00:00,1175.86352983,0.6402777777777777
2017-01-29 00:00:00+00:00,1349.01480033,0.7104166666666667
2017-01-30 00:00:00+00:00,3121.18754443,0.4583333333333333
2017-01-31 00:00:00+00:00,9507.10183224,0.31527777777777777
2017-02-01 00:00:00+00:00,6954.39947163,0.33125
2017-02-02 00:00:00+00:00,8269.68053649,0.3194444444444444
2017-02-03 00:00:00+00:00,10928.024221310001,0.28958333333333336
2017-02-04 00:00:00+00:00,5752.28733969,0.47847222222222224
2017-02-05 00:00:00+00:00,4348.17045024,0.5527777777777778
2017-02-06 00:00:00+00:00,5080.84835472,0.42569444444444443
2017-02-07 00:00:00+00:00,5372.1326253,0.3298611111111111
2017-02-08 00:00:00+00:00,9633.26465194,0.2673611111111111
2017-02-09 00:00:00+00:00,25150.07016403,0.20694444444444443
2017-02-10 00:00:00+00:00,10731.29006905,0.24166666666666667
2017-02-11 00:00:00+00:00,4472.51261675,0.3763888888888889
2017-02-12 00:00:00+00:00,2683.99735828,0.45
2017-02-13 00:00:00+00:00,4547.26036851,0.41805555555555557
2017-02-14 00:00:00+00:00,6761.10806309,0.2916666666666667
2017-02-15 00:00:00+00:00,3095.66000003,0.38958333333333334
2017-02-16 00:00:00+00:00,5996.10412989,0.33402777777777776
2017-02-17 00:00:00+00:00,6085.02260605,0.33125
2017-02-18 00:00:00+00:00,4474.94930623,0.42083333333333334
2017-02-19 00:00:00+00:00,2270.8499116,0.5506944444444445
2017-02-20 00:00:00+00:00,3664.37368596,0.4527777777777778
2017-02-21 00:00:00+00:00,8395.47371599,0.3284722222222222
2017-02-22 00:00:00+00:00,11673.08926566,0.28055555555555556
2017-02-23 00:00:00+00:00,11753.23856018,0.22708333333333333
2017-02-24 00:00:00+00:00,19598.23102576,0.22708333333333333
2017-02-25 00:00:00+00:00,6238.43763039,0.4326388888888889
2017-02-26 00:00:00+00:00,3536.48621434,0.42430555555555555
2017-02-27 00:00:00+00:00,4640.77358977,0.32430555555555557
2017-02-28 00:00:00+00:00,7562.47409479,0.3013888888888889
2017-03-01 00:00:00+00:00,6013.0658229,0.2986111111111111
2017-03-02 00:00:00+00:00,7762.73243908,0.2708333333333333
2017-03-03 00:00:00+00:00,7545.47720312,0.36666666666666664
2017-03-04 00:00:00+00:00,4951.23210502,0.45208333333333334
2017-03-05 00:00:00+00:00,3026.01739466,0.3715277777777778
2017-03-06 00:00:00+00:00,4249.64793811,0.4583333333333333
2017-03-07 00:00:00+00:00,14450.03793683,0.3284722222222222
2017-03-08 00:00:00+00:00,13399.43820916,0.22152777777777777
2017-03-09 00:00:00+00:00,7654.73834924,0.23819444444444443
2017-03-10 00:00:00+00:00,33467.943558,0.2263888888888889
2017-03-11 00:00:00+00:00,7346.7869927,0.2513888888888889
2017-03-12 00:00:00+00:00,5793.90851583,0.29375
2017-03-13 00:00:00+00:00,5637.3629626599995,0.32222222222222224
2017-03-14 00:00:00+00:00,5745.49650884,0.39305555555555555
2017-03-15 00:00:00+00:00,3930.50022526,0.35138888888888886
2017-03-16 00:00:00+00:00,15246.55276022,0.23958333333333334
2017-03-17 00:00:00+00:00,16704.5732203,0.13472222222222222
2017-03-18 00:00:00+00:00,21292.60430849,0.17777777777777778
2017-03-19 00:00:00+00:00,12201.86141156,0.29791666666666666
2017-03-20 00:00:00+00:00,7497.91103414,0.28888888888888886
2017-03-21 00:00:00+00:00,11125.49539514,0.28125
2017-03-22 00:00:00+00:00,14521.256356599999,0.21805555555555556
2017-03-23 00:00:00+00:00,5916.99539286,0.25833333333333336
2017-03-24 00:00:00+00:00,16072.41708326,0.16111111111111112
2017-03-25 00:00:00+00:00,13507.43542088,0.23541666666666666
2017-03-26 00:00:00+00:00,9012.91765111,0.3
2017-03-27 00:00:00+00:00,8687.08711524,0.24791666666666667
2017-03-28 00:00:00+00:00,9115.51712488,0.23333333333333334
2017-03-29 00:00:00+00:00,9379.71932021,0.2673611111111111
2017-03-30 00:00:00+00:00,8645.37787081,0.23194444444444445
2017-03-31 00:00:00+00:00,12058.788094559999,0.19027777777777777
2017-04-01 00:00:00+00:00,5209.12836262,0.28125
2017-04-02 00:00:00+00:00,7639.89621671,0.2722222222222222
2017-04-03 00:00:00+00:00,11076.86273059,0.16805555555555557
2017-04-04 00:00:00+00:00,7420.8662382,0.1909722222222222
2017-04-05 00:00:00+00:00,5588.97640824,0.24583333333333332
2017-04-06 00:00:00+00:00,9134.29559762,0.1909722222222222
2017-04-07 00:00:00+00:00,5450.27271426,0.24027777777777778
2017-04-08 00:00:00+00:00,2720.79822734,0.42986111111111114
2017-04-09 00:00:00+00:00,4817.42424874,0.4284722222222222
2017-04-10 00:00:00+00:00,3656.81631296,0.38680555555555557
2017-04-11 00:00:00+00:00,3487.75310814,0.38263888888888886
2017-04-12 00:00:00+00:00,3475.19462571,0.33055555555555555
2017-04-13 00:00:00+00:00,7135.3029565,0.2708333333333333
2017-04-14 00:00:00+00:00,8982.76789635,0.3548611111111111
2017-04-15 00:00:00+00:00,1804.4507968,0.58125
2017-04-16 00:00:00+00:00,2663.99028304,0.5458333333333333
2017-04-17 00:00:00+00:00,3568.82507477,0.4826388888888889
2017-04-18 00:00:00+00:00,5514.18240451,0.33194444444444443
2017-04-19 00:00:00+00:00,6046.51943656,0.31319444444444444
2017-04-20 00:00:00+00:00,5972.93539154,0.2722222222222222
2017-04-21 00:00:00+00:00,5023.0385204,0.26805555555555555
2017-04-22 00:00:00+00:00,4173.28321472,0.3638888888888889
2017-04-23 00:00:00+00:00,2604.72196524,0.39861111111111114
2017-04-24 00:00:00+00:00,3048.68890003,0.36736111111111114
2017-04-25 00:00:00+00:00,5249.77353318,0.3013888888888889
2017-04-26 00:00:00+00:00,8707.63904245,0.24722222222222223
2017-04-27 00:00:00+00:00,6669.98746832,0.27152777777777776
2017-04-28 00:00:00+00:00,8234.2755437,0.18541666666666667
2017-04-29 00:00:00+00:00,3927.45061482,0.3659722222222222
2017-04-30 00:00:00+00:00,3536.1758111,0.4361111111111111
2017-05-01 00:00:00+00:00,8604.41493207,0.25833333333333336
2017-05-02 00:00:00+00:00,8920.68985793,0.2361111111111111
2017-05-03 00:00:00+00:00,11077.5894872,0.24305555555555555
2017-05-04 00:00:00+00:00,19548.52973673,0.14305555555555555
2017-05-05 00:00:00+00:00,15603.68436616,0.10972222222222222
2017-05-06 00:00:00+00:00,7901.1428401,0.21666666666666667
2017-05-07 00:00:00+00:00,7667.78585113,0.2388888888888889
2017-05-08 00:00:00+00:00,19262.35352625,0.1076388888888889
2017-05-09 00:00:00+00:00,16807.73323227,0.13194444444444445
2017-05-10 00:00:00+00:00,11265.37863829,0.16319444444444445
2017-05-11 00:00:00+00:00,14740.21932638,0.16180555555555556
2017-05-12 00:00:00+00:00,17062.84462773,0.11875
2017-05-13 00:00:00+00:00,10532.23451343,0.22291666666666668
2017-05-14 00:00:00+00:00,4816.73208815,0.3194444444444444
2017-05-15 00:00:00+00:00,13316.80217814,0.17291666666666666
2017-05-16 00:00:00+00:00,16554.0885802,0.14583333333333334
2017-05-17 00:00:00+00:00,17797.31852412,0.10277777777777777
2017-05-18 00:00:00+00:00,11916.1233907,0.18541666666666667
2017-05-19 00:00:00+00:00,14124.61831495,0.12361111111111112
2017-05-20 00:00:00+00:00,12309.94747354,0.15833333333333333
2017-05-21 00:00:00+00:00,6755.83436855,0.2548611111111111
2017-05-22 00:00:00+00:00,16338.53540635,0.2048611111111111
2017-05-23 00:00:00+00:00,14138.91966835,0.14444444444444443
2017-05-24 00:00:00+00:00,22144.5982011,0.11388888888888889
2017-05-25 00:00:00+00:00,32964.76142591,0.0625
2017-05-26 00:00:00+00:00,28326.82201443,0.052083333333333336
2017-05-27 00:00:00+00:00,26216.2751269,0.043055555555555555
2017-05-28 00:00:00+00:00,15375.21812611,0.07430555555555556
2017-05-29 00:00:00+00:00,12129.27808588,0.12569444444444444
2017-05-30 00:00:00+00:00,13888.85097299,0.10902777777777778
2017-05-31 00:00:00+00:00,16279.2924315,0.08194444444444444
2017-06-01 00:00:00+00:00,18401.66360125,0.06736111111111111
2017-06-02 00:00:00+00:00,12428.70059429,0.09652777777777778
2017-06-03 00:00:00+00:00,10810.58468925,0.11805555555555555
2017-06-04 00:00:00+00:00,8828.62494281,0.13402777777777777
2017-06-05 00:00:00+00:00,12221.444806,0.13402777777777777
2017-06-06 00:00:00+00:00,26695.67081758,0.04861111111111111
2017-06-07 00:00:00+00:00,16967.04353572,0.07361111111111111
2017-06-08 00:00:00+00:00,13251.40544911,0.06736111111111111
2017-06-09 00:00:00+00:00,8036.31356941,0.11805555555555555
2017-06-10 00:00:00+00:00,9593.36119146,0.09583333333333334
2017-06-11 00:00:00+00:00,6830.60683981,0.13402777777777777
2017-06-12 00:00:00+00:00,31534.9460555,0.08055555555555556
2017-06-13 00:00:00+00:00,16275.83441252,0.075
2017-06-14 00:00:00+00:00,29478.82028393,0.07222222222222222
2017-06-15 00:00:00+00:00,36751.09130817,0.03611111111111111
2017-06-16 00:00:00+00:00,13802.39329983,0.12361111111111112
2017-06-17 00:00:00+00:00,11142.985185559999,0.1423611111111111
2017-06-18 00:00:00+00:00,9424.23118056,0.13333333333333333
2017-06-19 00:00:00+00:00,10570.672525,0.12777777777777777
2017-06-20 00:00:00+00:00,15891.69948817,0.075
2017-06-21 00:00:00+00:00,15676.32352625,0.09305555555555556
2017-06-22 00:00:00+00:00,10792.78764641,0.13402777777777777
2017-06-23 00:00:00+00:00,8232.48064925,0.1326388888888889
2017-06-24 00:00:00+00:00,13342.81785584,0.14652777777777778
2017-06-25 00:00:00+00:00,10339.57437415,0.19236111111111112
2017-06-26 00:00:00+00:00,22094.21151071,0.09652777777777778
2017-06-27 00:00:00+00:00,19129.59650756,0.07013888888888889
2017-06-28 00:00:00+00:00,12274.54530348,0.08333333333333333
2017-06-29 00:00:00+00:00,8125.37763725,0.1840277777777778
2017-06-30 00:00:00+00:00,8715.71676156,0.15555555555555556
2017-07-01 00:00:00+00:00,8885.89349655,0.16805555555555557
2017-07-02 00:00:00+00:00,8744.53441127,0.15555555555555556
2017-07-03 00:00:00+00:00,11520.70730801,0.15416666666666667
2017-07-04 00:00:00+00:00,9662.75941445,0.14583333333333334
2017-07-05 00:00:00+00:00,10882.83901071,0.1111111111111111
2017-07-06 00:00:00+00:00,8333.98094907,0.20902777777777778
2017-07-07 00:00:00+00:00,9430.6154578,0.1486111111111111
2017-07-08 00:00:00+00:00,5405.89088691,0.17430555555555555
2017-07-09 00:00:00+00:00,4483.14413363,0.23125
2017-07-10 00:00:00+00:00,17296.34045274,0.15208333333333332
2017-07-11 00:00:00+00:00,17580.96163529,0.08472222222222223
2017-07-12 00:00:00+00:00,12883.55493809,0.09166666666666666
2017-07-13 00:00:00+00:00,8429.85040306,0.1763888888888889
2017-07-14 00:00:00+00:00,12659.01704362,0.18472222222222223
2017-07-15 00:00:00+00:00,19886.67952318,0.08333333333333333
2017-07-16 00:00:00+00:00,25562.70564457,0.08819444444444445
2017-07-17 00:00:00+00:00,26448.50140255,0.07916666666666666
2017-07-18 00:00:00+00:00,25204.48960246,0.06319444444444444
2017-07-19 00:00:00+00:00,17009.88349592,0.08819444444444445
2017-07-20 00:00:00+00:00,30989.89112526,0.10069444444444445
2017-07-21 00:00:00+00:00,20724.16050338,0.05277777777777778
2017-07-22 00:00:00+00:00,12819.63134804,0.1284722222222222
2017-07-23 00:00:00+00:00,11001.96460067,0.125
2017-07-24 00:00:00+00:00,10001.9150661,0.14652777777777778
2017-07-25 00:00:00+00:00,21326.54783885,0.09513888888888888
2017-07-26 00:00:00+00:00,17713.6744658,0.06319444444444444
2017-07-27 00:00:00+00:00,11826.47519948,0.09444444444444444
2017-07-28 00:00:00+00:00,14069.50149214,0.08958333333333333
2017-07-29 00:00:00+00:00,10782.21753675,0.14444444444444443
2017-07-30 00:00:00+00:00,9678.16126067,0.2013888888888889
2017-07-31 00:00:00+00:00,11114.33554221,0.125
2017-08-01 00:00:00+00:00,12525.07669112,0.1326388888888889
2017-08-02 00:00:00+00:00,9486.62552563,0.13472222222222222
2017-08-03 00:00:00+00:00,7963.69799924,0.22430555555555556
2017-08-04 00:00:00+00:00,7635.8216719,0.1840277777777778
2017-08-05 00:00:00+00:00,16996.27310091,0.10625
2017-08-06 00:00:00+00:00,5998.73578852,0.1736111111111111
2017-08-07 00:00:00+00:00,12046.11726501,0.16319444444444445
2017-08-08 00:00:00+00:00,15835.37020781,0.08055555555555556
2017-08-09 00:00:00+00:00,14286.84413824,0.08333333333333333
2017-08-10 00:00:00+00:00,9031.12128021,0.12708333333333333
2017-08-11 00:00:00+00:00,11927.37333424,0.15833333333333333
2017-08-12 00:00:00+00:00,12351.07466143,0.1326388888888889
2017-08-13 00:00:00+00:00,15889.82978854,0.07430555555555556
2017-08-14 00:00:00+00:00,14212.30420724,0.10972222222222222
2017-08-15 00:00:00+00:00,25515.71801437,0.07013888888888889
2017-08-16 00:00:00+00:00,12923.63728054,0.08055555555555556
2017-08-17 00:00:00+00:00,14573.18592909,0.10069444444444445
2017-08-18 00:00:00+00:00,17516.99336076,0.07361111111111111
2017-08-19 00:00:00+00:00,15036.18405113,0.12777777777777777
2017-08-20 00:00:00+00:00,6237.9728963200005,0.14166666666666666
2017-08-21 00:00:00+00:00,9782.05659401,0.1284722222222222
2017-08-22 00:00:00+00:00,23522.75816636,0.04791666666666667
2017-08-23 00:00:00+00:00,14979.40348147,0.10555555555555556
2017-08-24 00:00:00+00:00,10782.69436738,0.13472222222222222
2017-08-25 00:00:00+00:00,9699.61003374,0.11805555555555555
2017-08-26 00:00:00+00:00,6559.66860375,0.22013888888888888
2017-08-27 00:00:00+00:00,3979.12445283,0.24305555555555555
2017-08-28 00:00:00+00:00,8641.0024459,0.1986111111111111
2017-08-29 00:00:00+00:00,11879.64283069,0.14930555555555555
2017-08-30 00:00:00+00:00,8720.03503995,0.11527777777777778
2017-08-31 00:00:00+00:00,8911.41245939,0.15833333333333333
2017-09-01 00:00:00+00:00,15367.52969736,0.11458333333333333
2017-09-02 00:00:00+00:00,16977.79362226,0.075
2017-09-03 00:00:00+00:00,11224.9145563,0.11805555555555555
2017-09-04 00:00:00+00:00,25069.12523005,0.07152777777777777
2017-09-05 00:00:00+00:00,20884.21969353,0.06805555555555555
2017-09-06 00:00:00+00:00,16634.10420534,0.0798611111111111
2017-09-07 00:00:00+00:00,9254.85142692,0.12430555555555556
2017-09-08 00:00:00+00:00,23693.30162259,0.11666666666666667
2017-09-09 00:00:00+00:00,9974.38823453,0.07777777777777778
2017-09-10 00:00:00+00:00,14724.20414387,0.07777777777777778
2017-09-11 00:00:00+00:00,11191.59504385,0.07916666666666666
2017-09-12 00:00:00+00:00,13294.43769742,0.08888888888888889
2017-09-13 00:00:00+00:00,29636.38096311,0.06180555555555556
2017-09-14 00:00:00+00:00,41319.3971257,0.04722222222222222
2017-09-15 00:00:00+00:00,60278.94654177,0.02847222222222222
2017-09-16 00:00:00+00:00,23158.22891071,0.06875
2017-09-17 00:00:00+00:00,11770.21765049,0.0875
2017-09-18 00:00:00+00:00,17207.59892439,0.06111111111111111
2017-09-19 00:00:00+00:00,15278.9304404,0.07847222222222222
2017-09-20 00:00:00+00:00,11660.27181331,0.1111111111111111
2017-09-21 00:00:00+00:00,17904.29717206,0.08194444444444444
2017-09-22 00:00:00+00:00,15007.73844949,0.05416666666666667
2017-09-23 00:00:00+00:00,10123.23213552,0.09305555555555556
2017-09-24 00:00:00+00:00,6508.72499023,0.09513888888888888
2017-09-25 00:00:00+00:00,14979.78226289,0.08055555555555556
2017-09-26 00:00:00+00:00,10014.62367124,0.10694444444444444
2017-09-27 00:00:00+00:00,15075.83871664,0.08402777777777778
2017-09-28 00:00:00+00:00,9625.92938226,0.09375
2017-09-29 00:00:00+00:00,12191.93065131,0.08333333333333333
2017-09-30 00:00:00+00:00,7496.78249925,0.14027777777777778
2017-10-01 00:00:00+00:00,7211.3351358,0.225
2017-10-02 00:00:00+00:00,8259.8186315,0.16111111111111112
2017-10-03 00:00:00+00:00,12468.05725642,0.10833333333333334
2017-10-04 00:00:00+00:00,8518.99274917,0.10625
2017-10-05 00:00:00+00:00,8419.96284162,0.1111111111111111
2017-10-06 00:00:00+00:00,8377.30164966,0.13680555555555557
2017-10-07 00:00:00+00:00,4646.40562117,0.2298611111111111
2017-10-08 00:00:00+00:00,10083.86684927,0.13958333333333334
2017-10-09 00:00:00+00:00,12923.66661677,0.10486111111111111
2017-10-10 00:00:00+00:00,11666.02496241,0.11875
2017-10-11 00:00:00+00:00,9866.89562175,0.09236111111111112
2017-10-12 00:00:00+00:00,19916.22801995,0.07083333333333333
2017-10-13 00:00:00+00:00,27827.38028536,0.05555555555555555
2017-10-14 00:00:00+00:00,8410.9362308,0.10486111111111111
2017-10-15 00:00:00+00:00,11542.94583367,0.10625
2017-10-16 00:00:00+00:00,9066.79974453,0.09166666666666666
2017-10-17 00:00:00+00:00,9105.28187907,0.09791666666666667
2017-10-18 00:00:00+00:00,18961.67579669,0.06875
2017-10-19 00:00:00+00:00,9919.83821694,0.07222222222222222
2017-10-20 00:00:00+00:00,15109.06365101,0.13055555555555556
2017-10-21 00:00:00+00:00,15357.42373371,0.06666666666666667
2017-10-22 00:00:00+00:00,12232.52332991,0.06458333333333334
2017-10-23 00:00:00+00:00,15331.63502934,0.10416666666666667
2017-10-24 00:00:00+00:00,17286.72373931,0.06041666666666667
2017-10-25 00:00:00+00:00,12349.1067022,0.08541666666666667
2017-10-26 00:00:00+00:00,11788.30258919,0.09305555555555556
2017-10-27 00:00:00+00:00,11911.04199625,0.0763888888888889
2017-10-28 00:00:00+00:00,5926.29737158,0.18541666666666667
2017-10-29 00:00:00+00:00,16086.62569466,0.13194444444444445
2017-10-30 00:00:00+00:00,9574.64365313,0.11597222222222223
2017-10-31 00:00:00+00:00,13423.30855051,0.12916666666666668
2017-11-01 00:00:00+00:00,12967.22211638,0.14097222222222222
2017-11-02 00:00:00+00:00,26514.65119452,0.06527777777777778
2017-11-03 00:00:00+00:00,15999.78379684,0.06805555555555555
2017-11-04 00:00:00+00:00,9200.11461844,0.09513888888888888
2017-11-05 00:00:00+00:00,9218.32689776,0.11180555555555556
2017-11-06 00:00:00+00:00,19323.12875746,0.049305555555555554
2017-11-07 00:00:00+00:00,11634.26529651,0.06666666666666667
2017-11-08 00:00:00+00:00,24679.7205496,0.04513888888888889
2017-11-09 00:00:00+00:00,14799.26577204,0.05277777777777778
2017-11-10 00:00:00+00:00,26614.27605231,0.05416666666666667
2017-11-11 00:00:00+00:00,14942.70255533,0.0625
2017-11-12 00:00:00+00:00,37315.1566398,0.04027777777777778
2017-11-13 00:00:00+00:00,27202.28180796,0.043055555555555555
2017-11-14 00:00:00+00:00,12072.05308804,0.04652777777777778
2017-11-15 00:00:00+00:00,16869.89791295,0.07361111111111111
2017-11-16 00:00:00+00:00,19272.37147666,0.06388888888888888
2017-11-17 00:00:00+00:00,17714.36787452,0.058333333333333334
2017-11-18 00:00:00+00:00,7326.81014016,0.0763888888888889
2017-11-19 00:00:00+00:00,8307.77750857,0.11388888888888889
2017-11-20 00:00:00+00:00,8179.45772727,0.10833333333333334
2017-11-21 00:00:00+00:00,13686.511238699999,0.06527777777777778
2017-11-22 00:00:00+00:00,8078.58080138,0.12152777777777778
2017-11-23 00:00:00+00:00,7811.79339997,0.07222222222222222
2017-11-24 00:00:00+00:00,9289.98925704,0.044444444444444446
2017-11-25 00:00:00+00:00,11611.66637888,0.16041666666666668
2017-11-26 00:00:00+00:00,12021.21548696,0.10416666666666667
2017-11-27 00:00:00+00:00,13272.45254013,0.07361111111111111
2017-11-28 00:00:00+00:00,11214.92993115,0.08958333333333333
2017-11-29 00:00:00+00:00,33432.33996208,0.11527777777777778
2017-11-30 00:00:00+00:00,25433.45836367,0.052083333333333336
2017-12-01 00:00:00+00:00,16708.03224846,0.05694444444444444
2017-12-02 00:00:00+00:00,9267.16105468,0.0625
2017-12-03 00:00:00+00:00,14238.525877,0.07083333333333333
2017-12-04 00:00:00+00:00,13621.48197282,0.041666666666666664
2017-12-05 00:00:00+00:00,11875.03377686,0.07013888888888889
2017-12-06 00:00:00+00:00,19784.87348713,0.05416666666666667
2017-12-07 00:00:00+00:00,25787.67655646,0.05416666666666667
2017-12-08 00:00:00+00:00,25473.39531065,0.034027777777777775
2017-12-09 00:00:00+00:00,16587.47292694,0.029861111111111113
2017-12-10 00:00:00+00:00,18487.98304099,0.034722222222222224
2017-12-11 00:00:00+00:00,16583.72315538,0.03958333333333333
2017-12-12 00:00:00+00:00,13517.89210328,0.0625
2017-12-13 00:00:00+00:00,17136.7058582,0.07847222222222222
2017-12-14 00:00:00+00:00,13409.52428786,0.05486111111111111
2017-12-15 00:00:00+00:00,18998.38813709,0.05138888888888889
2017-12-16 00:00:00+00:00,9761.22080853,0.07083333333333333
2017-12-17 00:00:00+00:00,9749.24915462,0.07083333333333333
2017-12-18 00:00:00+00:00,14678.94144797,0.058333333333333334
2017-12-19 00:00:00+00:00,21528.13766503,0.03611111111111111
2017-12-20 00:00:00+00:00,31172.2288067,0.013888888888888888
2017-12-21 00:00:00+00:00,20377.86043859,0.020833333333333332
2017-12-22 00:00:00+00:00,57444.885803260004,0.027777777777777776
2017-12-23 00:00:00+00:00,21786.4086642,0.049305555555555554
2017-12-24 00:00:00+00:00,18519.48932254,0.02847222222222222
2017-12-25 00:00:00+00:00,11564.54433309,0.050694444444444445
2017-12-26 00:00:00+00:00,15051.16401761,0.058333333333333334
2017-12-27 00:00:00+00:00,15643.75488215,0.04097222222222222
2017-12-28 00:00:00+00:00,16557.21732271,0.024305555555555556
2017-12-29 00:00:00+00:00,13505.70299216,0.03819444444444445
2017-12-30 00:00:00+00:00,21749.67444609,0.01875
2017-12-31 00:00:00+00:00,11583.41864698,0.043055555555555555
2018-01-01 00:00:00+00:00,7688.0306846,0.05555555555555555
2018-01-02 00:00:00+00:00,16299.66930279,0.03888888888888889
2018-01-03 00:00:00+00:00,12275.00119668,0.0375
2018-01-04 00:00:00+00:00,15004.01859256,0.03888888888888889
2018-01-05 00:00:00+00:00,16248.914679559999,0.03680555555555556
2018-01-06 00:00:00+00:00,9501.01675546,0.029166666666666667
2018-01-07 00:00:00+00:00,8632.81384337,0.041666666666666664
2018-01-08 00:00:00+00:00,16676.34994239,0.022222222222222223
2018-01-09 00:00:00+00:00,13913.52469368,0.041666666666666664
2018-01-10 00:00:00+00:00,18479.01253046,0.014583333333333334
2018-01-11 00:00:00+00:00,19630.07517112,0.021527777777777778
2018-01-12 00:00:00+00:00,13433.08481363,0.05486111111111111
2018-01-13 00:00:00+00:00,7488.98701847,0.04791666666666667
2018-01-14 00:00:00+00:00,7588.63558972,0.049305555555555554
2018-01-15 00:00:00+00:00,9444.63530824,0.043055555555555555
2018-01-16 00:00:00+00:00,38789.88308789,0.02013888888888889
2018-01-17 00:00:00+00:00,41356.1897379,0.009027777777777777
2018-01-18 00:00:00+00:00,22195.26202056,0.016666666666666666
2018-01-19 00:00:00+00:00,13203.25567513,0.03125
2018-01-20 00:00:00+00:00,10324.05733414,0.03611111111111111
2018-01-21 00:00:00+00:00,11596.44128787,0.025
2018-01-22 00:00:00+00:00,17067.72925582,0.01597222222222222
2018-01-23 00:00:00+00:00,17250.17614645,0.018055555555555554
2018-01-24 00:00:00+00:00,11646.79059794,0.027083333333333334
2018-01-25 00:00:00+00:00,10212.92183381,0.025694444444444443
2018-01-26 00:00:00+00:00,15074.66641243,0.04375
2018-01-27 00:00:00+00:00,10309.80746248,0.05555555555555555
2018-01-28 00:00:00+00:00,9956.09249576,0.04513888888888889
2018-01-29 00:00:00+00:00,9996.35689848,0.04097222222222222
2018-01-30 00:00:00+00:00,21082.19252764,0.04583333333333333
2018-01-31 00:00:00+00:00,12743.50947059,0.025
2018-02-01 00:00:00+00:00,26356.58883931,0.030555555555555555
2018-02-02 00:00:00+00:00,44406.01982931,0.015277777777777777
2018-02-03 00:00:00+00:00,16208.37411342,0.022222222222222223
2018-02-04 00:00:00+00:00,19110.67246079,0.027083333333333334
2018-02-05 00:00:00+00:00,46544.42880431,0.009027777777777777
2018-02-06 00:00:00+00:00,70961.36965826,0.013888888888888888
2018-02-07 00:00:00+00:00,32640.89253754,0.018055555555555554
2018-02-08 00:00:00+00:00,22746.39118112,0.019444444444444445
2018-02-09 00:00:00+00:00,18418.11709042,0.030555555555555555
2018-02-10 00:00:00+00:00,14670.55870203,0.03125
2018-02-11 00:00:00+00:00,12711.7858457,0.04375
2018-02-12 00:00:00+00:00,15071.04029684,0.022222222222222223
2018-02-13 00:00:00+00:00,11374.52415254,0.029166666666666667
2018-02-14 00:00:00+00:00,17468.73886593,0.01875
2018-02-15 00:00:00+00:00,21036.3373175,0.018055555555555554
2018-02-16 00:00:00+00:00,11857.64277513,0.01875
2018-02-17 00:00:00+00:00,14511.16913676,0.01875
2018-02-18 00:00:00+00:00,17623.07943135,0.01597222222222222
2018-02-19 00:00:00+00:00,11698.25622611,0.018055555555555554
2018-02-20 00:00:00+00:00,15880.9090398,0.022222222222222223
2018-02-21 00:00:00+00:00,19959.67715652,0.005555555555555556
2018-02-22 00:00:00+00:00,20204.69095384,0.009027777777777777
2018-02-23 00:00:00+00:00,16044.03930333,0.011805555555555555
2018-02-24 00:00:00+00:00,13972.71472351,0.03888888888888889
2018-02-25 00:00:00+00:00,11037.17695269,0.027777777777777776
2018-02-26 00:00:00+00:00,16156.80505618,0.025694444444444443
2018-02-27 00:00:00+00:00,10408.47993775,0.03958333333333333
2018-02-28 00:00:00+00:00,10490.74905816,0.029166666666666667
2018-03-01 00:00:00+00:00,9481.66514611,0.04722222222222222
2018-03-02 00:00:00+00:00,8329.09790086,0.03680555555555556
2018-03-03 00:00:00+00:00,7786.26753951,0.07222222222222222
2018-03-04 00:00:00+00:00,6831.63070279,0.07916666666666666
2018-03-05 00:00:00+00:00,9933.67623336,0.07013888888888889
2018-03-06 00:00:00+00:00,14734.41949313,0.043055555555555555
2018-03-07 00:00:00+00:00,26116.51184803,0.020833333333333332
2018-03-08 00:00:00+00:00,22522.42746991,0.009722222222222222
2018-03-09 00:00:00+00:00,29014.16684454,0.013888888888888888
2018-03-10 00:00:00+00:00,12886.58857926,0.030555555555555555
2018-03-11 00:00:00+00:00,16407.54237557,0.03888888888888889
2018-03-12 00:00:00+00:00,18751.02057959,0.021527777777777778
2018-03-13 00:00:00+00:00,16001.47534639,0.022222222222222223
2018-03-14 00:00:00+00:00,21191.0231358,0.020833333333333332
2018-03-15 00:00:00+00:00,18387.61138793,0.024305555555555556
2018-03-16 00:00:00+00:00,16498.62433531,0.020833333333333332
2018-03-17 00:00:00+00:00,12048.6688914,0.05486111111111111
2018-03-18 00:00:00+00:00,19547.36114711,0.017361111111111112
2018-03-19 00:00:00+00:00,19396.08835883,0.016666666666666666
2018-03-20 00:00:00+00:00,13454.8222604,0.030555555555555555
2018-03-21 00:00:00+00:00,12100.99713332,0.04722222222222222
2018-03-22 00:00:00+00:00,12587.63392229,0.05138888888888889
2018-03-23 00:00:00+00:00,13749.78486097,0.041666666666666664
2018-03-24 00:00:00+00:00,9731.98236841,0.05277777777777778
2018-03-25 00:00:00+00:00,9155.91214778,0.06875
2018-03-26 00:00:00+00:00,17693.4153393,0.05555555555555555
2018-03-27 00:00:00+00:00,12385.25028422,0.03263888888888889
2018-03-28 00:00:00+00:00,8437.64467971,0.03194444444444444
2018-03-29 00:00:00+00:00,22138.11413228,0.03263888888888889
2018-03-30 00:00:00+00:00,29101.44802706,0.013194444444444444
2018-03-31 00:00:00+00:00,11579.59705718,0.034722222222222224
2018-04-01 00:00:00+00:00,18046.94087395,0.029861111111111113
2018-04-02 00:00:00+00:00,13624.16035566,0.027083333333333334
2018-04-03 00:00:00+00:00,16089.54162903,0.03958333333333333
2018-04-04 00:00:00+00:00,15779.20246661,0.03819444444444445
2018-04-05 00:00:00+00:00,11894.53597807,0.022916666666666665
2018-04-06 00:00:00+00:00,8478.41806897,0.059027777777777776
2018-04-07 00:00:00+00:00,7683.0416526,0.08819444444444445
2018-04-08 00:00:00+00:00,4352.69794202,0.09722222222222222
2018-04-09 00:00:00+00:00,10103.91621615,0.06805555555555555
2018-04-10 00:00:00+00:00,6480.19276418,0.06527777777777778
2018-04-11 00:00:00+00:00,5825.41064556,0.09444444444444444
2018-04-12 00:00:00+00:00,19033.3803344,0.05694444444444444
2018-04-13 00:00:00+00:00,19605.94275077,0.01875
2018-04-14 00:00:00+00:00,8935.53071477,0.03611111111111111
2018-04-15 00:00:00+00:00,7542.84081564,0.03888888888888889
2018-04-16 00:00:00+00:00,10866.60295749,0.04513888888888889
2018-04-17 00:00:00+00:00,9277.15121538,0.020833333333333332
2018-04-18 00:00:00+00:00,9227.20459808,0.024305555555555556
2018-04-19 00:00:00+00:00,9436.84632763,0.03819444444444445
2018-04-20 00:00:00+00:00,16059.62267134,0.04027777777777778
2018-04-21 00:00:00+00:00,15336.30792743,0.03680555555555556
2018-04-22 00:00:00+00:00,9346.45175925,0.04027777777777778
2018-04-23 00:00:00+00:00,10286.1177149,0.04861111111111111
2018-04-24 00:00:00+00:00,20460.50898304,0.025
2018-04-25 00:00:00+00:00,33035.90404482,0.013888888888888888
2018-04-26 00:00:00+00:00,20042.96970211,0.013194444444444444
2018-04-27 00:00:00+00:00,11375.51437547,0.022916666666666665
2018-04-28 00:00:00+00:00,15558.40230193,0.03263888888888889
2018-04-29 00:00:00+00:00,10940.71803063,0.03611111111111111
2018-04-30 00:00:00+00:00,8085.68829456,0.03611111111111111
2018-05-01 00:00:00+00:00,12138.2639605,0.034027777777777775
2018-05-02 00:00:00+00:00,10575.17497792,0.06736111111111111
2018-05-03 00:00:00+00:00,11670.79957863,0.04375
2018-05-04 00:00:00+00:00,7326.05207111,0.050694444444444445
2018-05-05 00:00:00+00:00,7403.10502352,0.03125
2018-05-06 00:00:00+00:00,8155.5768566,0.03680555555555556
2018-05-07 00:00:00+00:00,13616.3485933,0.034722222222222224
2018-05-08 00:00:00+00:00,11418.31053651,0.03680555555555556
2018-05-09 00:00:00+00:00,11368.83432539,0.035416666666666666
2018-05-10 00:00:00+00:00,11764.9775057,0.02847222222222222
2018-05-11 00:00:00+00:00,20383.92660992,0.015277777777777777
2018-05-12 00:00:00+00:00,15464.92940302,0.017361111111111112
2018-05-13 00:00:00+00:00,9835.22450915,0.01875
2018-05-14 00:00:00+00:00,18861.93709627,0.025694444444444443
2018-05-15 00:00:00+00:00,12391.83198691,0.025
2018-05-16 00:00:00+00:00,12705.12321984,0.02847222222222222
2018-05-17 00:00:00+00:00,8259.12452442,0.03194444444444444
2018-05-18 00:00:00+00:00,7181.20388348,0.02638888888888889
2018-05-19 00:00:00+00:00,3784.07576637,0.05486111111111111
2018-05-20 00:00:00+00:00,5314.99889979,0.0375
2018-05-21 00:00:00+00:00,6126.97105348,0.03958333333333333
2018-05-22 00:00:00+00:00,9101.06078693,0.049305555555555554
2018-05-23 00:00:00+00:00,17635.90129337,0.03333333333333333
2018-05-24 00:00:00+00:00,11648.36524358,0.018055555555555554
2018-05-25 00:00:00+00:00,10088.84331121,0.03125
2018-05-26 00:00:00+00:00,4043.55765023,0.07013888888888889
2018-05-27 00:00:00+00:00,3144.45110906,0.075
2018-05-28 00:00:00+00:00,6583.63252959,0.05625
2018-05-29 00:00:00+00:00,11049.92099287,0.04583333333333333
2018-05-30 00:00:00+00:00,8940.4540053,0.034722222222222224
2018-05-31 00:00:00+00:00,7339.00726931,0.03611111111111111
2018-06-01 00:00:00+00:00,6762.6275727,0.04097222222222222
2018-06-02 00:00:00+00:00,4012.16875521,0.06736111111111111
2018-06-03 00:00:00+00:00,4729.21008365,0.05555555555555555
2018-06-04 00:00:00+00:00,6990.5513527,0.05347222222222222
2018-06-05 00:00:00+00:00,9968.45508961,0.0375
2018-06-06 00:00:00+00:00,7058.05577232,0.05625
2018-06-07 00:00:00+00:00,7545.00925066,0.0375
2018-06-08 00:00:00+00:00,4676.55832777,0.08194444444444444
2018-06-09 00:00:00+00:00,2713.78104511,0.14791666666666667
2018-06-10 00:00:00+00:00,14392.69540615,0.034027777777777775
2018-06-11 00:00:00+00:00,11409.52423218,0.052083333333333336
2018-06-12 00:00:00+00:00,8827.5994997,0.05347222222222222
2018-06-13 00:00:00+00:00,19190.50457858,0.024305555555555556
2018-06-14 00:00:00+00:00,14185.83821156,0.020833333333333332
2018-06-15 00:00:00+00:00,7132.20678871,0.04027777777777778
2018-06-16 00:00:00+00:00,3553.69972603,0.09722222222222222
2018-06-17 00:00:00+00:00,2828.75680848,0.09444444444444444
2018-06-18 00:00:00+00:00,5940.1743975,0.09166666666666666
2018-06-19 00:00:00+00:00,5443.67979628,0.10486111111111111
2018-06-20 00:00:00+00:00,5193.76884592,0.14027777777777778
2018-06-21 00:00:00+00:00,4837.32442832,0.08680555555555555
2018-06-22 00:00:00+00:00,18544.14405465,0.025694444444444443
2018-06-23 00:00:00+00:00,4585.87147205,0.08125
2018-06-24 00:00:00+00:00,11423.59392896,0.05763888888888889
2018-06-25 00:00:00+00:00,9689.68930701,0.04097222222222222
2018-06-26 00:00:00+00:00,7751.62208792,0.050694444444444445
2018-06-27 00:00:00+00:00,7446.86155074,0.050694444444444445
2018-06-28 00:00:00+00:00,8878.39857291,0.034722222222222224
2018-06-29 00:00:00+00:00,12067.37316767,0.02361111111111111
2018-06-30 00:00:00+00:00,6915.08887702,0.08194444444444444
2018-07-01 00:00:00+00:00,4160.70556721,0.08611111111111111
2018-07-02 00:00:00+00:00,8799.80247408,0.03125
2018-07-03 00:00:00+00:00,5924.86541706,0.02638888888888889
2018-07-04 00:00:00+00:00,6706.7340062,0.04027777777777778
2018-07-05 00:00:00+00:00,7692.21577694,0.016666666666666666
2018-07-06 00:00:00+00:00,5457.67218749,0.03333333333333333
2018-07-07 00:00:00+00:00,4842.79587112,0.07847222222222222
2018-07-08 00:00:00+00:00,5145.84575684,0.07361111111111111
2018-07-09 00:00:00+00:00,7165.21723333,0.03958333333333333
2018-07-10 00:00:00+00:00,9163.01977492,0.01875
2018-07-11 00:00:00+00:00,6370.13680136,0.034722222222222224
2018-07-12 00:00:00+00:00,7792.46685782,0.029166666666666667
2018-07-13 00:00:00+00:00,5901.29571452,0.035416666666666666
2018-07-14 00:00:00+00:00,2584.7339623,0.15069444444444444
2018-07-15 00:00:00+00:00,3556.2931071900002,0.11944444444444445
2018-07-16 00:00:00+00:00,9404.05647649,0.03263888888888889
2018-07-17 00:00:00+00:00,12703.29651293,0.03263888888888889
2018-07-18 00:00:00+00:00,13347.87637571,0.01875
2018-07-19 00:00:00+00:00,8803.25309749,0.011805555555555555
2018-07-20 00:00:00+00:00,9379.17143244,0.01875
2018-07-21 00:00:00+00:00,4049.81022253,0.10555555555555556
2018-07-22 00:00:00+00:00,5107.9788128,0.07847222222222222
2018-07-23 00:00:00+00:00,12572.45317131,0.029166666666666667
2018-07-24 00:00:00+00:00,18707.41156484,0.009027777777777777
2018-07-25 00:00:00+00:00,10348.06857767,0.043055555555555555
2018-07-26 00:00:00+00:00,8091.87166049,0.044444444444444446
2018-07-27 00:00:00+00:00,8701.76587806,0.052083333333333336
2018-07-28 00:00:00+00:00,2765.6804906,0.16180555555555556
2018-07-29 00:00:00+00:00,3980.2794076,0.16527777777777777
2018-07-30 00:00:00+00:00,11785.89207823,0.06111111111111111
2018-07-31 00:00:00+00:00,11994.08614156,0.05763888888888889
2018-08-01 00:00:00+00:00,11406.76843741,0.034722222222222224
2018-08-02 00:00:00+00:00,5262.23613199,0.03611111111111111
2018-08-03 00:00:00+00:00,9585.77930917,0.04097222222222222
2018-08-04 00:00:00+00:00,6831.75139028,0.09236111111111112
2018-08-05 00:00:00+00:00,6039.1351446,0.11597222222222223
2018-08-06 00:00:00+00:00,7317.64296455,0.05347222222222222
2018-08-07 00:00:00+00:00,10039.39296375,0.06458333333333334
2018-08-08 00:00:00+00:00,14668.56802221,0.025
2018-08-09 00:00:00+00:00,9484.88670496,0.05555555555555555
2018-08-10 00:00:00+00:00,14096.00988894,0.03263888888888889
2018-08-11 00:00:00+00:00,6818.37504816,0.11597222222222223
2018-08-12 00:00:00+00:00,7169.89323056,0.12777777777777777
2018-08-13 00:00:00+00:00,8896.68083746,0.08611111111111111
2018-08-14 00:00:00+00:00,14235.27018218,0.021527777777777778
2018-08-15 00:00:00+00:00,12501.11334781,0.025694444444444443
2018-08-16 00:00:00+00:00,7099.2611636,0.058333333333333334
2018-08-17 00:00:00+00:00,6635.58158998,0.04375
2018-08-18 00:00:00+00:00,3496.80232127,0.18263888888888888
2018-08-19 00:00:00+00:00,3138.7113182900002,0.19583333333333333
2018-08-20 00:00:00+00:00,6254.82080784,0.08055555555555556
2018-08-21 00:00:00+00:00,5655.04172504,0.07708333333333334
2018-08-22 00:00:00+00:00,11955.65069577,0.05347222222222222
2018-08-23 00:00:00+00:00,4028.43387247,0.11805555555555555
2018-08-24 00:00:00+00:00,6374.54257854,0.08819444444444445
2018-08-25 00:00:00+00:00,4980.64928331,0.17152777777777778
2018-08-26 00:00:00+00:00,3475.7202496,0.21597222222222223
2018-08-27 00:00:00+00:00,5863.68824836,0.14166666666666666
2018-08-28 00:00:00+00:00,8222.247652349999,0.11041666666666666
2018-08-29 00:00:00+00:00,5730.97892652,0.09444444444444444
2018-08-30 00:00:00+00:00,6875.26197217,0.09930555555555555
2018-08-31 00:00:00+00:00,5790.38050638,0.09305555555555556
2018-09-01 00:00:00+00:00,4590.45724112,0.2125
2018-09-02 00:00:00+00:00,3297.68658519,0.18611111111111112
2018-09-03 00:00:00+00:00,2829.87707292,0.16666666666666666
2018-09-04 00:00:00+00:00,4531.14780379,0.12708333333333333
2018-09-05 00:00:00+00:00,12408.79698551,0.10833333333333334
2018-09-06 00:00:00+00:00,14674.0236716,0.059722222222222225
2018-09-07 00:00:00+00:00,6541.96747088,0.08472222222222223
2018-09-08 00:00:00+00:00,4284.19484304,0.2569444444444444
2018-09-09 00:00:00+00:00,4104.31379555,0.22847222222222222
2018-09-10 00:00:00+00:00,5371.72530672,0.12777777777777777
2018-09-11 00:00:00+00:00,7076.79725968,0.08680555555555555
2018-09-12 00:00:00+00:00,4282.15960066,0.1673611111111111
2018-09-13 00:00:00+00:00,6985.34747474,0.125
2018-09-14 00:00:00+00:00,4598.02098322,0.11666666666666667
2018-09-15 00:00:00+00:00,1328.81956289,0.34305555555555556
2018-09-16 00:00:00+00:00,1098.62806031,0.33055555555555555
2018-09-17 00:00:00+00:00,4386.88772482,0.24027777777777778
2018-09-18 00:00:00+00:00,4196.47314808,0.17430555555555555
2018-09-19 00:00:00+00:00,7232.08338006,0.17708333333333334
2018-09-20 00:00:00+00:00,5177.64510387,0.1638888888888889
2018-09-21 00:00:00+00:00,8569.98587321,0.10347222222222222
2018-09-22 00:00:00+00:00,5491.80951385,0.18263888888888888
2018-09-23 00:00:00+00:00,3248.80491931,0.30277777777777776
2018-09-24 00:00:00+00:00,4030.72562001,0.17430555555555555
2018-09-25 00:00:00+00:00,8206.61700477,0.08611111111111111
2018-09-26 00:00:00+00:00,4295.92674134,0.15902777777777777
2018-09-27 00:00:00+00:00,5664.85211251,0.1423611111111111
2018-09-28 00:00:00+00:00,7642.04936428,0.10625
2018-09-29 00:00:00+00:00,3382.01592212,0.15555555555555556
2018-09-30 00:00:00+00:00,2482.69507513,0.23125
2018-10-01 00:00:00+00:00,4796.040132,0.1951388888888889
2018-10-02 00:00:00+00:00,4116.13342419,0.22013888888888888
2018-10-03 00:00:00+00:00,4774.76328174,0.1625
2018-10-04 00:00:00+00:00,3832.70048916,0.20277777777777778
2018-10-05 00:00:00+00:00,3807.26928181,0.22430555555555556
2018-10-06 00:00:00+00:00,2022.78075908,0.3625
2018-10-07 00:00:00+00:00,2455.65659087,0.43680555555555556
2018-10-08 00:00:00+00:00,4079.04424933,0.25069444444444444
2018-10-09 00:00:00+00:00,2254.95026959,0.29791666666666666
2018-10-10 00:00:00+00:00,5177.06675956,0.31319444444444444
2018-10-11 00:00:00+00:00,9616.23958351,0.12430555555555556
2018-10-12 00:00:00+00:00,3246.3815572,0.23472222222222222
2018-10-13 00:00:00+00:00,1954.04680593,0.3923611111111111
2018-10-14 00:00:00+00:00,2525.73820085,0.4236111111111111
2018-10-15 00:00:00+00:00,16895.88930388,0.13819444444444445
2018-10-16 00:00:00+00:00,4703.09390629,0.19652777777777777
2018-10-17 00:00:00+00:00,2961.26337446,0.2548611111111111
2018-10-18 00:00:00+00:00,3823.16928503,0.2604166666666667
2018-10-19 00:00:00+00:00,2290.0590117,0.2833333333333333
2018-10-20 00:00:00+00:00,1261.97849549,0.4444444444444444
2018-10-21 00:00:00+00:00,1541.01151749,0.46319444444444446
2018-10-22 00:00:00+00:00,2407.5354618,0.3034722222222222
2018-10-23 00:00:00+00:00,2851.00556658,0.29305555555555557
2018-10-24 00:00:00+00:00,3535.33808825,0.29375
2018-10-25 00:00:00+00:00,3046.60380599,0.30833333333333335
2018-10-26 00:00:00+00:00,3323.82631782,0.3909722222222222
2018-10-27 00:00:00+00:00,890.1271569,0.5361111111111111
2018-10-28 00:00:00+00:00,839.29766473,0.5652777777777778
2018-10-29 00:00:00+00:00,5190.82201499,0.2534722222222222
2018-10-30 00:00:00+00:00,2523.57742936,0.29097222222222224
2018-10-31 00:00:00+00:00,5148.08262352,0.2902777777777778
2018-11-01 00:00:00+00:00,2190.97047686,0.3645833333333333
2018-11-02 00:00:00+00:00,2678.06948097,0.28680555555555554
2018-11-03 00:00:00+00:00,1084.13861953,0.5590277777777778
2018-11-04 00:00:00+00:00,2673.81391399,0.40208333333333335
2018-11-05 00:00:00+00:00,2335.48865475,0.32013888888888886
2018-11-06 00:00:00+00:00,4270.33460011,0.27847222222222223
2018-11-07 00:00:00+00:00,4800.82491273,0.24166666666666667
2018-11-08 00:00:00+00:00,3966.97303181,0.22777777777777777
2018-11-09 00:00:00+00:00,3218.12902607,0.2638888888888889
2018-11-10 00:00:00+00:00,1523.39384996,0.37569444444444444
2018-11-11 00:00:00+00:00,1718.26855567,0.4166666666666667
2018-11-12 00:00:00+00:00,3526.03903239,0.22777777777777777
2018-11-13 00:00:00+00:00,3630.56272124,0.22430555555555556
2018-11-14 00:00:00+00:00,25121.93301356,0.14375
2018-11-15 00:00:00+00:00,19945.90828161,0.03611111111111111
2018-11-16 00:00:00+00:00,8074.6055758,0.08819444444444445
2018-11-17 00:00:00+00:00,2732.79162871,0.2881944444444444
2018-11-18 00:00:00+00:00,2576.4553201,0.3215277777777778
2018-11-19 00:00:00+00:00,28910.66553331,0.029861111111111113
2018-11-20 00:00:00+00:00,39775.38943928,0.0125
2018-11-21 00:00:00+00:00,20678.25000596,0.022222222222222223
2018-11-22 00:00:00+00:00,10258.46172893,0.10069444444444445
2018-11-23 00:00:00+00:00,13322.77736822,0.06597222222222222
2018-11-24 00:00:00+00:00,14236.74417437,0.14722222222222223
2018-11-25 00:00:00+00:00,26969.94763424,0.025
2018-11-26 00:00:00+00:00,24357.88293934,0.015277777777777777
2018-11-27 00:00:00+00:00,16814.00296565,0.015277777777777777
2018-11-28 00:00:00+00:00,22983.71348838,0.025694444444444443
2018-11-29 00:00:00+00:00,15944.01262628,0.035416666666666666
2018-11-30 00:00:00+00:00,14364.62144791,0.04791666666666667
2018-12-01 00:00:00+00:00,6412.23253743,0.12708333333333333
2018-12-02 00:00:00+00:00,7019.16205825,0.11180555555555556
2018-12-03 00:00:00+00:00,10726.6773046,0.07291666666666667
2018-12-04 00:00:00+00:00,12249.9368879,0.04861111111111111
2018-12-05 00:00:00+00:00,13443.22072621,0.06458333333333334
2018-12-06 00:00:00+00:00,15480.96697218,0.050694444444444445
2018-12-07 00:00:00+00:00,26513.2316249,0.02847222222222222
2018-12-08 00:00:00+00:00,10176.34927433,0.09791666666666667
2018-12-09 00:00:00+00:00,8011.02295177,0.15208333333333332
2018-12-10 00:00:00+00:00,10375.26877055,0.06736111111111111
2018-12-11 00:00:00+00:00,8951.71070828,0.075
2018-12-12 00:00:00+00:00,7284.10378196,0.11875
2018-12-13 00:00:00+00:00,11715.01908312,0.08333333333333333
2018-12-14 00:00:00+00:00,14437.50526664,0.08263888888888889
2018-12-15 00:00:00+00:00,5814.86853241,0.1763888888888889
2018-12-16 00:00:00+00:00,6033.50714633,0.2
2018-12-17 00:00:00+00:00,16389.79444903,0.08680555555555555
2018-12-18 00:00:00+00:00,13792.36427592,0.034722222222222224
2018-12-19 00:00:00+00:00,21125.61437541,0.018055555555555554
2018-12-20 00:00:00+00:00,25986.85291601,0.01597222222222222
2018-12-21 00:00:00+00:00,16967.23460506,0.021527777777777778
2018-12-22 00:00:00+00:00,7697.59815203,0.08263888888888889
2018-12-23 00:00:00+00:00,4609.89261726,0.13055555555555556
2018-12-24 00:00:00+00:00,12017.91713092,0.06319444444444444
2018-12-25 00:00:00+00:00,11801.43441841,0.03888888888888889
2018-12-26 00:00:00+00:00,10064.18282348,0.07083333333333333
2018-12-27 00:00:00+00:00,11850.0123819,0.06041666666666667
2018-12-28 00:00:00+00:00,13055.71840689,0.06388888888888888
2018-12-29 00:00:00+00:00,6901.3823317999995,0.1638888888888889
2018-12-30 00:00:00+00:00,5736.45370818,0.1798611111111111
2018-12-31 00:00:00+00:00,6667.16373743,0.17152777777777778
2019-01-01 00:00:00+00:00,5149.60627729,0.25069444444444444
2019-01-02 00:00:00+00:00,5534.46951453,0.13333333333333333
2019-01-03 00:00:00+00:00,4803.2461092,0.18819444444444444
2019-01-04 00:00:00+00:00,7452.05894356,0.11388888888888889
2019-01-05 00:00:00+00:00,3656.37531439,0.24722222222222223
2019-01-06 00:00:00+00:00,5400.71486407,0.2388888888888889
2019-01-07 00:00:00+00:00,7445.09600426,0.1388888888888889
2019-01-08 00:00:00+00:00,11819.98676966,0.09791666666666667
2019-01-09 00:00:00+00:00,7390.13399203,0.08263888888888889
2019-01-10 00:00:00+00:00,16118.42088248,0.05555555555555555
2019-01-11 00:00:00+00:00,10571.08164263,0.08541666666666667
2019-01-12 00:00:00+00:00,3184.35219414,0.28194444444444444
2019-01-13 00:00:00+00:00,5908.52280454,0.26180555555555557
2019-01-14 00:00:00+00:00,9925.99072165,0.11666666666666667
2019-01-15 00:00:00+00:00,8059.8173777,0.14583333333333334
2019-01-16 00:00:00+00:00,7675.06606371,0.11458333333333333
2019-01-17 00:00:00+00:00,7499.52552971,0.10069444444444445
2019-01-18 00:00:00+00:00,5023.5102908,0.15902777777777777
2019-01-19 00:00:00+00:00,4080.88346413,0.2111111111111111
2019-01-20 00:00:00+00:00,5591.01583422,0.2534722222222222
2019-01-21 00:00:00+00:00,5821.89983137,0.1423611111111111
2019-01-22 00:00:00+00:00,6877.0636755000005,0.18055555555555555
2019-01-23 00:00:00+00:00,6170.84267224,0.1701388888888889
2019-01-24 00:00:00+00:00,4488.01463801,0.20833333333333334
2019-01-25 00:00:00+00:00,4961.79512299,0.16527777777777777
2019-01-26 00:00:00+00:00,2697.88387935,0.25763888888888886
2019-01-27 00:00:00+00:00,3852.6596409,0.2722222222222222
2019-01-28 00:00:00+00:00,10345.1009104,0.09652777777777778
2019-01-29 00:00:00+00:00,7284.38686266,0.12152777777777778
2019-01-30 00:00:00+00:00,5704.02340186,0.15416666666666667
2019-01-31 00:00:00+00:00,5951.8181698,0.13402777777777777
2019-02-01 00:00:00+00:00,6659.84752495,0.11666666666666667
2019-02-02 00:00:00+00:00,3051.95860768,0.21180555555555555
2019-02-03 00:00:00+00:00,2813.89222442,0.25277777777777777
2019-02-04 00:00:00+00:00,3244.08497898,0.20069444444444445
2019-02-05 00:00:00+00:00,4045.62530164,0.21319444444444444
2019-02-06 00:00:00+00:00,6137.40639817,0.19166666666666668
2019-02-07 00:00:00+00:00,4293.5558141,0.2125
2019-02-08 00:00:00+00:00,14388.64754224,0.11666666666666667
2019-02-09 00:00:00+00:00,4054.50461695,0.17916666666666667
2019-02-10 00:00:00+00:00,4155.50568273,0.18680555555555556
2019-02-11 00:00:00+00:00,7931.40887407,0.1388888888888889
2019-02-12 00:00:00+00:00,10074.81670532,0.13402777777777777
2019-02-13 00:00:00+00:00,7992.74321134,0.17152777777777778
2019-02-14 00:00:00+00:00,5910.24312876,0.16944444444444445
2019-02-15 00:00:00+00:00,6234.76805726,0.1673611111111111
2019-02-16 00:00:00+00:00,3442.47630393,0.2048611111111111
2019-02-17 00:00:00+00:00,5012.46127538,0.21666666666666667
2019-02-18 00:00:00+00:00,15567.08485429,0.034722222222222224
2019-02-19 00:00:00+00:00,12525.13651013,0.03958333333333333
2019-02-20 00:00:00+00:00,9854.35493853,0.06666666666666667
2019-02-21 00:00:00+00:00,8055.79892817,0.12430555555555556
2019-02-22 00:00:00+00:00,6593.85993401,0.13958333333333334
2019-02-23 00:00:00+00:00,7966.31721086,0.18541666666666667
2019-02-24 00:00:00+00:00,13737.01398845,0.07916666666666666
2019-02-25 00:00:00+00:00,8835.36224921,0.08125
2019-02-26 00:00:00+00:00,6543.16453722,0.13055555555555556
2019-02-27 00:00:00+00:00,7602.29984472,0.15138888888888888
2019-02-28 00:00:00+00:00,6747.88027166,0.12083333333333333
2019-03-01 00:00:00+00:00,4761.41015902,0.20347222222222222
2019-03-02 00:00:00+00:00,3259.74312485,0.2326388888888889
2019-03-03 00:00:00+00:00,2508.08649072,0.32430555555555557
2019-03-04 00:00:00+00:00,7293.71962839,0.12361111111111112
2019-03-05 00:00:00+00:00,7280.82397551,0.16597222222222222
2019-03-06 00:00:00+00:00,6402.67507493,0.15833333333333333
2019-03-07 00:00:00+00:00,7964.50825371,0.1076388888888889
2019-03-08 00:00:00+00:00,7707.39667049,0.1375
2019-03-09 00:00:00+00:00,5125.89830383,0.1951388888888889
2019-03-10 00:00:00+00:00,3000.60671855,0.28055555555555556
2019-03-11 00:00:00+00:00,6612.11516125,0.18472222222222223
2019-03-12 00:00:00+00:00,5794.61473428,0.15625
2019-03-13 00:00:00+00:00,4275.54000025,0.23194444444444445
2019-03-14 00:00:00+00:00,5167.56617609,0.20277777777777778
2019-03-15 00:00:00+00:00,6411.98332751,0.1736111111111111
2019-03-16 00:00:00+00:00,6959.47788339,0.17291666666666666
2019-03-17 00:00:00+00:00,2711.95016796,0.2777777777777778
2019-03-18 00:00:00+00:00,5420.23037801,0.13958333333333334
2019-03-19 00:00:00+00:00,5317.45055524,0.13194444444444445
2019-03-20 00:00:00+00:00,6244.95370182,0.12638888888888888
2019-03-21 00:00:00+00:00,7561.75989694,0.13541666666666666
2019-03-22 00:00:00+00:00,3453.36892821,0.2326388888888889
2019-03-23 00:00:00+00:00,2259.5645261,0.2763888888888889
2019-03-24 00:00:00+00:00,2204.06560941,0.23541666666666666
2019-03-25 00:00:00+00:00,6913.36709721,0.16111111111111112
2019-03-26 00:00:00+00:00,4315.60487708,0.18819444444444444
2019-03-27 00:00:00+00:00,8151.67504888,0.11319444444444444
2019-03-28 00:00:00+00:00,3927.54682157,0.19027777777777777
2019-03-29 00:00:00+00:00,8391.03462414,0.12986111111111112
2019-03-30 00:00:00+00:00,3923.1364664,0.26944444444444443
2019-03-31 00:00:00+00:00,2402.5882054100002,0.31527777777777777
2019-04-01 00:00:00+00:00,7232.98731201,0.1451388888888889
2019-04-02 00:00:00+00:00,30686.17351442,0.027777777777777776
2019-04-03 00:00:00+00:00,29321.27268405,0.02638888888888889
2019-04-04 00:00:00+00:00,15898.11514808,0.0125
2019-04-05 00:00:00+00:00,13023.7465161,0.0375
2019-04-06 00:00:00+00:00,10049.84478829,0.08194444444444444
2019-04-07 00:00:00+00:00,10872.51935616,0.059027777777777776
2019-04-08 00:00:00+00:00,13344.98151487,0.01875
2019-04-09 00:00:00+00:00,9410.35350033,0.044444444444444446
2019-04-10 00:00:00+00:00,10723.93474696,0.05416666666666667
2019-04-11 00:00:00+00:00,15052.95606333,0.027777777777777776
2019-04-12 00:00:00+00:00,8057.03847684,0.06736111111111111
2019-04-13 00:00:00+00:00,4520.43702971,0.11458333333333333
2019-04-14 00:00:00+00:00,3443.44728316,0.15
2019-04-15 00:00:00+00:00,7423.01375858,0.09791666666666667
2019-04-16 00:00:00+00:00,7675.40412015,0.09513888888888888
2019-04-17 00:00:00+00:00,6741.07720986,0.07013888888888889
2019-04-18 00:00:00+00:00,6375.89568714,0.08819444444444445
2019-04-19 00:00:00+00:00,5285.60637017,0.12569444444444444
2019-04-20 00:00:00+00:00,3665.56962108,0.1284722222222222
2019-04-21 00:00:00+00:00,4631.03916752,0.12569444444444444
2019-04-22 00:00:00+00:00,7127.11186779,0.07777777777777778
2019-04-23 00:00:00+00:00,10132.40317154,0.05416666666666667
2019-04-24 00:00:00+00:00,10521.03763127,0.08055555555555556
2019-04-25 00:00:00+00:00,9893.93590864,0.07916666666666666
2019-04-26 00:00:00+00:00,15033.1017793,0.034722222222222224
2019-04-27 00:00:00+00:00,4041.33355341,0.1125
2019-04-28 00:00:00+00:00,3957.25435637,0.1673611111111111
2019-04-29 00:00:00+00:00,5753.61513714,0.13055555555555556
2019-04-30 00:00:00+00:00,5055.2728357,0.08055555555555556
2019-05-01 00:00:00+00:00,4209.28441353,0.12430555555555556
2019-05-02 00:00:00+00:00,5908.52172325,0.08819444444444445
2019-05-03 00:00:00+00:00,12700.58899257,0.03958333333333333
2019-05-04 00:00:00+00:00,8525.45570755,0.03958333333333333
2019-05-05 00:00:00+00:00,5162.56182988,0.04236111111111111
2019-05-06 00:00:00+00:00,6826.98087533,0.03888888888888889
2019-05-07 00:00:00+00:00,10741.56186069,0.022916666666666665
2019-05-08 00:00:00+00:00,6320.4135454,0.04375
2019-05-09 00:00:00+00:00,9081.24077807,0.03888888888888889
2019-05-10 00:00:00+00:00,13821.71360689,0.029166666666666667
2019-05-11 00:00:00+00:00,22331.43531269,0.013194444444444444
2019-05-12 00:00:00+00:00,27398.21436403,0.004861111111111111
2019-05-13 00:00:00+00:00,27299.34473923,0.011805555555555555
2019-05-14 00:00:00+00:00,18881.44115957,0.005555555555555556
2019-05-15 00:00:00+00:00,16613.07123458,0.005555555555555556
2019-05-16 00:00:00+00:00,17078.7037596,0.005555555555555556
2019-05-17 00:00:00+00:00,27307.57969969,0.004861111111111111
2019-05-18 00:00:00+00:00,7564.89968988,0.018055555555555554
2019-05-19 00:00:00+00:00,15595.26745165,0.013888888888888888
2019-05-20 00:00:00+00:00,13426.78750889,0.009722222222222222
2019-05-21 00:00:00+00:00,7518.5556769,0.008333333333333333
2019-05-22 00:00:00+00:00,8396.82203697,0.006944444444444444
2019-05-23 00:00:00+00:00,8370.35625318,0.017361111111111112
2019-05-24 00:00:00+00:00,9358.97181211,0.019444444444444445
2019-05-25 00:00:00+00:00,3361.65325124,0.044444444444444446
2019-05-26 00:00:00+00:00,8526.81164447,0.04236111111111111
2019-05-27 00:00:00+00:00,8948.02467376,0.009027777777777777
2019-05-28 00:00:00+00:00,6144.01124571,0.014583333333333334
2019-05-29 00:00:00+00:00,7584.25785894,0.02638888888888889
2019-05-30 00:00:00+00:00,15259.58792555,0.024305555555555556
2019-05-31 00:00:00+00:00,9957.91006545,0.013888888888888888
2019-06-01 00:00:00+00:00,5167.05130706,0.030555555555555555
2019-06-02 00:00:00+00:00,4263.0361653,0.041666666666666664
2019-06-03 00:00:00+00:00,9955.03261894,0.019444444444444445
2019-06-04 00:00:00+00:00,15485.70215021,0.0375
2019-06-05 00:00:00+00:00,9193.71188764,0.013194444444444444
2019-06-06 00:00:00+00:00,8738.66635896,0.020833333333333332
2019-06-07 00:00:00+00:00,9012.09615945,0.025
2019-06-08 00:00:00+00:00,4870.11556741,0.08472222222222223
2019-06-09 00:00:00+00:00,3895.84810538,0.09027777777777778
2019-06-10 00:00:00+00:00,7150.59429755,0.03263888888888889
2019-06-11 00:00:00+00:00,5552.68803771,0.04791666666666667
2019-06-12 00:00:00+00:00,8577.16249687,0.03263888888888889
2019-06-13 00:00:00+00:00,7237.80039095,0.03819444444444445
2019-06-14 00:00:00+00:00,8678.2503063,0.04027777777777778
2019-06-15 00:00:00+00:00,5275.7530691,0.06875
2019-06-16 00:00:00+00:00,15018.85335613,0.02847222222222222
2019-06-17 00:00:00+00:00,12760.96069746,0.025
2019-06-18 00:00:00+00:00,11327.45394298,0.030555555555555555
2019-06-19 00:00:00+00:00,4687.25984305,0.06041666666666667
2019-06-20 00:00:00+00:00,7870.31583938,0.052083333333333336
2019-06-21 00:00:00+00:00,12553.09963424,0.02013888888888889
2019-06-22 00:00:00+00:00,13709.30032222,0.02361111111111111
2019-06-23 00:00:00+00:00,7270.6458116,0.027777777777777776
2019-06-24 00:00:00+00:00,8247.39381098,0.0125
2019-06-25 00:00:00+00:00,12133.57175867,0.007638888888888889
2019-06-26 00:00:00+00:00,37487.80242579,0.017361111111111112
2019-06-27 00:00:00+00:00,36106.96055323,0.0006944444444444445
2019-06-28 00:00:00+00:00,18718.10158772,0.0020833333333333333
2019-06-29 00:00:00+00:00,12265.99736052,0.004166666666666667
2019-06-30 00:00:00+00:00,12642.617722770001,0.005555555555555556
2019-07-01 00:00:00+00:00,22917.43710404,0.003472222222222222
2019-07-02 00:00:00+00:00,20285.24655295,0.004861111111111111
2019-07-03 00:00:00+00:00,19389.85475767,0.0020833333333333333
2019-07-04 00:00:00+00:00,11185.29420376,0.019444444444444445
2019-07-05 00:00:00+00:00,11893.437949699999,0.010416666666666666
2019-07-06 00:00:00+00:00,7892.17866812,0.030555555555555555
2019-07-07 00:00:00+00:00,6683.05546715,0.035416666666666666
2019-07-08 00:00:00+00:00,11901.90089462,0.029861111111111113
2019-07-09 00:00:00+00:00,15115.5523839,0.011805555555555555
2019-07-10 00:00:00+00:00,19838.38994897,0.003472222222222222
2019-07-11 00:00:00+00:00,18468.68600043,0.004166666666666667
2019-07-12 00:00:00+00:00,9176.67942993,0.01875
2019-07-13 00:00:00+00:00,9391.35341435,0.034027777777777775
2019-07-14 00:00:00+00:00,12170.40823763,0.015277777777777777
2019-07-15 00:00:00+00:00,16048.02718406,0.005555555555555556
2019-07-16 00:00:00+00:00,20761.02748001,0.011111111111111112
2019-07-17 00:00:00+00:00,16992.78525932,0.001388888888888889
2019-07-18 00:00:00+00:00,18289.54217585,0.007638888888888889
2019-07-19 00:00:00+00:00,13787.45646718,0.020833333333333332
2019-07-20 00:00:00+00:00,9964.67388282,0.02638888888888889
2019-07-21 00:00:00+00:00,5628.16176664,0.06666666666666667
2019-07-22 00:00:00+00:00,9371.30644231,0.02847222222222222
2019-07-23 00:00:00+00:00,9040.84882621,0.027777777777777776
2019-07-24 00:00:00+00:00,9433.34520017,0.04097222222222222
2019-07-25 00:00:00+00:00,6377.95751785,0.1111111111111111
2019-07-26 00:00:00+00:00,5570.10914746,0.0875
2019-07-27 00:00:00+00:00,9614.10207519,0.08194444444444444
2019-07-28 00:00:00+00:00,3860.8348169,0.08194444444444444
2019-07-29 00:00:00+00:00,5068.6543093,0.07222222222222222
2019-07-30 00:00:00+00:00,5533.97118529,0.05416666666666667
2019-07-31 00:00:00+00:00,7917.5084772,0.06111111111111111
2019-08-01 00:00:00+00:00,7681.73235986,0.04236111111111111
2019-08-02 00:00:00+00:00,9286.86172741,0.03958333333333333
2019-08-03 00:00:00+00:00,6996.11722818,0.07430555555555556
2019-08-04 00:00:00+00:00,7556.32923024,0.04652777777777778
2019-08-05 00:00:00+00:00,17260.45577332,0.030555555555555555
2019-08-06 00:00:00+00:00,16420.57916354,0.022222222222222223
2019-08-07 00:00:00+00:00,15480.45524249,0.008333333333333333
2019-08-08 00:00:00+00:00,10144.46210884,0.014583333333333334
2019-08-09 00:00:00+00:00,7336.91484905,0.029861111111111113
2019-08-10 00:00:00+00:00,7447.24834124,0.07222222222222222
2019-08-11 00:00:00+00:00,4361.39069182,0.09236111111111112
2019-08-12 00:00:00+00:00,3417.70935664,0.059722222222222225
2019-08-13 00:00:00+00:00,9003.17888634,0.03333333333333333
2019-08-14 00:00:00+00:00,12678.9411947,0.02638888888888889
2019-08-15 00:00:00+00:00,15083.173263319999,0.0125
2019-08-16 00:00:00+00:00,11080.39966131,0.008333333333333333
2019-08-17 00:00:00+00:00,3907.5283984899997,0.05347222222222222
2019-08-18 00:00:00+00:00,3398.41986671,0.08055555555555556
2019-08-19 00:00:00+00:00,8044.02134828,0.05625
2019-08-20 00:00:00+00:00,5883.59995275,0.05347222222222222
2019-08-21 00:00:00+00:00,9812.62171129,0.022222222222222223
2019-08-22 00:00:00+00:00,6710.30664788,0.025694444444444443
2019-08-23 00:00:00+00:00,5557.29144342,0.04652777777777778
2019-08-24 00:00:00+00:00,5106.55673687,0.06875
2019-08-25 00:00:00+00:00,3953.39528117,0.08541666666666667
2019-08-26 00:00:00+00:00,7166.67534085,0.030555555555555555
2019-08-27 00:00:00+00:00,4781.3350218,0.05347222222222222
2019-08-28 00:00:00+00:00,9303.15591906,0.041666666666666664
2019-08-29 00:00:00+00:00,7717.10637568,0.03680555555555556
2019-08-30 00:00:00+00:00,5317.3097001,0.06666666666666667
2019-08-31 00:00:00+00:00,1572.15542709,0.13680555555555557
2019-09-01 00:00:00+00:00,1799.36720121,0.18125
2019-09-02 00:00:00+00:00,6144.79883515,0.08611111111111111
2019-09-03 00:00:00+00:00,11443.53849727,0.043055555555555555
2019-09-04 00:00:00+00:00,10088.7236301,0.03958333333333333
2019-09-05 00:00:00+00:00,4555.62463429,0.07222222222222222
2019-09-06 00:00:00+00:00,10701.50994422,0.041666666666666664
2019-09-07 00:00:00+00:00,3148.50895336,0.1125
2019-09-08 00:00:00+00:00,3130.86103548,0.13472222222222222
2019-09-09 00:00:00+00:00,6059.76274364,0.05347222222222222
2019-09-10 00:00:00+00:00,4658.92141056,0.06944444444444445
2019-09-11 00:00:00+00:00,4614.34849343,0.06180555555555556
2019-09-12 00:00:00+00:00,4719.04668642,0.07916666666666666
2019-09-13 00:00:00+00:00,3755.41742244,0.08402777777777778
2019-09-14 00:00:00+00:00,2656.15453049,0.1527777777777778
2019-09-15 00:00:00+00:00,2297.72276878,0.1597222222222222
2019-09-16 00:00:00+00:00,5496.03749388,0.07777777777777778
2019-09-17 00:00:00+00:00,5078.59865576,0.07708333333333334
2019-09-18 00:00:00+00:00,3952.00683587,0.09583333333333334
2019-09-19 00:00:00+00:00,7455.91141166,0.049305555555555554
2019-09-20 00:00:00+00:00,4463.38202069,0.10138888888888889
2019-09-21 00:00:00+00:00,4148.89981496,0.1
2019-09-22 00:00:00+00:00,3213.9540957,0.09583333333333334
2019-09-23 00:00:00+00:00,5447.96313246,0.05277777777777778
2019-09-24 00:00:00+00:00,28154.41355726,0.01875
2019-09-25 00:00:00+00:00,17435.8678913,0.007638888888888889
2019-09-26 00:00:00+00:00,16662.32021152,0.020833333333333332
2019-09-27 00:00:00+00:00,10165.85293694,0.016666666666666666
2019-09-28 00:00:00+00:00,6315.48953894,0.06805555555555555
2019-09-29 00:00:00+00:00,5366.5707177,0.08611111111111111
2019-09-30 00:00:00+00:00,9518.99210777,0.034027777777777775
2019-10-01 00:00:00+00:00,10224.59198253,0.019444444444444445
2019-10-02 00:00:00+00:00,4952.5341152,0.043055555555555555
2019-10-03 00:00:00+00:00,8701.12039607,0.05486111111111111
2019-10-04 00:00:00+00:00,6278.78141904,0.0375
2019-10-05 00:00:00+00:00,4445.10406787,0.0798611111111111
2019-10-06 00:00:00+00:00,6454.53572694,0.05625
2019-10-07 00:00:00+00:00,9363.32718459,0.025694444444444443
2019-10-08 00:00:00+00:00,3577.72287319,0.03888888888888889
2019-10-09 00:00:00+00:00,11634.19484623,0.03194444444444444
2019-10-10 00:00:00+00:00,7435.43199033,0.03263888888888889
2019-10-11 00:00:00+00:00,7824.58718752,0.02847222222222222
2019-10-12 00:00:00+00:00,1828.83312447,0.0375
2019-10-13 00:00:00+00:00,4445.28381368,0.05416666666666667
2019-10-14 00:00:00+00:00,4294.6073892,0.05347222222222222
2019-10-15 00:00:00+00:00,5044.66127938,0.07222222222222222
2019-10-16 00:00:00+00:00,8644.40011646,0.05694444444444444
2019-10-17 00:00:00+00:00,5395.88599206,0.052083333333333336
2019-10-18 00:00:00+00:00,5611.09353737,0.03263888888888889
2019-10-19 00:00:00+00:00,3461.12529207,0.04236111111111111
2019-10-20 00:00:00+00:00,6358.92499072,0.043055555555555555
2019-10-21 00:00:00+00:00,4919.73416831,0.052083333333333336
2019-10-22 00:00:00+00:00,5678.93483059,0.041666666666666664
2019-10-23 00:00:00+00:00,13306.18266092,0.07916666666666666
2019-10-24 00:00:00+00:00,4997.4230935,0.044444444444444446
2019-10-25 00:00:00+00:00,19113.79549622,0.04583333333333333
2019-10-26 00:00:00+00:00,38751.80025476,0.004861111111111111
2019-10-27 00:00:00+00:00,17783.02515594,0.013194444444444444
2019-10-28 00:00:00+00:00,14722.01859796,0.008333333333333333
2019-10-29 00:00:00+00:00,9059.61157854,0.014583333333333334
2019-10-30 00:00:00+00:00,8814.43804818,0.025
2019-10-31 00:00:00+00:00,10113.15940929,0.03194444444444444
2019-11-01 00:00:00+00:00,6640.55238456,0.04722222222222222
2019-11-02 00:00:00+00:00,2701.13696278,0.06944444444444445
2019-11-03 00:00:00+00:00,2539.21833111,0.07013888888888889
2019-11-04 00:00:00+00:00,4962.44231548,0.06597222222222222
2019-11-05 00:00:00+00:00,4979.57899177,0.02847222222222222
2019-11-06 00:00:00+00:00,4670.23465673,0.06388888888888888
2019-11-07 00:00:00+00:00,3975.97661681,0.05486111111111111
2019-11-08 00:00:00+00:00,9699.74677043,0.07291666666666667
2019-11-09 00:00:00+00:00,2271.51792167,0.19375
2019-11-10 00:00:00+00:00,2663.27825012,0.1875
2019-11-11 00:00:00+00:00,6392.97505953,0.05347222222222222
2019-11-12 00:00:00+00:00,4721.90610684,0.07708333333333334
2019-11-13 00:00:00+00:00,3185.82098874,0.07916666666666666
2019-11-14 00:00:00+00:00,3412.80581524,0.07083333333333333
2019-11-15 00:00:00+00:00,5213.70141434,0.04513888888888889
2019-11-16 00:00:00+00:00,1180.57339029,0.12569444444444444
2019-11-17 00:00:00+00:00,2074.00770126,0.1375
2019-11-18 00:00:00+00:00,4825.65562506,0.07847222222222222
2019-11-19 00:00:00+00:00,4412.39464174,0.05416666666666667
2019-11-20 00:00:00+00:00,2996.00619203,0.06805555555555555
2019-11-21 00:00:00+00:00,9374.99957046,0.06319444444444444
2019-11-22 00:00:00+00:00,20120.14646602,0.015277777777777777
2019-11-23 00:00:00+00:00,5550.47222776,0.029166666666666667
2019-11-24 00:00:00+00:00,6047.01776023,0.02361111111111111
2019-11-25 00:00:00+00:00,18716.60131311,0.008333333333333333
2019-11-26 00:00:00+00:00,7643.84956815,0.015277777777777777
2019-11-27 00:00:00+00:00,15156.9919345,0.024305555555555556
2019-11-28 00:00:00+00:00,6925.58489749,0.025
2019-11-29 00:00:00+00:00,7658.8716020599995,0.024305555555555556
2019-11-30 00:00:00+00:00,5446.27351349,0.07777777777777778
2019-12-01 00:00:00+00:00,5477.97290774,0.03125
2019-12-02 00:00:00+00:00,4324.30016255,0.050694444444444445
2019-12-03 00:00:00+00:00,2552.20229834,0.044444444444444446
2019-12-04 00:00:00+00:00,7737.39153487,0.04097222222222222
2019-12-05 00:00:00+00:00,4641.75678879,0.034722222222222224
2019-12-06 00:00:00+00:00,4167.2401632,0.022916666666666665
2019-12-07 00:00:00+00:00,2034.573719,0.0798611111111111
2019-12-08 00:00:00+00:00,1798.77041268,0.09097222222222222
2019-12-09 00:00:00+00:00,6582.4703116499995,0.06111111111111111
2019-12-10 00:00:00+00:00,4090.62092926,0.04722222222222222
2019-12-11 00:00:00+00:00,3419.93896517,0.09861111111111111
2019-12-12 00:00:00+00:00,4376.88899274,0.06736111111111111
2019-12-13 00:00:00+00:00,3178.07849595,0.11388888888888889
2019-12-14 00:00:00+00:00,2012.34890643,0.13402777777777777
2019-12-15 00:00:00+00:00,1848.34572822,0.09375
2019-12-16 00:00:00+00:00,5923.05547919,0.09722222222222222
2019-12-17 00:00:00+00:00,7107.25638535,0.07083333333333333
2019-12-18 00:00:00+00:00,12873.63439214,0.018055555555555554
2019-12-19 00:00:00+00:00,5936.55634536,0.030555555555555555
2019-12-20 00:00:00+00:00,3201.6639225100002,0.08541666666666667
2019-12-21 00:00:00+00:00,1689.08199513,0.22013888888888888
2019-12-22 00:00:00+00:00,3796.22608082,0.175
2019-12-23 00:00:00+00:00,6710.7673604,0.04791666666666667
2019-12-24 00:00:00+00:00,4194.58980335,0.049305555555555554
2019-12-25 00:00:00+00:00,1504.52751296,0.10625
2019-12-26 00:00:00+00:00,3116.74715162,0.07847222222222222
2019-12-27 00:00:00+00:00,4024.57086599,0.0798611111111111
2019-12-28 00:00:00+00:00,1579.70272647,0.10833333333333334
2019-12-29 00:00:00+00:00,2583.85134193,0.11805555555555555
2019-12-30 00:00:00+00:00,3722.91334933,0.08888888888888889
2019-12-31 00:00:00+00:00,2638.69130899,0.09861111111111111
2020-01-01 00:00:00+00:00,1119.10969318,0.12430555555555556
2020-01-02 00:00:00+00:00,3972.70795427,0.06527777777777778
2020-01-03 00:00:00+00:00,8072.72908749,0.019444444444444445
2020-01-04 00:00:00+00:00,3256.73735349,0.09027777777777778
2020-01-05 00:00:00+00:00,2707.27385549,0.0875
2020-01-06 00:00:00+00:00,6728.28277831,0.041666666666666664
2020-01-07 00:00:00+00:00,12158.32281238,0.025694444444444443
2020-01-08 00:00:00+00:00,11913.23248192,0.011805555555555555
2020-01-09 00:00:00+00:00,5957.24423978,0.01597222222222222
2020-01-10 00:00:00+00:00,8999.98825687,0.021527777777777778
2020-01-11 00:00:00+00:00,3788.3273136000003,0.020833333333333332
2020-01-12 00:00:00+00:00,2056.08675369,0.052083333333333336
2020-01-13 00:00:00+00:00,4011.43909644,0.04791666666666667
2020-01-14 00:00:00+00:00,17009.43193382,0.011805555555555555
2020-01-15 00:00:00+00:00,8606.88339936,0.005555555555555556
2020-01-16 00:00:00+00:00,6713.2584764,0.011111111111111112
2020-01-17 00:00:00+00:00,9363.15892644,0.025
2020-01-18 00:00:00+00:00,3678.00926615,0.041666666666666664
2020-01-19 00:00:00+00:00,8785.449927,0.029166666666666667
2020-01-20 00:00:00+00:00,4420.19825219,0.030555555555555555
2020-01-21 00:00:00+00:00,3394.68916005,0.04513888888888889
2020-01-22 00:00:00+00:00,3143.81212331,0.04791666666666667
2020-01-23 00:00:00+00:00,8611.0107876,0.024305555555555556
2020-01-24 00:00:00+00:00,6430.43023326,0.029166666666666667
2020-01-25 00:00:00+00:00,2812.78995216,0.09583333333333334
2020-01-26 00:00:00+00:00,6340.58577579,0.09583333333333334
2020-01-27 00:00:00+00:00,9619.7747426,0.06319444444444444
2020-01-28 00:00:00+00:00,9565.55935515,0.034027777777777775
2020-01-29 00:00:00+00:00,6481.91594603,0.04513888888888889
2020-01-30 00:00:00+00:00,7945.15877894,0.035416666666666666
2020-01-31 00:00:00+00:00,5009.62230695,0.04236111111111111
2020-02-01 00:00:00+00:00,1669.00246242,0.07916666666666666
2020-02-02 00:00:00+00:00,3015.79158859,0.05694444444444444
2020-02-03 00:00:00+00:00,4758.13350441,0.06666666666666667
2020-02-04 00:00:00+00:00,4867.22545881,0.05
2020-02-05 00:00:00+00:00,8063.96793828,0.05416666666666667
2020-02-06 00:00:00+00:00,7554.48867469,0.07222222222222222
2020-02-07 00:00:00+00:00,4013.49096731,0.04652777777777778
2020-02-08 00:00:00+00:00,3268.73554695,0.06944444444444445
2020-02-09 00:00:00+00:00,4830.33787739,0.07222222222222222
2020-02-10 00:00:00+00:00,7560.66789084,0.041666666666666664
2020-02-11 00:00:00+00:00,8127.59636283,0.05347222222222222
2020-02-12 00:00:00+00:00,6553.40942709,0.029166666666666667
2020-02-13 00:00:00+00:00,9347.45128374,0.03263888888888889
2020-02-14 00:00:00+00:00,6190.37749036,0.043055555555555555
2020-02-15 00:00:00+00:00,5762.30634481,0.06805555555555555
2020-02-16 00:00:00+00:00,4133.47675014,0.04861111111111111
2020-02-17 00:00:00+00:00,5913.20492551,0.015277777777777777
2020-02-18 00:00:00+00:00,6754.35394103,0.02638888888888889
2020-02-19 00:00:00+00:00,9936.8206814,0.025
2020-02-20 00:00:00+00:00,6608.4910792,0.04513888888888889
2020-02-21 00:00:00+00:00,4271.47074293,0.05
2020-02-22 00:00:00+00:00,2096.56353593,0.08055555555555556
2020-02-23 00:00:00+00:00,3329.22433648,0.059027777777777776
2020-02-24 00:00:00+00:00,5877.00770771,0.027777777777777776
2020-02-25 00:00:00+00:00,6280.00295543,0.03263888888888889
2020-02-26 00:00:00+00:00,11564.19794381,0.02361111111111111
2020-02-27 00:00:00+00:00,9273.9036636,0.013888888888888888
2020-02-28 00:00:00+00:00,6546.98122765,0.009027777777777777
2020-02-29 00:00:00+00:00,2338.06785643,0.025694444444444443
2020-03-01 00:00:00+00:00,4156.57173933,0.0125
2020-03-02 00:00:00+00:00,6186.86088929,0.013888888888888888
2020-03-03 00:00:00+00:00,4629.97228611,0.022222222222222223
2020-03-04 00:00:00+00:00,3353.2325223,0.027777777777777776
2020-03-05 00:00:00+00:00,6448.68567336,0.0125
2020-03-06 00:00:00+00:00,4136.42339429,0.024305555555555556
2020-03-07 00:00:00+00:00,2805.5915714,0.034722222222222224
2020-03-08 00:00:00+00:00,9068.89040196,0.030555555555555555
2020-03-09 00:00:00+00:00,12177.39425093,0.004861111111111111
2020-03-10 00:00:00+00:00,8274.9537573,0.017361111111111112
2020-03-11 00:00:00+00:00,7289.61145281,0.003472222222222222
2020-03-12 00:00:00+00:00,58513.38918903,0.003472222222222222
2020-03-13 00:00:00+00:00,54419.64133553,0.004166666666666667
2020-03-14 00:00:00+00:00,15370.8681496,0.005555555555555556
2020-03-15 00:00:00+00:00,16589.303863780002,0.03819444444444445
2020-03-16 00:00:00+00:00,34905.46359769,0.010416666666666666
2020-03-17 00:00:00+00:00,17517.84242049,0.006944444444444444
2020-03-18 00:00:00+00:00,22559.23112903,0.01597222222222222
2020-03-19 00:00:00+00:00,24783.73487365,0.021527777777777778
2020-03-20 00:00:00+00:00,30082.50248252,0.009722222222222222
2020-03-21 00:00:00+00:00,11796.72656887,0.03611111111111111
2020-03-22 00:00:00+00:00,10813.38456907,0.059722222222222225
2020-03-23 00:00:00+00:00,19053.80456405,0.005555555555555556
2020-03-24 00:00:00+00:00,19719.09402414,0.006944444444444444
2020-03-25 00:00:00+00:00,16675.73512097,0.008333333333333333
2020-03-26 00:00:00+00:00,7393.70723365,0.013888888888888888
2020-03-27 00:00:00+00:00,10816.28556504,0.01597222222222222
2020-03-28 00:00:00+00:00,11613.49398164,0.022916666666666665
2020-03-29 00:00:00+00:00,9298.9390511,0.06319444444444444
2020-03-30 00:00:00+00:00,14974.444163,0.013194444444444444
2020-03-31 00:00:00+00:00,6342.29832651,0.027083333333333334
2020-04-01 00:00:00+00:00,11319.14793815,0.022916666666666665
2020-04-02 00:00:00+00:00,17212.82067331,0.019444444444444445
2020-04-03 00:00:00+00:00,10570.10640235,0.029861111111111113
2020-04-04 00:00:00+00:00,6018.51563233,0.0763888888888889
2020-04-05 00:00:00+00:00,3981.97692417,0.06805555555555555
2020-04-06 00:00:00+00:00,13683.03789416,0.01597222222222222
2020-04-07 00:00:00+00:00,11669.014265239999,0.016666666666666666
2020-04-08 00:00:00+00:00,8720.21050049,0.022222222222222223
2020-04-09 00:00:00+00:00,8324.9217727,0.034027777777777775
2020-04-10 00:00:00+00:00,10727.86685616,0.03333333333333333
2020-04-11 00:00:00+00:00,3326.67476213,0.075
2020-04-12 00:00:00+00:00,7264.51928043,0.10347222222222222
2020-04-13 00:00:00+00:00,10837.57453223,0.030555555555555555
2020-04-14 00:00:00+00:00,7275.68657382,0.029166666666666667
2020-04-15 00:00:00+00:00,8109.73234254,0.05416666666666667
2020-04-16 00:00:00+00:00,15726.69637377,0.022222222222222223
2020-04-17 00:00:00+00:00,8539.61835086,0.052083333333333336
2020-04-18 00:00:00+00:00,5102.50261952,0.09236111111111112
2020-04-19 00:00:00+00:00,4662.19209244,0.09097222222222222
2020-04-20 00:00:00+00:00,11365.00931766,0.035416666666666666
2020-04-21 00:00:00+00:00,5570.95619043,0.05555555555555555
2020-04-22 00:00:00+00:00,6273.40631495,0.09166666666666666
2020-04-23 00:00:00+00:00,14779.54814354,0.06319444444444444
2020-04-24 00:00:00+00:00,7357.10670681,0.059722222222222225
2020-04-25 00:00:00+00:00,3800.82773036,0.24791666666666667
2020-04-26 00:00:00+00:00,5247.54081807,0.09166666666666666
2020-04-27 00:00:00+00:00,6878.02253788,0.014583333333333334
2020-04-28 00:00:00+00:00,7248.9559695,0.027083333333333334
2020-04-29 00:00:00+00:00,26396.09715679,0.009027777777777777
2020-04-30 00:00:00+00:00,24057.73933525,0.003472222222222222
2020-05-01 00:00:00+00:00,11379.68574201,0.011805555555555555
2020-05-02 00:00:00+00:00,5524.26706572,0.03125
2020-05-03 00:00:00+00:00,9218.274909,0.014583333333333334
2020-05-04 00:00:00+00:00,10018.97499887,0.00625
2020-05-05 00:00:00+00:00,9592.13446226,0.010416666666666666
2020-05-06 00:00:00+00:00,15110.941813290001,0.013194444444444444
2020-05-07 00:00:00+00:00,25012.90031203,0.01875
2020-05-08 00:00:00+00:00,19203.48379461,0.015277777777777777
2020-05-09 00:00:00+00:00,11278.63371513,0.0125
2020-05-10 00:00:00+00:00,31639.42874341,0.0020833333333333333
2020-05-11 00:00:00+00:00,34465.18657226,0.004166666666666667
2020-05-12 00:00:00+00:00,14010.261205499999,0.005555555555555556
2020-05-13 00:00:00+00:00,12762.85161682,0.009027777777777777
2020-05-14 00:00:00+00:00,19936.18545561,0.004861111111111111
2020-05-15 00:00:00+00:00,17324.14460144,0.009722222222222222
2020-05-16 00:00:00+00:00,6170.09609719,0.024305555555555556
2020-05-17 00:00:00+00:00,9515.79358021,0.043055555555555555
2020-05-18 00:00:00+00:00,12362.32763823,0.017361111111111112
2020-05-19 00:00:00+00:00,12149.68534917,0.020833333333333332
2020-05-20 00:00:00+00:00,12351.42817701,0.03194444444444444
2020-05-21 00:00:00+00:00,16879.82890788,0.011805555555555555
2020-05-22 00:00:00+00:00,7261.28419694,0.03680555555555556
2020-05-23 00:00:00+00:00,3477.27850858,0.07152777777777777
2020-05-24 00:00:00+00:00,8855.47763284,0.06944444444444445
2020-05-25 00:00:00+00:00,8919.92378955,0.014583333333333334
2020-05-26 00:00:00+00:00,5923.00523696,0.022222222222222223
2020-05-27 00:00:00+00:00,6867.67101935,0.0375
2020-05-28 00:00:00+00:00,11523.40889483,0.029166666666666667
2020-05-29 00:00:00+00:00,7226.77389995,0.02638888888888889
2020-05-30 00:00:00+00:00,6781.84196225,0.04722222222222222
2020-05-31 00:00:00+00:00,5697.99838373,0.03958333333333333
2020-06-01 00:00:00+00:00,12109.14149664,0.030555555555555555
2020-06-02 00:00:00+00:00,22725.11942099,0.01875
2020-06-03 00:00:00+00:00,6928.76322878,0.03888888888888889
2020-06-04 00:00:00+00:00,8938.7688887,0.03680555555555556
2020-06-05 00:00:00+00:00,7157.37095675,0.03888888888888889
2020-06-06 00:00:00+00:00,4047.26924742,0.0875
2020-06-07 00:00:00+00:00,6762.65158822,0.07916666666666666
2020-06-08 00:00:00+00:00,5379.07801648,0.06666666666666667
2020-06-09 00:00:00+00:00,6922.79788471,0.052083333333333336
2020-06-10 00:00:00+00:00,7107.20140335,0.07152777777777777
2020-06-11 00:00:00+00:00,16389.44455357,0.03611111111111111
2020-06-12 00:00:00+00:00,6934.13533535,0.044444444444444446
2020-06-13 00:00:00+00:00,2938.68222067,0.08958333333333333
2020-06-14 00:00:00+00:00,3477.25235863,0.14166666666666666
2020-06-15 00:00:00+00:00,11765.1135339,0.02013888888888889
2020-06-16 00:00:00+00:00,6864.21822439,0.06041666666666667
2020-06-17 00:00:00+00:00,5902.36636044,0.05277777777777778
2020-06-18 00:00:00+00:00,3997.01284654,0.05
2020-06-19 00:00:00+00:00,5305.9077191,0.03263888888888889
2020-06-20 00:00:00+00:00,3071.79384829,0.05555555555555555
2020-06-21 00:00:00+00:00,1435.21189641,0.09861111111111111
2020-06-22 00:00:00+00:00,6615.64540882,0.058333333333333334
2020-06-23 00:00:00+00:00,4866.11470545,0.06388888888888888
2020-06-24 00:00:00+00:00,10072.57541802,0.05347222222222222
2020-06-25 00:00:00+00:00,8701.2461746,0.03125
2020-06-26 00:00:00+00:00,7912.38375487,0.043055555555555555
2020-06-27 00:00:00+00:00,4399.67602419,0.07013888888888889
2020-06-28 00:00:00+00:00,3231.85728086,0.08541666666666667
2020-06-29 00:00:00+00:00,4942.72533003,0.06041666666666667
2020-06-30 00:00:00+00:00,2781.63125132,0.07569444444444444
2020-07-01 00:00:00+00:00,4321.56559235,0.04375
2020-07-02 00:00:00+00:00,6866.04897352,0.07013888888888889
2020-07-03 00:00:00+00:00,3510.00353809,0.11388888888888889
2020-07-04 00:00:00+00:00,2180.37237178,0.1951388888888889
2020-07-05 00:00:00+00:00,3067.87780852,0.14652777777777778
2020-07-06 00:00:00+00:00,5361.35284949,0.08958333333333333
2020-07-07 00:00:00+00:00,4702.82565367,0.10069444444444445
2020-07-08 00:00:00+00:00,6275.54666358,0.06666666666666667
2020-07-09 00:00:00+00:00,4575.44853951,0.09166666666666666
2020-07-10 00:00:00+00:00,3910.32678996,0.08055555555555556
2020-07-11 00:00:00+00:00,1453.16535935,0.15555555555555556
2020-07-12 00:00:00+00:00,2037.15363045,0.16041666666666668
2020-07-13 00:00:00+00:00,3875.17319052,0.09166666666666666
2020-07-14 00:00:00+00:00,4479.91060569,0.075
2020-07-15 00:00:00+00:00,3810.04841103,0.0798611111111111
2020-07-16 00:00:00+00:00,5541.85389383,0.06527777777777778
2020-07-17 00:00:00+00:00,3593.49712953,0.08680555555555555
2020-07-18 00:00:00+00:00,1358.28531978,0.15416666666666667
2020-07-19 00:00:00+00:00,1585.39916859,0.15416666666666667
2020-07-20 00:00:00+00:00,3064.80739401,0.10902777777777778
2020-07-21 00:00:00+00:00,5559.47430975,0.06319444444444444
2020-07-22 00:00:00+00:00,5520.76262356,0.08958333333333333
2020-07-23 00:00:00+00:00,10413.94384743,0.05486111111111111
2020-07-24 00:00:00+00:00,8012.90509154,0.03680555555555556
2020-07-25 00:00:00+00:00,5065.44989566,0.03680555555555556
2020-07-26 00:00:00+00:00,9090.21430682,0.041666666666666664
2020-07-27 00:00:00+00:00,27736.83221358,0.009027777777777777
2020-07-28 00:00:00+00:00,17062.37380128,0.003472222222222222
2020-07-29 00:00:00+00:00,12452.86303565,0.014583333333333334
2020-07-30 00:00:00+00:00,10456.84804792,0.018055555555555554
2020-07-31 00:00:00+00:00,10417.50746157,0.017361111111111112
2020-08-01 00:00:00+00:00,11195.80752332,0.014583333333333334
2020-08-02 00:00:00+00:00,12656.41102944,0.0125
2020-08-03 00:00:00+00:00,6984.67078032,0.020833333333333332
2020-08-04 00:00:00+00:00,5522.11051757,0.01875
2020-08-05 00:00:00+00:00,7514.79142531,0.01875
2020-08-06 00:00:00+00:00,9855.99436305,0.01597222222222222
2020-08-07 00:00:00+00:00,10503.36174678,0.019444444444444445
2020-08-08 00:00:00+00:00,3983.74888665,0.034722222222222224
2020-08-09 00:00:00+00:00,2649.48917649,0.04652777777777778
2020-08-10 00:00:00+00:00,7701.72806914,0.024305555555555556
2020-08-11 00:00:00+00:00,10470.68807136,0.016666666666666666
2020-08-12 00:00:00+00:00,5668.60180464,0.011111111111111112
2020-08-13 00:00:00+00:00,6839.55121466,0.022222222222222223
2020-08-14 00:00:00+00:00,5526.79649808,0.022222222222222223
2020-08-15 00:00:00+00:00,3983.17592982,0.025
2020-08-16 00:00:00+00:00,2494.17000289,0.03611111111111111
2020-08-17 00:00:00+00:00,9778.32856833,0.021527777777777778
2020-08-18 00:00:00+00:00,8818.18784117,0.008333333333333333
2020-08-19 00:00:00+00:00,9401.50118445,0.011805555555555555
2020-08-20 00:00:00+00:00,4191.75792092,0.022916666666666665
2020-08-21 00:00:00+00:00,6391.17972721,0.018055555555555554
2020-08-22 00:00:00+00:00,3401.42192253,0.035416666666666666
2020-08-23 00:00:00+00:00,1632.87091819,0.10972222222222222
2020-08-24 00:00:00+00:00,2887.05808264,0.05694444444444444
2020-08-25 00:00:00+00:00,7073.69374623,0.03819444444444445
2020-08-26 00:00:00+00:00,4273.08016903,0.11319444444444444
2020-08-27 00:00:00+00:00,7796.15569663,0.03680555555555556
2020-08-28 00:00:00+00:00,6046.49746388,0.03125
2020-08-29 00:00:00+00:00,2095.93600275,0.0625
2020-08-30 00:00:00+00:00,2328.65701886,0.07569444444444444
2020-08-31 00:00:00+00:00,4534.21810201,0.049305555555555554
2020-09-01 00:00:00+00:00,7960.82238043,0.024305555555555556
2020-09-02 00:00:00+00:00,13056.07287751,0.017361111111111112
2020-09-03 00:00:00+00:00,18554.73121203,0.002777777777777778
2020-09-04 00:00:00+00:00,17415.36005733,0.005555555555555556
2020-09-05 00:00:00+00:00,12165.47308504,0.01597222222222222
2020-09-06 00:00:00+00:00,5121.25180431,0.022916666666666665
2020-09-07 00:00:00+00:00,8725.09203962,0.016666666666666666
2020-09-08 00:00:00+00:00,10560.87470567,0.011111111111111112
2020-09-09 00:00:00+00:00,5872.2195124,0.013194444444444444
2020-09-10 00:00:00+00:00,10223.19117775,0.013888888888888888
2020-09-11 00:00:00+00:00,5245.7424448599995,0.02361111111111111
2020-09-12 00:00:00+00:00,2509.23983418,0.01875
2020-09-13 00:00:00+00:00,4325.10556518,0.0375
2020-09-14 00:00:00+00:00,7325.23245633,0.011111111111111112
2020-09-15 00:00:00+00:00,6456.66295267,0.014583333333333334
2020-09-16 00:00:00+00:00,8300.239832019999,0.0125
2020-09-17 00:00:00+00:00,5525.71740992,0.014583333333333334
2020-09-18 00:00:00+00:00,4398.92439287,0.01597222222222222
2020-09-19 00:00:00+00:00,2253.35153789,0.05
2020-09-20 00:00:00+00:00,3250.01749577,0.03263888888888889
2020-09-21 00:00:00+00:00,9948.02125053,0.009027777777777777
2020-09-22 00:00:00+00:00,4800.59855196,0.022916666666666665
2020-09-23 00:00:00+00:00,5711.36066207,0.08125
2020-09-24 00:00:00+00:00,6703.91881646,0.050694444444444445
2020-09-25 00:00:00+00:00,6346.72379355,0.024305555555555556
2020-09-26 00:00:00+00:00,2550.31630347,0.04791666666666667
2020-09-27 00:00:00+00:00,2286.86162473,0.06875
2020-09-28 00:00:00+00:00,4991.57062725,0.027777777777777776
2020-09-29 00:00:00+00:00,4029.39173043,0.029166666666666667
2020-09-30 00:00:00+00:00,4304.6226949,0.02361111111111111
2020-10-01 00:00:00+00:00,8678.34728292,0.013888888888888888
2020-10-02 00:00:00+00:00,8333.45852437,0.0125
2020-10-03 00:00:00+00:00,1134.79775814,0.03888888888888889
2020-10-04 00:00:00+00:00,1057.77530355,0.06875
2020-10-05 00:00:00+00:00,3618.01529204,0.05277777777777778
2020-10-06 00:00:00+00:00,4800.69513633,0.035416666666666666
2020-10-07 00:00:00+00:00,5560.24913562,0.03680555555555556
2020-10-08 00:00:00+00:00,6969.04085121,0.03194444444444444
2020-10-09 00:00:00+00:00,5355.33959365,0.04236111111111111
2020-10-10 00:00:00+00:00,3270.37027031,0.10138888888888889
2020-10-11 00:00:00+00:00,2177.65085818,0.09027777777777778
2020-10-12 00:00:00+00:00,7088.22778528,0.04583333333333333
2020-10-13 00:00:00+00:00,5097.96082433,0.035416666666666666
2020-10-14 00:00:00+00:00,3788.25075923,0.050694444444444445
2020-10-15 00:00:00+00:00,4864.42955616,0.024305555555555556
2020-10-16 00:00:00+00:00,4309.22448566,0.027777777777777776
2020-10-17 00:00:00+00:00,1124.42019876,0.10138888888888889
2020-10-18 00:00:00+00:00,1047.16869132,0.23194444444444445
2020-10-19 00:00:00+00:00,5459.93398846,0.07083333333333333
2020-10-20 00:00:00+00:00,5859.83732437,0.020833333333333332
2020-10-21 00:00:00+00:00,20093.61486293,0.007638888888888889
2020-10-22 00:00:00+00:00,9277.56218571,0.017361111111111112
2020-10-23 00:00:00+00:00,4996.39791976,0.030555555555555555
2020-10-24 00:00:00+00:00,2820.82333324,0.075
2020-10-25 00:00:00+00:00,3658.60280875,0.04791666666666667
2020-10-26 00:00:00+00:00,5725.19571956,0.034722222222222224
2020-10-27 00:00:00+00:00,11242.75450774,0.041666666666666664
2020-10-28 00:00:00+00:00,10670.86461819,0.008333333333333333
2020-10-29 00:00:00+00:00,8894.95694501,0.010416666666666666
2020-10-30 00:00:00+00:00,8981.11986042,0.006944444444444444
2020-10-31 00:00:00+00:00,6337.39292768,0.022222222222222223
2020-11-01 00:00:00+00:00,2534.0858149700002,0.05625
2020-11-02 00:00:00+00:00,7065.41110933,0.024305555555555556
2020-11-03 00:00:00+00:00,7225.86635614,0.006944444444444444
2020-11-04 00:00:00+00:00,10926.32680544,0.015277777777777777
2020-11-05 00:00:00+00:00,18422.63186045,0.004861111111111111
2020-11-06 00:00:00+00:00,13479.46706771,0.00625
2020-11-07 00:00:00+00:00,10933.92419186,0.027083333333333334
2020-11-08 00:00:00+00:00,5046.49916395,0.029861111111111113
2020-11-09 00:00:00+00:00,14466.07953692,0.004861111111111111
2020-11-10 00:00:00+00:00,8966.48171393,0.009722222222222222
2020-11-11 00:00:00+00:00,10013.26427187,0.00625
2020-11-12 00:00:00+00:00,16261.47118864,0.002777777777777778
2020-11-13 00:00:00+00:00,7843.22421583,0.00625
2020-11-14 00:00:00+00:00,5046.32670498,0.0125
2020-11-15 00:00:00+00:00,3225.70533016,0.027083333333333334
2020-11-16 00:00:00+00:00,7511.71484029,0.00625
2020-11-17 00:00:00+00:00,9824.73852957,0.005555555555555556
2020-11-18 00:00:00+00:00,15717.92072069,0.001388888888888889
2020-11-19 00:00:00+00:00,10506.69646215,0.003472222222222222
2020-11-20 00:00:00+00:00,10020.01351326,0.001388888888888889
2020-11-21 00:00:00+00:00,5937.50536305,0.004861111111111111
2020-11-22 00:00:00+00:00,6417.21771734,0.004166666666666667
2020-11-23 00:00:00+00:00,9412.08722183,0.002777777777777778
2020-11-24 00:00:00+00:00,13262.83116668,0.0020833333333333333
2020-11-25 00:00:00+00:00,8962.62225501,0.0020833333333333333
2020-11-26 00:00:00+00:00,21424.98655676,0.001388888888888889
2020-11-27 00:00:00+00:00,8964.83242941,0.003472222222222222
2020-11-28 00:00:00+00:00,4471.52202455,0.0020833333333333333
2020-11-29 00:00:00+00:00,3736.1591794,0.006944444444444444
2020-11-30 00:00:00+00:00,10612.67092499,0.007638888888888889
2020-12-01 00:00:00+00:00,11799.58943351,0.0020833333333333333
2020-12-02 00:00:00+00:00,6749.36401948,0.004166666666666667
2020-12-03 00:00:00+00:00,6196.52507218,0.007638888888888889
2020-12-04 00:00:00+00:00,6261.69674357,0.00625
2020-12-05 00:00:00+00:00,2376.72322359,0.006944444444444444
2020-12-06 00:00:00+00:00,2503.4542629,0.01875
2020-12-07 00:00:00+00:00,4323.27044132,0.011111111111111112
2020-12-08 00:00:00+00:00,5979.96623279,0.005555555555555556
2020-12-09 00:00:00+00:00,8906.94524733,0.001388888888888889
2020-12-10 00:00:00+00:00,6784.45549144,0.006944444444444444
2020-12-11 00:00:00+00:00,6687.92267389,0.002777777777777778
2020-12-12 00:00:00+00:00,3515.32704607,0.009027777777777777
2020-12-13 00:00:00+00:00,4251.96121032,0.00625
2020-12-14 00:00:00+00:00,3618.37690457,0.00625
2020-12-15 00:00:00+00:00,6750.77219425,0.002777777777777778
2020-12-16 00:00:00+00:00,14974.62184371,0.004166666666666667
2020-12-17 00:00:00+00:00,22626.69253048,0.0
2020-12-18 00:00:00+00:00,11360.33890442,0.002777777777777778
2020-12-19 00:00:00+00:00,8672.0376961,0.003472222222222222
2020-12-20 00:00:00+00:00,5095.96264009,0.003472222222222222
2020-12-21 00:00:00+00:00,12675.12801873,0.0020833333333333333
2020-12-22 00:00:00+00:00,9367.60948339,0.001388888888888889
2020-12-23 00:00:00+00:00,11541.96937133,0.0020833333333333333
2020-12-24 00:00:00+00:00,7185.48205493,0.00625
2020-12-25 00:00:00+00:00,6469.22897257,0.0020833333333333333
2020-12-26 00:00:00+00:00,7491.46184626,0.004861111111111111
2020-12-27 00:00:00+00:00,13234.33412894,0.0006944444444444445
2020-12-28 00:00:00+00:00,7987.77761059,0.0006944444444444445
2020-12-29 00:00:00+00:00,9577.27829174,0.002777777777777778
2020-12-30 00:00:00+00:00,11741.7333812,0.001388888888888889
2020-12-31 00:00:00+00:00,9477.67661813,0.004166666666666667
2021-01-01 00:00:00+00:00,8781.46555456,0.00625
2021-01-02 00:00:00+00:00,17867.8788985,0.00625
2021-01-03 00:00:00+00:00,14160.5812801,0.0020833333333333333
2021-01-04 00:00:00+00:00,22446.94000548,0.0006944444444444445
2021-01-05 00:00:00+00:00,14806.49650719,0.003472222222222222
2021-01-06 00:00:00+00:00,19219.28788972,0.001388888888888889
2021-01-07 00:00:00+00:00,23102.26120863,0.0006944444444444445
2021-01-08 00:00:00+00:00,22183.95174233,0.001388888888888889
2021-01-09 00:00:00+00:00,8535.84731272,0.0
2021-01-10 00:00:00+00:00,16218.9974052,0.0006944444444444445
2021-01-11 00:00:00+00:00,40786.96425433,0.0020833333333333333
2021-01-12 00:00:00+00:00,18267.87445007,0.001388888888888889
2021-01-13 00:00:00+00:00,13662.38751261,0.0006944444444444445
2021-01-14 00:00:00+00:00,10923.5047334,0.001388888888888889
2021-01-15 00:00:00+00:00,13499.11727006,0.0006944444444444445
2021-01-16 00:00:00+00:00,7688.58269814,0.0006944444444444445
2021-01-17 00:00:00+00:00,6821.71255949,0.0020833333333333333
2021-01-18 00:00:00+00:00,6251.2145414,0.004861111111111111
2021-01-19 00:00:00+00:00,6578.85825052,0.0020833333333333333
2021-01-20 00:00:00+00:00,12160.46753333,0.0
2021-01-21 00:00:00+00:00,21214.6412581,0.0020833333333333333
2021-01-22 00:00:00+00:00,17019.5834508,0.001388888888888889
2021-01-23 00:00:00+00:00,5255.74586786,0.003472222222222222
2021-01-24 00:00:00+00:00,4658.70962563,0.009722222222222222
2021-01-25 00:00:00+00:00,10038.75547087,0.0
2021-01-26 00:00:00+00:00,11554.91101117,0.0006944444444444445
2021-01-27 00:00:00+00:00,22403.70666206,0.0020833333333333333
2021-01-28 00:00:00+00:00,17879.35697563,0.0006944444444444445
2021-01-29 00:00:00+00:00,31439.61903418,0.0006944444444444445
2021-01-30 00:00:00+00:00,7281.28566632,0.001388888888888889
2021-01-31 00:00:00+00:00,4750.12315608,0.004861111111111111
2021-02-01 00:00:00+00:00,8374.05662032,0.001388888888888889
2021-02-02 00:00:00+00:00,7225.86501969,0.0
2021-02-03 00:00:00+00:00,8777.33287657,0.001388888888888889
2021-02-04 00:00:00+00:00,11762.80234811,0.001388888888888889
2021-02-05 00:00:00+00:00,5211.97488137,0.005555555555555556
2021-02-06 00:00:00+00:00,8635.66020711,0.003472222222222222
2021-02-07 00:00:00+00:00,5973.24016085,0.004166666666666667
2021-02-08 00:00:00+00:00,19053.71343569,0.002777777777777778
2021-02-09 00:00:00+00:00,12505.08248337,0.0
2021-02-10 00:00:00+00:00,9483.3289564,0.002777777777777778
2021-02-11 00:00:00+00:00,9390.81635484,0.0006944444444444445
2021-02-12 00:00:00+00:00,5970.13590277,0.0006944444444444445
2021-02-13 00:00:00+00:00,4271.67215148,0.001388888888888889
2021-02-14 00:00:00+00:00,5201.6939256,0.004861111111111111
2021-02-15 00:00:00+00:00,6924.33408866,0.00625
2021-02-16 00:00:00+00:00,8376.07608814,0.004166666666666667
2021-02-17 00:00:00+00:00,9571.64796874,0.004166666666666667
2021-02-18 00:00:00+00:00,6330.14291878,0.007638888888888889
2021-02-19 00:00:00+00:00,9229.78250415,0.002777777777777778
2021-02-20 00:00:00+00:00,5187.25046252,0.0
2021-02-21 00:00:00+00:00,3562.96950963,0.002777777777777778
2021-02-22 00:00:00+00:00,17002.83273081,0.001388888888888889
2021-02-23 00:00:00+00:00,17766.39814895,0.0006944444444444445
2021-02-24 00:00:00+00:00,8774.36674339,0.0006944444444444445
2021-02-25 00:00:00+00:00,7920.69294708,0.0006944444444444445
2021-02-26 00:00:00+00:00,8126.22740854,0.001388888888888889
2021-02-27 00:00:00+00:00,3071.56836645,0.003472222222222222
2021-02-28 00:00:00+00:00,6668.91811403,0.0020833333333333333
2021-03-01 00:00:00+00:00,8512.7594378,0.001388888888888889
2021-03-02 00:00:00+00:00,4945.78880692,0.003472222222222222
2021-03-03 00:00:00+00:00,6151.4871525,0.005555555555555556
2021-03-04 00:00:00+00:00,5641.61213573,0.002777777777777778
2021-03-05 00:00:00+00:00,5219.24690875,0.002777777777777778
2021-03-06 00:00:00+00:00,2141.06029528,0.006944444444444444
2021-03-07 00:00:00+00:00,2818.44991057,0.009722222222222222
2021-03-08 00:00:00+00:00,4419.56113432,0.003472222222222222
2021-03-09 00:00:00+00:00,5428.89224399,0.001388888888888889
2021-03-10 00:00:00+00:00,6916.27818124,0.002777777777777778
2021-03-11 00:00:00+00:00,6640.48776529,0.004861111111111111
2021-03-12 00:00:00+00:00,5232.31057076,0.0020833333333333333
2021-03-13 00:00:00+00:00,6187.83400169,0.009027777777777777
2021-03-14 00:00:00+00:00,3274.12215493,0.004861111111111111
2021-03-15 00:00:00+00:00,7725.21404982,0.004861111111111111
2021-03-16 00:00:00+00:00,7733.22669474,0.003472222222222222
2021-03-17 00:00:00+00:00,5840.07702599,0.003472222222222222
2021-03-18 00:00:00+00:00,5516.46389423,0.002777777777777778
2021-03-19 00:00:00+00:00,3523.4823315099998,0.003472222222222222
2021-03-20 00:00:00+00:00,2382.94564802,0.010416666666666666
2021-03-21 00:00:00+00:00,3628.79780904,0.004166666666666667
2021-03-22 00:00:00+00:00,6566.96696309,0.002777777777777778
2021-03-23 00:00:00+00:00,4996.46365198,0.001388888888888889
2021-03-24 00:00:00+00:00,6867.5643368,0.009722222222222222
2021-03-25 00:00:00+00:00,6682.61740401,0.0020833333333333333
2021-03-26 00:00:00+00:00,4874.25111496,0.0020833333333333333
2021-03-27 00:00:00+00:00,2609.96757961,0.008333333333333333
2021-03-28 00:00:00+00:00,2073.4491914,0.006944444444444444
2021-03-29 00:00:00+00:00,5360.42566319,0.00625
2021-03-30 00:00:00+00:00,3392.3386191600002,0.004166666666666667
2021-03-31 00:00:00+00:00,4595.25252072,0.005555555555555556
2021-04-01 00:00:00+00:00,2786.58091029,0.008333333333333333
2021-04-02 00:00:00+00:00,2564.6000207,0.006944444444444444
2021-04-03 00:00:00+00:00,1663.26835296,0.02013888888888889
2021-04-04 00:00:00+00:00,1440.63181986,0.017361111111111112
2021-04-05 00:00:00+00:00,2402.43713513,0.010416666666666666
2021-04-06 00:00:00+00:00,2711.39784733,0.025694444444444443
2021-04-07 00:00:00+00:00,5454.57661606,0.004166666666666667
2021-04-08 00:00:00+00:00,4586.80685854,0.004861111111111111
2021-04-09 00:00:00+00:00,2660.64809651,0.015277777777777777
2021-04-10 00:00:00+00:00,3917.95081704,0.007638888888888889
2021-04-11 00:00:00+00:00,1822.72044967,0.01597222222222222
2021-04-12 00:00:00+00:00,3707.43645474,0.01875
2021-04-13 00:00:00+00:00,5711.52676941,0.004166666666666667
2021-04-14 00:00:00+00:00,6002.89354304,0.08333333333333333
2021-04-15 00:00:00+00:00,3433.44934498,0.0006944444444444445
2021-04-16 00:00:00+00:00,5778.81668659,0.002777777777777778
2021-04-17 00:00:00+00:00,3091.48365756,0.004166666666666667
2021-04-18 00:00:00+00:00,12869.85937399,0.006944444444444444
2021-04-19 00:00:00+00:00,5791.23906226,0.003472222222222222
2021-04-20 00:00:00+00:00,5863.88283884,0.001388888888888889
2021-04-21 00:00:00+00:00,4578.25708723,0.001388888888888889
2021-04-22 00:00:00+00:00,7838.95634691,0.0006944444444444445
2021-04-23 00:00:00+00:00,11649.31918465,0.002777777777777778
2021-04-24 00:00:00+00:00,3445.13658315,0.009722222222222222
2021-04-25 00:00:00+00:00,4167.43570798,0.007638888888888889
2021-04-26 00:00:00+00:00,6046.79682802,0.002777777777777778
2021-04-27 00:00:00+00:00,4111.12521596,0.002777777777777778
2021-04-28 00:00:00+00:00,4542.50992013,0.0006944444444444445
2021-04-29 00:00:00+00:00,4172.67670698,0.003472222222222222
2021-04-30 00:00:00+00:00,4809.18204712,0.0020833333333333333
2021-05-01 00:00:00+00:00,2248.55545142,0.0006944444444444445
2021-05-02 00:00:00+00:00,1887.08427188,0.009722222222222222
2021-05-03 00:00:00+00:00,3636.51735676,0.0006944444444444445
2021-05-04 00:00:00+00:00,5747.19401914,0.001388888888888889
2021-05-05 00:00:00+00:00,5504.55788108,0.002777777777777778
2021-05-06 00:00:00+00:00,5144.23317131,0.004861111111111111
2021-05-07 00:00:00+00:00,4234.70954424,0.001388888888888889
2021-05-08 00:00:00+00:00,2928.99345356,0.009722222222222222
2021-05-09 00:00:00+00:00,2589.62561937,0.01597222222222222
2021-05-10 00:00:00+00:00,6589.4271403,0.005555555555555556
2021-05-11 00:00:00+00:00,4203.16906929,0.002777777777777778
2021-05-12 00:00:00+00:00,6367.35410217,0.004861111111111111
2021-05-13 00:00:00+00:00,9096.38363317,0.0
2021-05-14 00:00:00+00:00,4011.0819038,0.0020833333333333333
2021-05-15 00:00:00+00:00,3613.92837843,0.002777777777777778
2021-05-16 00:00:00+00:00,5750.08326356,0.0006944444444444445
2021-05-17 00:00:00+00:00,12262.722681019999,0.001388888888888889
2021-05-18 00:00:00+00:00,6275.91387222,0.0
2021-05-19 00:00:00+00:00,32468.86397019,0.0
2021-05-20 00:00:00+00:00,14703.03041947,0.0006944444444444445
2021-05-21 00:00:00+00:00,13106.84060164,0.0
2021-05-22 00:00:00+00:00,5720.00562166,0.0020833333333333333
2021-05-23 00:00:00+00:00,9376.29208573,0.0
2021-05-24 00:00:00+00:00,10213.18324641,0.002777777777777778
2021-05-25 00:00:00+00:00,5765.3472603,0.002777777777777778
2021-05-26 00:00:00+00:00,4205.61283515,0.001388888888888889
2021-05-27 00:00:00+00:00,4113.43820958,0.001388888888888889
2021-05-28 00:00:00+00:00,6167.02059154,0.001388888888888889
2021-05-29 00:00:00+00:00,4457.16762006,0.0020833333333333333
2021-05-30 00:00:00+00:00,2979.71977699,0.0020833333333333333
2021-05-31 00:00:00+00:00,4383.79233382,0.0
2021-06-01 00:00:00+00:00,4348.7544836,0.0020833333333333333
2021-06-02 00:00:00+00:00,4270.10341121,0.004166666666666667
2021-06-03 00:00:00+00:00,4058.94293164,0.00625
2021-06-04 00:00:00+00:00,5786.18608707,0.001388888888888889
2021-06-05 00:00:00+00:00,4106.34880652,0.004861111111111111
2021-06-06 00:00:00+00:00,2526.73361997,0.007638888888888889
2021-06-07 00:00:00+00:00,4913.0402250199995,0.003472222222222222
2021-06-08 00:00:00+00:00,9044.64846998,0.0
2021-06-09 00:00:00+00:00,8539.5873422,0.002777777777777778
2021-06-10 00:00:00+00:00,5761.7248874,0.00625
2021-06-11 00:00:00+00:00,3741.23051559,0.006944444444444444
2021-06-12 00:00:00+00:00,3727.9523535,0.011111111111111112
2021-06-13 00:00:00+00:00,3601.91766642,0.02361111111111111
2021-06-14 00:00:00+00:00,6281.28059699,0.004166666666666667
2021-06-15 00:00:00+00:00,4078.8019744,0.004166666666666667
2021-06-16 00:00:00+00:00,4008.51296381,0.004166666666666667
2021-06-17 00:00:00+00:00,3569.2526164,0.009722222222222222
2021-06-18 00:00:00+00:00,4240.40486721,0.004861111111111111
2021-06-19 00:00:00+00:00,3129.33472247,0.004861111111111111
2021-06-20 00:00:00+00:00,3958.11811992,0.0020833333333333333
2021-06-21 00:00:00+00:00,8580.06222043,0.0006944444444444445
2021-06-22 00:00:00+00:00,9778.51694548,0.0020833333333333333
2021-06-23 00:00:00+00:00,5855.58129399,0.002777777777777778
2021-06-24 00:00:00+00:00,4725.82718452,0.002777777777777778
2021-06-25 00:00:00+00:00,5099.26353351,0.003472222222222222
2021-06-26 00:00:00+00:00,3300.16005776,0.007638888888888889
2021-06-27 00:00:00+00:00,3260.56534452,0.011805555555555555
2021-06-28 00:00:00+00:00,3369.99371686,0.009027777777777777
2021-06-29 00:00:00+00:00,3179.50783988,0.009027777777777777
2021-06-30 00:00:00+00:00,3381.0453953,0.008333333333333333
2021-07-01 00:00:00+00:00,3118.76325902,0.00625
2021-07-02 00:00:00+00:00,2086.83881625,0.009722222222222222
2021-07-03 00:00:00+00:00,1244.49692391,0.024305555555555556
2021-07-04 00:00:00+00:00,1204.00371528,0.044444444444444446
2021-07-05 00:00:00+00:00,2254.35340918,0.013194444444444444
2021-07-06 00:00:00+00:00,2386.50511711,0.020833333333333332
2021-07-07 00:00:00+00:00,1540.04244824,0.0125
2021-07-08 00:00:00+00:00,2945.85492495,0.004166666666666667
2021-07-09 00:00:00+00:00,1636.57507041,0.006944444444444444
2021-07-10 00:00:00+00:00,1442.42483187,0.011805555555555555
2021-07-11 00:00:00+00:00,1635.01765874,0.03819444444444445
2021-07-12 00:00:00+00:00,1879.53733471,0.015277777777777777
2021-07-13 00:00:00+00:00,1870.57403303,0.01875
2021-07-14 00:00:00+00:00,2753.09806091,0.014583333333333334
2021-07-15 00:00:00+00:00,2470.21303625,0.006944444444444444
2021-07-16 00:00:00+00:00,1912.46866725,0.016666666666666666
2021-07-17 00:00:00+00:00,1550.07201059,0.035416666666666666
2021-07-18 00:00:00+00:00,1256.54606075,0.052083333333333336
2021-07-19 00:00:00+00:00,2506.27744084,0.025694444444444443
2021-07-20 00:00:00+00:00,3413.2420645400002,0.009027777777777777
2021-07-21 00:00:00+00:00,4842.16399723,0.006944444444444444
2021-07-22 00:00:00+00:00,2392.46948134,0.017361111111111112
2021-07-23 00:00:00+00:00,1976.38421775,0.015277777777777777
2021-07-24 00:00:00+00:00,1440.46627864,0.015277777777777777
2021-07-25 00:00:00+00:00,2063.49425027,0.02013888888888889
2021-07-26 00:00:00+00:00,8840.39875048,0.001388888888888889
2021-07-27 00:00:00+00:00,5896.66715588,0.003472222222222222
2021-07-28 00:00:00+00:00,3943.47800378,0.004861111111111111
2021-07-29 00:00:00+00:00,2306.03838571,0.011111111111111112
2021-07-30 00:00:00+00:00,3651.71579023,0.008333333333333333
2021-07-31 00:00:00+00:00,1507.86822076,0.015277777777777777
2021-08-01 00:00:00+00:00,2042.01706796,0.015277777777777777
2021-08-02 00:00:00+00:00,2407.96526999,0.009722222222222222
2021-08-03 00:00:00+00:00,3279.64493738,0.003472222222222222
2021-08-04 00:00:00+00:00,4080.83535873,0.001388888888888889
2021-08-05 00:00:00+00:00,5804.4070686,0.005555555555555556
2021-08-06 00:00:00+00:00,2937.38483944,0.004861111111111111
2021-08-07 00:00:00+00:00,4886.93838098,0.004166666666666667
2021-08-08 00:00:00+00:00,3647.1306298,0.008333333333333333
2021-08-09 00:00:00+00:00,4961.58828106,0.009027777777777777
2021-08-10 00:00:00+00:00,2390.08850832,0.009722222222222222
2021-08-11 00:00:00+00:00,2606.12636675,0.010416666666666666
2021-08-12 00:00:00+00:00,2463.50628392,0.013194444444444444
2021-08-13 00:00:00+00:00,2934.74203072,0.013194444444444444
2021-08-14 00:00:00+00:00,1908.9514115299999,0.03263888888888889
2021-08-15 00:00:00+00:00,1726.79562797,0.025694444444444443
2021-08-16 00:00:00+00:00,2410.15099528,0.011805555555555555
2021-08-17 00:00:00+00:00,3286.2732645,0.004861111111111111
2021-08-18 00:00:00+00:00,2247.93415783,0.010416666666666666
2021-08-19 00:00:00+00:00,2776.2376849,0.008333333333333333
2021-08-20 00:00:00+00:00,2815.55159523,0.01597222222222222
2021-08-21 00:00:00+00:00,1768.24156609,0.016666666666666666
2021-08-22 00:00:00+00:00,985.76533304,0.044444444444444446
2021-08-23 00:00:00+00:00,2419.86814706,0.008333333333333333
2021-08-24 00:00:00+00:00,2217.80305724,0.01875
2021-08-25 00:00:00+00:00,1902.72053396,0.013194444444444444
2021-08-26 00:00:00+00:00,2091.1098261,0.009722222222222222
2021-08-27 00:00:00+00:00,1943.55725598,0.007638888888888889
2021-08-28 00:00:00+00:00,692.70588551,0.021527777777777778
2021-08-29 00:00:00+00:00,1044.48189034,0.029861111111111113
2021-08-30 00:00:00+00:00,1676.48255108,0.013888888888888888
2021-08-31 00:00:00+00:00,2239.1677032000002,0.003472222222222222
2021-09-01 00:00:00+00:00,2194.6300788,0.005555555555555556
2021-09-02 00:00:00+00:00,2267.93197524,0.009722222222222222
2021-09-03 00:00:00+00:00,2226.78294854,0.027083333333333334
2021-09-04 00:00:00+00:00,869.28839285,0.01597222222222222
2021-09-05 00:00:00+00:00,986.487083,0.03611111111111111
2021-09-06 00:00:00+00:00,2057.32862241,0.034722222222222224
2021-09-07 00:00:00+00:00,6811.92218815,0.02638888888888889
2021-09-08 00:00:00+00:00,3309.09834404,0.002777777777777778
2021-09-09 00:00:00+00:00,2595.98696952,0.014583333333333334
2021-09-10 00:00:00+00:00,2392.57110617,0.013888888888888888
2021-09-11 00:00:00+00:00,906.80620376,0.016666666666666666
2021-09-12 00:00:00+00:00,1015.76215832,0.034722222222222224
2021-09-13 00:00:00+00:00,2308.42207379,0.008333333333333333
2021-09-14 00:00:00+00:00,1643.95662405,0.01597222222222222
2021-09-15 00:00:00+00:00,1307.24871087,0.013888888888888888
2021-09-16 00:00:00+00:00,1886.04173385,0.010416666666666666
2021-09-17 00:00:00+00:00,1558.52317573,0.022222222222222223
2021-09-18 00:00:00+00:00,1452.50623073,0.021527777777777778
2021-09-19 00:00:00+00:00,999.59599085,0.04583333333333333
2021-09-20 00:00:00+00:00,4240.48541968,0.009027777777777777
2021-09-21 00:00:00+00:00,5961.58790269,0.001388888888888889
2021-09-22 00:00:00+00:00,3040.94514066,0.034722222222222224
2021-09-23 00:00:00+00:00,2317.75578384,0.007638888888888889
2021-09-24 00:00:00+00:00,4348.92828394,0.007638888888888889
2021-09-25 00:00:00+00:00,879.19677382,0.011805555555555555
2021-09-26 00:00:00+00:00,1659.78466242,0.014583333333333334
2021-09-27 00:00:00+00:00,1936.64957217,0.008333333333333333
2021-09-28 00:00:00+00:00,2246.85357977,0.009027777777777777
2021-09-29 00:00:00+00:00,1804.77808474,0.008333333333333333
2021-09-30 00:00:00+00:00,2614.50420927,0.00625
2021-10-01 00:00:00+00:00,3446.87226506,0.017361111111111112
2021-10-02 00:00:00+00:00,1361.84402667,0.013888888888888888
2021-10-03 00:00:00+00:00,1164.6029687,0.03333333333333333
2021-10-04 00:00:00+00:00,2737.78053315,0.007638888888888889
2021-10-05 00:00:00+00:00,2206.59644303,0.004166666666666667
2021-10-06 00:00:00+00:00,4441.90271751,0.004166666666666667
2021-10-07 00:00:00+00:00,2349.70121453,0.007638888888888889
2021-10-08 00:00:00+00:00,2217.75513685,0.007638888888888889
2021-10-09 00:00:00+00:00,1061.02324334,0.018055555555555554
2021-10-10 00:00:00+00:00,1735.42193508,0.015277777777777777
2021-10-11 00:00:00+00:00,1955.78560334,0.011111111111111112
2021-10-12 00:00:00+00:00,3224.83970306,0.00625
2021-10-13 00:00:00+00:00,3359.69683046,0.011805555555555555
2021-10-14 00:00:00+00:00,1879.45401231,0.010416666666666666
2021-10-15 00:00:00+00:00,4205.4230703,0.004861111111111111
2021-10-16 00:00:00+00:00,1263.44800176,0.009027777777777777
2021-10-17 00:00:00+00:00,1261.12996084,0.01597222222222222
2021-10-18 00:00:00+00:00,5754.5518416,0.004861111111111111
2021-10-19 00:00:00+00:00,3253.73979225,0.00625
2021-10-20 00:00:00+00:00,3070.68430005,0.05486111111111111
2021-10-21 00:00:00+00:00,3891.52853281,0.0020833333333333333
2021-10-22 00:00:00+00:00,3159.42528548,0.006944444444444444
2021-10-23 00:00:00+00:00,1056.07965827,0.017361111111111112
2021-10-24 00:00:00+00:00,1204.84773547,0.02638888888888889
2021-10-25 00:00:00+00:00,1730.14621615,0.04236111111111111
2021-10-26 00:00:00+00:00,1965.54522515,0.011805555555555555
2021-10-27 00:00:00+00:00,3479.73809611,0.004166666666666667
2021-10-28 00:00:00+00:00,3769.75506439,0.004166666666666667
2021-10-29 00:00:00+00:00,3884.64236172,0.006944444444444444
2021-10-30 00:00:00+00:00,1542.31917477,0.035416666666666666
2021-10-31 00:00:00+00:00,1548.12901591,0.08055555555555556
2021-11-01 00:00:00+00:00,2507.39797107,0.019444444444444445
2021-11-02 00:00:00+00:00,3336.52681752,0.0020833333333333333
2021-11-03 00:00:00+00:00,2148.47086339,0.01597222222222222
2021-11-04 00:00:00+00:00,1507.54272229,0.010416666666666666
2021-11-05 00:00:00+00:00,1569.40792218,0.004861111111111111
2021-11-06 00:00:00+00:00,1268.5118197,0.015277777777777777
2021-11-07 00:00:00+00:00,1115.66885061,0.02013888888888889
2021-11-08 00:00:00+00:00,2715.42386367,0.004861111111111111
2021-11-09 00:00:00+00:00,2136.85836086,0.005555555555555556
2021-11-10 00:00:00+00:00,3419.11869317,0.009027777777777777
2021-11-11 00:00:00+00:00,1583.28379977,0.006944444444444444
2021-11-12 00:00:00+00:00,2519.30730563,0.004166666666666667
2021-11-13 00:00:00+00:00,830.13101807,0.02361111111111111
2021-11-14 00:00:00+00:00,1247.88451724,0.06041666666666667
2021-11-15 00:00:00+00:00,2000.8236224,0.05416666666666667
2021-11-16 00:00:00+00:00,4632.77331708,0.001388888888888889
2021-11-17 00:00:00+00:00,3716.8105591099998,0.0
2021-11-18 00:00:00+00:00,6160.70975752,0.0020833333333333333
2021-11-19 00:00:00+00:00,3277.02585927,0.002777777777777778
2021-11-20 00:00:00+00:00,1172.15930996,0.013888888888888888
2021-11-21 00:00:00+00:00,895.6750948,0.07361111111111111
2021-11-22 00:00:00+00:00,2943.1633727099997,0.020833333333333332
2021-11-23 00:00:00+00:00,2732.08480061,0.003472222222222222
2021-11-24 00:00:00+00:00,1809.45432912,0.058333333333333334
2021-11-25 00:00:00+00:00,1362.17480499,0.00625
2021-11-26 00:00:00+00:00,5221.84056738,0.001388888888888889
2021-11-27 00:00:00+00:00,1360.56586778,0.010416666666666666
2021-11-28 00:00:00+00:00,1377.55454862,0.016666666666666666
2021-11-29 00:00:00+00:00,2069.734969,0.002777777777777778
2021-11-30 00:00:00+00:00,3562.71762735,0.006944444444444444
2021-12-01 00:00:00+00:00,2515.54071956,0.007638888888888889
2021-12-02 00:00:00+00:00,2758.14469791,0.00625
2021-12-03 00:00:00+00:00,2964.76818531,0.024305555555555556
2021-12-04 00:00:00+00:00,10025.68966854,0.011111111111111112
2021-12-05 00:00:00+00:00,5156.66613697,0.0006944444444444445
2021-12-06 00:00:00+00:00,4652.11767659,0.004861111111111111
2021-12-07 00:00:00+00:00,1719.31761862,0.007638888888888889
2021-12-08 00:00:00+00:00,1598.4357131900001,0.015277777777777777
2021-12-09 00:00:00+00:00,2585.43270776,0.009722222222222222
2021-12-10 00:00:00+00:00,2705.17070403,0.009722222222222222
2021-12-11 00:00:00+00:00,1323.03955982,0.018055555555555554
2021-12-12 00:00:00+00:00,1233.78838616,0.03680555555555556
2021-12-13 00:00:00+00:00,3337.44792896,0.0125
2021-12-14 00:00:00+00:00,2016.58981458,0.013194444444444444
2021-12-15 00:00:00+00:00,2593.35180959,0.022222222222222223
2021-12-16 00:00:00+00:00,1456.25725801,0.015277777777777777
2021-12-17 00:00:00+00:00,2077.28024679,0.014583333333333334
2021-12-18 00:00:00+00:00,827.39374258,0.03819444444444445
2021-12-19 00:00:00+00:00,1275.49937089,0.11944444444444445
2021-12-20 00:00:00+00:00,1726.01603262,0.06597222222222222
2021-12-21 00:00:00+00:00,1674.16446918,0.0125
2021-12-22 00:00:00+00:00,1306.16574192,0.010416666666666666
2021-12-23 00:00:00+00:00,1715.35802664,0.013888888888888888
2021-12-24 00:00:00+00:00,1446.08883091,0.015277777777777777
2021-12-25 00:00:00+00:00,823.04872916,0.03263888888888889
2021-12-26 00:00:00+00:00,1015.22197466,0.03194444444444444
2021-12-27 00:00:00+00:00,1102.98343745,0.018055555555555554
2021-12-28 00:00:00+00:00,2215.26863352,0.008333333333333333
2021-12-29 00:00:00+00:00,2089.30815829,0.013194444444444444
2021-12-30 00:00:00+00:00,2162.27044303,0.00625
2021-12-31 00:00:00+00:00,1798.55260406,0.010416666666666666
2022-01-01 00:00:00+00:00,741.52060313,0.027777777777777776
2022-01-02 00:00:00+00:00,702.0947554,0.06388888888888888
2022-01-03 00:00:00+00:00,1140.17908832,0.05486111111111111
2022-01-04 00:00:00+00:00,1832.61283694,0.021527777777777778
2022-01-05 00:00:00+00:00,3397.54577759,0.11527777777777778
2022-01-06 00:00:00+00:00,2450.1130935,0.002777777777777778
2022-01-07 00:00:00+00:00,2984.20586087,0.003472222222222222
2022-01-08 00:00:00+00:00,1581.47361959,0.020833333333333332
2022-01-09 00:00:00+00:00,1532.58823403,0.017361111111111112
2022-01-10 00:00:00+00:00,3494.01378649,0.01597222222222222
2022-01-11 00:00:00+00:00,2442.65415081,0.004166666666666667
2022-01-12 00:00:00+00:00,2502.76210107,0.011111111111111112
2022-01-13 00:00:00+00:00,1993.88324273,0.014583333333333334
2022-01-14 00:00:00+00:00,1386.83275834,0.015277777777777777
2022-01-15 00:00:00+00:00,707.65852297,0.03333333333333333
2022-01-16 00:00:00+00:00,621.95302734,0.04861111111111111
2022-01-17 00:00:00+00:00,1060.00938797,0.029861111111111113
2022-01-18 00:00:00+00:00,1638.87085963,0.06805555555555555
2022-01-19 00:00:00+00:00,1664.70405269,0.06666666666666667
2022-01-20 00:00:00+00:00,2425.15260695,0.029166666666666667
2022-01-21 00:00:00+00:00,6201.04610092,0.0006944444444444445
2022-01-22 00:00:00+00:00,4510.37218636,0.0006944444444444445
2022-01-23 00:00:00+00:00,2533.70397599,0.009722222222222222
2022-01-24 00:00:00+00:00,6335.15428027,0.004861111111111111
2022-01-25 00:00:00+00:00,2793.69107911,0.005555555555555556
2022-01-26 00:00:00+00:00,3663.15557069,0.013194444444444444
2022-01-27 00:00:00+00:00,3103.82301099,0.004861111111111111
2022-01-28 00:00:00+00:00,2420.65410706,0.011111111111111112
2022-01-29 00:00:00+00:00,1296.90892268,0.030555555555555555
2022-01-30 00:00:00+00:00,708.79481272,0.04652777777777778
2022-01-31 00:00:00+00:00,2009.13000337,0.020833333333333332
2022-02-01 00:00:00+00:00,2073.9387171,0.014583333333333334
2022-02-02 00:00:00+00:00,1672.70719509,0.0125
2022-02-03 00:00:00+00:00,1624.39014671,0.018055555555555554
2022-02-04 00:00:00+00:00,3901.59890405,0.011111111111111112
2022-02-05 00:00:00+00:00,1892.23797403,0.02013888888888889
2022-02-06 00:00:00+00:00,854.67571444,0.06597222222222222
2022-02-07 00:00:00+00:00,2601.46944039,0.011111111111111112
2022-02-08 00:00:00+00:00,2591.80146351,0.005555555555555556
2022-02-09 00:00:00+00:00,1625.88352507,0.007638888888888889
2022-02-10 00:00:00+00:00,2692.62339808,0.010416666666666666
2022-02-11 00:00:00+00:00,2170.37239741,0.004166666666666667
2022-02-12 00:00:00+00:00,892.34533043,0.029166666666666667
2022-02-13 00:00:00+00:00,515.45574228,0.05
2022-02-14 00:00:00+00:00,1270.88651697,0.01875
2022-02-15 00:00:00+00:00,1772.92325828,0.016666666666666666
2022-02-16 00:00:00+00:00,1251.8335941999999,0.06180555555555556
2022-02-17 00:00:00+00:00,2437.49036088,0.024305555555555556
2022-02-18 00:00:00+00:00,2212.7149201,0.022222222222222223
2022-02-19 00:00:00+00:00,695.654296,0.05625
2022-02-20 00:00:00+00:00,1283.5115474,0.04027777777777778
2022-02-21 00:00:00+00:00,3501.42036418,0.022222222222222223
2022-02-22 00:00:00+00:00,2388.75903515,0.011111111111111112
2022-02-23 00:00:00+00:00,1778.27525833,0.025694444444444443
2022-02-24 00:00:00+00:00,6302.85095659,0.00625
2022-02-25 00:00:00+00:00,2202.85182731,0.010416666666666666
2022-02-26 00:00:00+00:00,912.7240869,0.02361111111111111
2022-02-27 00:00:00+00:00,1701.81704307,0.03680555555555556
2022-02-28 00:00:00+00:00,3160.61807044,0.0125
2022-03-01 00:00:00+00:00,2831.29722228,0.008333333333333333
2022-03-02 00:00:00+00:00,2043.55683949,0.015277777777777777
2022-03-03 00:00:00+00:00,2253.43076958,0.022222222222222223
2022-03-04 00:00:00+00:00,2493.65743037,0.009027777777777777
2022-03-05 00:00:00+00:00,806.91142871,0.03333333333333333
2022-03-06 00:00:00+00:00,1194.37373381,0.03888888888888889
2022-03-07 00:00:00+00:00,1949.69691981,0.01875
2022-03-08 00:00:00+00:00,1864.9046138200001,0.009027777777777777
2022-03-09 00:00:00+00:00,1980.29362461,0.011805555555555555
2022-03-10 00:00:00+00:00,2506.23482676,0.007638888888888889
2022-03-11 00:00:00+00:00,2063.22335158,0.004861111111111111
2022-03-12 00:00:00+00:00,962.85566586,0.058333333333333334
2022-03-13 00:00:00+00:00,737.88013225,0.0763888888888889
2022-03-14 00:00:00+00:00,1439.76768221,0.025694444444444443
2022-03-15 00:00:00+00:00,1638.68402951,0.022916666666666665
2022-03-16 00:00:00+00:00,5987.10388902,0.011805555555555555
2022-03-17 00:00:00+00:00,1657.76165332,0.018055555555555554
2022-03-18 00:00:00+00:00,2125.12318171,0.03263888888888889
2022-03-19 00:00:00+00:00,976.88885105,0.05763888888888889
2022-03-20 00:00:00+00:00,1061.35307364,0.06041666666666667
2022-03-21 00:00:00+00:00,1779.49806583,0.043055555555555555
2022-03-22 00:00:00+00:00,2375.4246535,0.027083333333333334
2022-03-23 00:00:00+00:00,1906.72354645,0.019444444444444445
2022-03-24 00:00:00+00:00,2173.30497451,0.01875
2022-03-25 00:00:00+00:00,1725.0715699,0.034722222222222224
2022-03-26 00:00:00+00:00,494.7242021,0.0763888888888889
2022-03-27 00:00:00+00:00,1548.88890527,0.09027777777777778
2022-03-28 00:00:00+00:00,2691.93784761,0.013888888888888888
2022-03-29 00:00:00+00:00,1716.32392308,0.03611111111111111
2022-03-30 00:00:00+00:00,1627.54321756,0.02847222222222222
2022-03-31 00:00:00+00:00,1372.96510736,0.04027777777777778
2022-04-01 00:00:00+00:00,1953.21952857,0.013888888888888888
2022-04-02 00:00:00+00:00,724.30875007,0.04791666666666667
2022-04-03 00:00:00+00:00,1063.6287324,0.24097222222222223
2022-04-04 00:00:00+00:00,1496.64154125,0.04652777777777778
2022-04-05 00:00:00+00:00,1127.69043708,0.1625
2022-04-06 00:00:00+00:00,3073.55689716,0.01875
2022-04-07 00:00:00+00:00,1381.67737796,0.019444444444444445
2022-04-08 00:00:00+00:00,1453.744661,0.02847222222222222
2022-04-09 00:00:00+00:00,525.17354399,0.059027777777777776
2022-04-10 00:00:00+00:00,862.61310467,0.08958333333333333
2022-04-11 00:00:00+00:00,2288.47921183,0.05138888888888889
2022-04-12 00:00:00+00:00,2111.92057359,0.010416666666666666
2022-04-13 00:00:00+00:00,1563.48448746,0.02013888888888889
2022-04-14 00:00:00+00:00,1169.49381805,0.016666666666666666
2022-04-15 00:00:00+00:00,752.39943803,0.035416666666666666
2022-04-16 00:00:00+00:00,365.72624783,0.06875
2022-04-17 00:00:00+00:00,485.0037186,0.11388888888888889
2022-04-18 00:00:00+00:00,2421.08185584,0.12361111111111112
2022-04-19 00:00:00+00:00,1457.11081239,0.024305555555555556
2022-04-20 00:00:00+00:00,1359.54131303,0.02847222222222222
2022-04-21 00:00:00+00:00,2163.31405365,0.01875
2022-04-22 00:00:00+00:00,2136.9997712,0.019444444444444445
2022-04-23 00:00:00+00:00,398.24448783,0.059027777777777776
2022-04-24 00:00:00+00:00,663.70417243,0.1423611111111111
2022-04-25 00:00:00+00:00,2220.04402771,0.04652777777777778
2022-04-26 00:00:00+00:00,2909.72251989,0.02013888888888889
2022-04-27 00:00:00+00:00,1769.00930667,0.016666666666666666
2022-04-28 00:00:00+00:00,1842.0050844300001,0.009722222222222222
2022-04-29 00:00:00+00:00,1600.89916681,0.00625
2022-04-30 00:00:00+00:00,728.27961992,0.044444444444444446
2022-05-01 00:00:00+00:00,1248.04269032,0.04722222222222222
2022-05-02 00:00:00+00:00,1434.10079893,0.029166666666666667
2022-05-03 00:00:00+00:00,1157.92207652,0.04097222222222222
2022-05-04 00:00:00+00:00,2297.27213438,0.04027777777777778
2022-05-05 00:00:00+00:00,3736.73012912,0.05486111111111111
2022-05-06 00:00:00+00:00,2594.53333069,0.016666666666666666
2022-05-07 00:00:00+00:00,1224.39699253,0.0625
2022-05-08 00:00:00+00:00,2670.3998161600002,0.03333333333333333
2022-05-09 00:00:00+00:00,7631.12166167,0.03611111111111111
2022-05-10 00:00:00+00:00,7402.30231296,0.004166666666666667
2022-05-11 00:00:00+00:00,11180.84883589,0.052083333333333336
2022-05-12 00:00:00+00:00,16578.810599,0.004861111111111111
2022-05-13 00:00:00+00:00,6010.27363922,0.003472222222222222
2022-05-14 00:00:00+00:00,2910.99216303,0.015277777777777777
2022-05-15 00:00:00+00:00,2085.06630084,0.035416666666666666
2022-05-16 00:00:00+00:00,3112.79429009,0.03819444444444445
2022-05-17 00:00:00+00:00,2143.92566327,0.027777777777777776
2022-05-18 00:00:00+00:00,2318.15544994,0.0125
2022-05-19 00:00:00+00:00,2516.77484526,0.027777777777777776
2022-05-20 00:00:00+00:00,2337.17319044,0.03194444444444444
2022-05-21 00:00:00+00:00,490.42738451,0.06527777777777778
2022-05-22 00:00:00+00:00,1318.89417974,0.10069444444444445
2022-05-23 00:00:00+00:00,2158.65047198,0.034027777777777775
2022-05-24 00:00:00+00:00,1490.23613231,0.03888888888888889
2022-05-25 00:00:00+00:00,1563.30877003,0.03125
2022-05-26 00:00:00+00:00,2835.00522362,0.017361111111111112
2022-05-27 00:00:00+00:00,2109.94198208,0.01597222222222222
2022-05-28 00:00:00+00:00,721.5469467,0.06944444444444445
2022-05-29 00:00:00+00:00,909.19180016,0.07291666666666667
2022-05-30 00:00:00+00:00,3257.5487365,0.010416666666666666
2022-05-31 00:00:00+00:00,1621.62249868,0.04236111111111111
2022-06-01 00:00:00+00:00,2629.80184718,0.02013888888888889
2022-06-02 00:00:00+00:00,1226.29074296,0.02638888888888889
2022-06-03 00:00:00+00:00,1151.14514737,0.05138888888888889
2022-06-04 00:00:00+00:00,472.40386055,0.15347222222222223
2022-06-05 00:00:00+00:00,563.06294053,0.15416666666666667
2022-06-06 00:00:00+00:00,2494.10424691,0.00625
2022-06-07 00:00:00+00:00,3672.30493412,0.014583333333333334
2022-06-08 00:00:00+00:00,1909.67240307,0.03125
2022-06-09 00:00:00+00:00,953.92926451,0.0375
2022-06-10 00:00:00+00:00,2545.34126907,0.02847222222222222
2022-06-11 00:00:00+00:00,1587.1952467,0.0763888888888889
2022-06-12 00:00:00+00:00,2588.83347441,0.022222222222222223
2022-06-13 00:00:00+00:00,12621.88318574,0.00625
2022-06-14 00:00:00+00:00,8576.80050998,0.003472222222222222
2022-06-15 00:00:00+00:00,13481.53959307,0.005555555555555556
2022-06-16 00:00:00+00:00,4889.1243038,0.008333333333333333
2022-06-17 00:00:00+00:00,3615.09731757,0.009027777777777777
2022-06-18 00:00:00+00:00,7958.38532206,0.018055555555555554
2022-06-19 00:00:00+00:00,5100.88311828,0.015277777777777777
2022-06-20 00:00:00+00:00,5112.85052521,0.0125
2022-06-21 00:00:00+00:00,3543.16812013,0.00625
2022-06-22 00:00:00+00:00,4210.49538322,0.004166666666666667
2022-06-23 00:00:00+00:00,2677.89902823,0.007638888888888889
2022-06-24 00:00:00+00:00,2444.77217091,0.004861111111111111
2022-06-25 00:00:00+00:00,1196.38466227,0.029166666666666667
2022-06-26 00:00:00+00:00,1437.6070946300001,0.05694444444444444
2022-06-27 00:00:00+00:00,1648.58803237,0.029166666666666667
2022-06-28 00:00:00+00:00,2048.6845194,0.029861111111111113
2022-06-29 00:00:00+00:00,1605.32356204,0.034722222222222224
2022-06-30 00:00:00+00:00,4907.84854025,0.022916666666666665
2022-07-01 00:00:00+00:00,4424.08855864,0.007638888888888889
2022-07-02 00:00:00+00:00,1478.97411836,0.03194444444444444
2022-07-03 00:00:00+00:00,1438.93649433,0.06319444444444444
2022-07-04 00:00:00+00:00,2016.0820069,0.04583333333333333
2022-07-05 00:00:00+00:00,2882.22647228,0.03125
2022-07-06 00:00:00+00:00,2093.38193195,0.01875
2022-07-07 00:00:00+00:00,3422.57159508,0.04583333333333333
2022-07-08 00:00:00+00:00,3352.94753796,0.04583333333333333
2022-07-09 00:00:00+00:00,865.38701575,0.043055555555555555
2022-07-10 00:00:00+00:00,1398.91806277,0.07361111111111111
2022-07-11 00:00:00+00:00,1381.03847332,0.03888888888888889
2022-07-12 00:00:00+00:00,1738.03082444,0.03333333333333333
2022-07-13 00:00:00+00:00,3196.86413812,0.09652777777777778
2022-07-14 00:00:00+00:00,2574.75885317,0.01875
2022-07-15 00:00:00+00:00,1581.8301293,0.021527777777777778
2022-07-16 00:00:00+00:00,1740.63926769,0.06388888888888888
2022-07-17 00:00:00+00:00,1497.20354125,0.05555555555555555
2022-07-18 00:00:00+00:00,4288.35687434,0.011805555555555555
2022-07-19 00:00:00+00:00,4682.35297064,0.017361111111111112
2022-07-20 00:00:00+00:00,4052.6845923700002,0.013194444444444444
2022-07-21 00:00:00+00:00,2267.47408756,0.01597222222222222
2022-07-22 00:00:00+00:00,2025.58385843,0.025
2022-07-23 00:00:00+00:00,1010.85783614,0.04861111111111111
2022-07-24 00:00:00+00:00,681.19673676,0.10833333333333334
2022-07-25 00:00:00+00:00,2128.78016831,0.03958333333333333
2022-07-26 00:00:00+00:00,1965.57798404,0.03263888888888889
2022-07-27 00:00:00+00:00,2976.18882906,0.08541666666666667
2022-07-28 00:00:00+00:00,3463.79018298,0.029166666666666667
2022-07-29 00:00:00+00:00,2536.49166787,0.016666666666666666
2022-07-30 00:00:00+00:00,1739.57494563,0.09583333333333334
2022-07-31 00:00:00+00:00,1624.15172546,0.059027777777777776
2022-08-01 00:00:00+00:00,1310.17180502,0.05
2022-08-02 00:00:00+00:00,1441.50641868,0.029166666666666667
2022-08-03 00:00:00+00:00,1306.29502305,0.02361111111111111
2022-08-04 00:00:00+00:00,1537.96629545,0.025
2022-08-05 00:00:00+00:00,2070.35989801,0.022916666666666665
2022-08-06 00:00:00+00:00,672.14529689,0.04652777777777778
2022-08-07 00:00:00+00:00,691.3833738,0.08611111111111111
2022-08-08 00:00:00+00:00,1845.04091771,0.034027777777777775
2022-08-09 00:00:00+00:00,1206.11169091,0.04027777777777778
2022-08-10 00:00:00+00:00,2251.388441,0.07708333333333334
2022-08-11 00:00:00+00:00,1964.2043205,0.050694444444444445
2022-08-12 00:00:00+00:00,1258.79271631,0.05694444444444444
2022-08-13 00:00:00+00:00,891.4216972300001,0.07916666666666666
2022-08-14 00:00:00+00:00,1360.86975366,0.08888888888888889
2022-08-15 00:00:00+00:00,1764.96054871,0.059722222222222225
2022-08-16 00:00:00+00:00,761.78640254,0.07916666666666666
2022-08-17 00:00:00+00:00,1814.51630224,0.07569444444444444
2022-08-18 00:00:00+00:00,888.93580166,0.08333333333333333
2022-08-19 00:00:00+00:00,3558.4209748,0.043055555555555555
2022-08-20 00:00:00+00:00,1475.27766281,0.05277777777777778
2022-08-21 00:00:00+00:00,1070.7625595,0.07777777777777778
2022-08-22 00:00:00+00:00,1428.98968096,0.06458333333333334
2022-08-23 00:00:00+00:00,1237.15547461,0.06666666666666667
2022-08-24 00:00:00+00:00,1825.65585841,0.07291666666666667
2022-08-25 00:00:00+00:00,1134.96366241,0.07222222222222222
2022-08-26 00:00:00+00:00,3482.0913778,0.0763888888888889
2022-08-27 00:00:00+00:00,1322.83765891,0.06180555555555556
2022-08-28 00:00:00+00:00,883.35771116,0.10208333333333333
2022-08-29 00:00:00+00:00,1226.5339045,0.08680555555555555
2022-08-30 00:00:00+00:00,2061.62816733,0.06597222222222222
2022-08-31 00:00:00+00:00,2271.16555773,0.05555555555555555
2022-09-01 00:00:00+00:00,1841.61890225,0.07569444444444444
2022-09-02 00:00:00+00:00,1704.54970941,0.06597222222222222
2022-09-03 00:00:00+00:00,454.45221631,0.1111111111111111
2022-09-04 00:00:00+00:00,468.46460815,0.12569444444444444
2022-09-05 00:00:00+00:00,975.96352852,0.09930555555555555
2022-09-06 00:00:00+00:00,3216.97354596,0.06597222222222222
2022-09-07 00:00:00+00:00,1946.27402334,0.06875
2022-09-08 00:00:00+00:00,1759.19295086,0.0763888888888889
2022-09-09 00:00:00+00:00,4009.32373236,0.05277777777777778
2022-09-10 00:00:00+00:00,1355.39296702,0.04722222222222222
2022-09-11 00:00:00+00:00,844.39459098,0.07777777777777778
2022-09-12 00:00:00+00:00,2496.98699671,0.041666666666666664
2022-09-13 00:00:00+00:00,3927.08003147,0.05347222222222222
2022-09-14 00:00:00+00:00,2793.90630535,0.06111111111111111
2022-09-15 00:00:00+00:00,2531.5711628,0.044444444444444446
2022-09-16 00:00:00+00:00,2514.42684614,0.06041666666666667
2022-09-17 00:00:00+00:00,947.27782708,0.09375
2022-09-18 00:00:00+00:00,1609.63965374,0.10208333333333333
2022-09-19 00:00:00+00:00,3418.2169402,0.04375
2022-09-20 00:00:00+00:00,2544.25288865,0.059722222222222225
2022-09-21 00:00:00+00:00,5332.93776764,0.05
2022-09-22 00:00:00+00:00,2607.0417597,0.04583333333333333
2022-09-23 00:00:00+00:00,2593.18338023,0.03958333333333333
2022-09-24 00:00:00+00:00,922.02394143,0.07777777777777778
2022-09-25 00:00:00+00:00,979.44306377,0.13055555555555556
2022-09-26 00:00:00+00:00,3167.38799752,0.04652777777777778
2022-09-27 00:00:00+00:00,4423.71693902,0.03680555555555556
2022-09-28 00:00:00+00:00,3817.64021997,0.03888888888888889
2022-09-29 00:00:00+00:00,1812.62118977,0.06388888888888888
2022-09-30 00:00:00+00:00,2413.78432301,0.05347222222222222
2022-10-01 00:00:00+00:00,378.60698732,0.14027777777777778
2022-10-02 00:00:00+00:00,518.03380521,0.17847222222222223
2022-10-03 00:00:00+00:00,1109.13176723,0.1111111111111111
2022-10-04 00:00:00+00:00,2455.5428922,0.05694444444444444
2022-10-05 00:00:00+00:00,1789.84892196,0.05347222222222222
2022-10-06 00:00:00+00:00,1438.88952495,0.05
2022-10-07 00:00:00+00:00,1290.58016407,0.12430555555555556
2022-10-08 00:00:00+00:00,517.3187632400001,0.14930555555555555
2022-10-09 00:00:00+00:00,707.27451611,0.16597222222222222
2022-10-10 00:00:00+00:00,1052.98301829,0.11319444444444444
2022-10-11 00:00:00+00:00,1332.93245318,0.09513888888888888
2022-10-12 00:00:00+00:00,870.27070879,0.11319444444444444
2022-10-13 00:00:00+00:00,2920.78208384,0.07222222222222222
2022-10-14 00:00:00+00:00,1313.80111372,0.04652777777777778
2022-10-15 00:00:00+00:00,331.43098278,0.13472222222222222
2022-10-16 00:00:00+00:00,417.01160964,0.1625
2022-10-17 00:00:00+00:00,1141.62350258,0.10972222222222222
2022-10-18 00:00:00+00:00,1524.52635389,0.07083333333333333
2022-10-19 00:00:00+00:00,1302.59535401,0.1
2022-10-20 00:00:00+00:00,1491.66449329,0.09930555555555555
2022-10-21 00:00:00+00:00,1923.43991085,0.11527777777777778
2022-10-22 00:00:00+00:00,455.42088912,0.36041666666666666
2022-10-23 00:00:00+00:00,1195.62013587,0.3298611111111111
2022-10-24 00:00:00+00:00,1155.8634844,0.15625
2022-10-25 00:00:00+00:00,2804.51314609,0.13819444444444445
2022-10-26 00:00:00+00:00,2711.06904662,0.05416666666666667
2022-10-27 00:00:00+00:00,1669.88399576,0.0625
2022-10-28 00:00:00+00:00,1827.61380674,0.07152777777777777
2022-10-29 00:00:00+00:00,1213.18946622,0.10694444444444444
2022-10-30 00:00:00+00:00,679.83876303,0.15902777777777777
2022-10-31 00:00:00+00:00,1880.02456732,0.08680555555555555
2022-11-01 00:00:00+00:00,1276.69180973,0.1076388888888889
2022-11-02 00:00:00+00:00,2292.08236192,0.08125
2022-11-03 00:00:00+00:00,1004.11893277,0.09652777777777778
2022-11-04 00:00:00+00:00,3501.47535754,0.059722222222222225
2022-11-05 00:00:00+00:00,774.12522007,0.11388888888888889
2022-11-06 00:00:00+00:00,551.95849001,0.1909722222222222
2022-11-07 00:00:00+00:00,1417.9956347300001,0.07569444444444444
2022-11-08 00:00:00+00:00,12035.90178845,0.022222222222222223
2022-11-09 00:00:00+00:00,8350.5654456,0.01597222222222222
2022-11-10 00:00:00+00:00,8375.25692463,0.02013888888888889
2022-11-11 00:00:00+00:00,5636.75561159,0.029861111111111113
2022-11-12 00:00:00+00:00,1882.26415655,0.1076388888888889
2022-11-13 00:00:00+00:00,2703.91194662,0.14097222222222222
2022-11-14 00:00:00+00:00,7964.34006887,0.05625
2022-11-15 00:00:00+00:00,5633.3993478,0.06041666666666667
2022-11-16 00:00:00+00:00,4035.80042365,0.07152777777777777
2022-11-17 00:00:00+00:00,2458.66689134,0.10902777777777778
2022-11-18 00:00:00+00:00,2673.28041964,0.11805555555555555
2022-11-19 00:00:00+00:00,1377.3963971,0.24791666666666667
2022-11-20 00:00:00+00:00,1827.05676561,0.17916666666666667
2022-11-21 00:00:00+00:00,5633.48780213,0.07847222222222222
2022-11-22 00:00:00+00:00,3718.55455894,0.06597222222222222
2022-11-23 00:00:00+00:00,3505.29313128,0.08680555555555555
2022-11-24 00:00:00+00:00,2141.4844617,0.10555555555555556
2022-11-25 00:00:00+00:00,2043.43507991,0.175
2022-11-26 00:00:00+00:00,1503.64131011,0.23333333333333334
2022-11-27 00:00:00+00:00,1189.79470656,0.3034722222222222
2022-11-28 00:00:00+00:00,3254.70177817,0.15833333333333333
2022-11-29 00:00:00+00:00,2310.87079583,0.15416666666666667
2022-11-30 00:00:00+00:00,4442.42726142,0.14722222222222223
2022-12-01 00:00:00+00:00,3207.29094124,0.15763888888888888
2022-12-02 00:00:00+00:00,2329.03284999,0.21805555555555556
2022-12-03 00:00:00+00:00,1177.01264514,0.32569444444444445
2022-12-04 00:00:00+00:00,1603.5516013,0.28055555555555556
2022-12-05 00:00:00+00:00,2251.51957602,0.12569444444444444
2022-12-06 00:00:00+00:00,1303.3712247400001,0.19791666666666666
2022-12-07 00:00:00+00:00,1185.39328287,0.2534722222222222
2022-12-08 00:00:00+00:00,1724.69349744,0.25416666666666665
2022-12-09 00:00:00+00:00,1226.70564841,0.27847222222222223
2022-12-10 00:00:00+00:00,677.74180701,0.46944444444444444
2022-12-11 00:00:00+00:00,1239.3577856,0.42291666666666666
2022-12-12 00:00:00+00:00,1695.0565253,0.30625
2022-12-13 00:00:00+00:00,3838.86501115,0.15416666666666667
2022-12-14 00:00:00+00:00,3836.86554644,0.13333333333333333
2022-12-15 00:00:00+00:00,1887.37172156,0.1673611111111111
2022-12-16 00:00:00+00:00,2853.96835966,0.18194444444444444
2022-12-17 00:00:00+00:00,1114.37024438,0.3034722222222222
2022-12-18 00:00:00+00:00,695.99091766,0.47708333333333336
2022-12-19 00:00:00+00:00,2157.44154575,0.2569444444444444
2022-12-20 00:00:00+00:00,2115.97889225,0.12708333333333333
2022-12-21 00:00:00+00:00,1618.76729861,0.2659722222222222
2022-12-22 00:00:00+00:00,1946.30526969,0.28888888888888886
2022-12-23 00:00:00+00:00,2138.4466876,0.3125
2022-12-24 00:00:00+00:00,960.3266097,0.6291666666666667
2022-12-25 00:00:00+00:00,717.96557265,0.5951388888888889
2022-12-26 00:00:00+00:00,731.85697007,0.5708333333333333
2022-12-27 00:00:00+00:00,2204.70406525,0.42430555555555555
2022-12-28 00:00:00+00:00,2220.78816676,0.2881944444444444
2022-12-29 00:00:00+00:00,1560.43976985,0.28680555555555554
2022-12-30 00:00:00+00:00,2223.64394181,0.3576388888888889
2022-12-31 00:00:00+00:00,602.43437164,0.5381944444444444
2023-01-01 00:00:00+00:00,473.83273801,0.5152777777777777
2023-01-02 00:00:00+00:00,1046.7274368,0.4284722222222222
2023-01-03 00:00:00+00:00,1388.07196613,0.3951388888888889
2023-01-04 00:00:00+00:00,2038.03012252,0.2861111111111111
2023-01-05 00:00:00+00:00,1131.61941681,0.35833333333333334
2023-01-06 00:00:00+00:00,1738.57975267,0.31666666666666665
2023-01-07 00:00:00+00:00,523.75442441,0.6388888888888888
2023-01-08 00:00:00+00:00,816.57209307,0.6118055555555556
2023-01-09 00:00:00+00:00,2213.34824624,0.2152777777777778
2023-01-10 00:00:00+00:00,1354.43514717,0.21180555555555555
2023-01-11 00:00:00+00:00,1904.45231601,0.2076388888888889
2023-01-12 00:00:00+00:00,5124.55845338,0.08888888888888889
2023-01-13 00:00:00+00:00,3765.2742592,0.09027777777777778
2023-01-14 00:00:00+00:00,6843.48563958,0.03611111111111111
2023-01-15 00:00:00+00:00,1352.72025796,0.1284722222222222
2023-01-16 00:00:00+00:00,3236.95717404,0.05694444444444444
2023-01-17 00:00:00+00:00,2302.39736137,0.06805555555555555
2023-01-18 00:00:00+00:00,3794.75671744,0.07152777777777777
2023-01-19 00:00:00+00:00,2391.67069084,0.09930555555555555
2023-01-20 00:00:00+00:00,2937.14734339,0.08125
2023-01-21 00:00:00+00:00,3013.23007247,0.05625
2023-01-22 00:00:00+00:00,1548.97073883,0.07152777777777777
2023-01-23 00:00:00+00:00,1699.036477,0.05694444444444444
2023-01-24 00:00:00+00:00,1953.73212508,0.06111111111111111
2023-01-25 00:00:00+00:00,2582.12043347,0.06875
2023-01-26 00:00:00+00:00,1472.74474346,0.05486111111111111
2023-01-27 00:00:00+00:00,2086.70647505,0.06111111111111111
2023-01-28 00:00:00+00:00,834.3522255,0.16875
2023-01-29 00:00:00+00:00,1620.98279529,0.0875
2023-01-30 00:00:00+00:00,2081.82272658,0.06458333333333334
2023-01-31 00:00:00+00:00,1557.98459142,0.075
2023-02-01 00:00:00+00:00,2468.52240577,0.08055555555555556
2023-02-02 00:00:00+00:00,2609.58252721,0.06805555555555555
2023-02-03 00:00:00+00:00,1742.07112849,0.05694444444444444
2023-02-04 00:00:00+00:00,778.73091268,0.16944444444444445
2023-02-05 00:00:00+00:00,1525.50154971,0.14722222222222223
2023-02-06 00:00:00+00:00,1731.60284453,0.08541666666666667
2023-02-07 00:00:00+00:00,2758.47564405,0.09375
2023-02-08 00:00:00+00:00,1236.37140064,0.09930555555555555
2023-02-09 00:00:00+00:00,2260.7850853,0.08194444444444444
2023-02-10 00:00:00+00:00,1503.99323818,0.07916666666666666
2023-02-11 00:00:00+00:00,699.37255295,0.19791666666666666
2023-02-12 00:00:00+00:00,1481.78576998,0.21875
2023-02-13 00:00:00+00:00,1923.03740841,0.07916666666666666
2023-02-14 00:00:00+00:00,2032.44280719,0.12708333333333333
2023-02-15 00:00:00+00:00,2316.23830307,0.09791666666666667
2023-02-16 00:00:00+00:00,3634.8002493,0.058333333333333334
2023-02-17 00:00:00+00:00,3328.63120407,0.04861111111111111
2023-02-18 00:00:00+00:00,721.18871725,0.10625
2023-02-19 00:00:00+00:00,1717.15816149,0.11458333333333333
2023-02-20 00:00:00+00:00,1828.53775073,0.07013888888888889
2023-02-21 00:00:00+00:00,2506.05738181,0.049305555555555554
2023-02-22 00:00:00+00:00,1951.95970979,0.03888888888888889
2023-02-23 00:00:00+00:00,2000.28221308,0.059722222222222225
2023-02-24 00:00:00+00:00,2782.78873072,0.07361111111111111
2023-02-25 00:00:00+00:00,863.37221739,0.11805555555555555
2023-02-26 00:00:00+00:00,1019.2008877,0.13680555555555557
2023-02-27 00:00:00+00:00,1768.12573577,0.0798611111111111
2023-02-28 00:00:00+00:00,1185.70463735,0.07222222222222222
2023-03-01 00:00:00+00:00,1748.04686969,0.05694444444444444
2023-03-02 00:00:00+00:00,1090.90317933,0.07291666666666667
2023-03-03 00:00:00+00:00,2878.02219561,0.07291666666666667
2023-03-04 00:00:00+00:00,608.34767678,0.22430555555555556
2023-03-05 00:00:00+00:00,944.66432972,0.20833333333333334
2023-03-06 00:00:00+00:00,1156.23472957,0.13541666666666666
2023-03-07 00:00:00+00:00,1837.72234137,0.11388888888888889
2023-03-08 00:00:00+00:00,1477.18402948,0.07708333333333334
2023-03-09 00:00:00+00:00,3373.14910671,0.07847222222222222
2023-03-10 00:00:00+00:00,4695.23685366,0.03958333333333333
2023-03-11 00:00:00+00:00,3590.95407524,0.04513888888888889
2023-03-12 00:00:00+00:00,3599.49467653,0.07083333333333333
2023-03-13 00:00:00+00:00,6738.26574302,0.02638888888888889
2023-03-14 00:00:00+00:00,7966.02323163,0.034027777777777775
2023-03-15 00:00:00+00:00,4368.44571382,0.029861111111111113
2023-03-16 00:00:00+00:00,2430.85019301,0.03888888888888889
2023-03-17 00:00:00+00:00,5166.28277037,0.01875
2023-03-18 00:00:00+00:00,2933.79686267,0.05
2023-03-19 00:00:00+00:00,2615.71251826,0.05486111111111111
2023-03-20 00:00:00+00:00,3998.09358215,0.019444444444444445
2023-03-21 00:00:00+00:00,2955.11628597,0.03194444444444444
2023-03-22 00:00:00+00:00,5024.21040571,0.03958333333333333
2023-03-23 00:00:00+00:00,3199.6545122,0.12291666666666666
2023-03-24 00:00:00+00:00,2789.44951461,0.05486111111111111
2023-03-25 00:00:00+00:00,963.8384074100001,0.09375
2023-03-26 00:00:00+00:00,1100.20331067,0.10555555555555556
2023-03-27 00:00:00+00:00,2258.96393636,0.0763888888888889
2023-03-28 00:00:00+00:00,2137.04196923,0.05416666666666667
2023-03-29 00:00:00+00:00,2161.81292594,0.052083333333333336
2023-03-30 00:00:00+00:00,2912.7258869,0.0375
2023-03-31 00:00:00+00:00,2301.18236248,0.04722222222222222
2023-04-01 00:00:00+00:00,656.33679146,0.1486111111111111
2023-04-02 00:00:00+00:00,689.98223995,0.15694444444444444
2023-04-03 00:00:00+00:00,2393.226229,0.0625
2023-04-04 00:00:00+00:00,1294.59736105,0.06736111111111111
2023-04-05 00:00:00+00:00,1576.30733991,0.10347222222222222
2023-04-06 00:00:00+00:00,1064.88009436,0.12152777777777778
2023-04-07 00:00:00+00:00,436.4796401,0.2048611111111111
2023-04-08 00:00:00+00:00,417.7631391,0.275
2023-04-09 00:00:00+00:00,718.54765779,0.24375
2023-04-10 00:00:00+00:00,2711.67320655,0.14652777777777778
2023-04-11 00:00:00+00:00,2689.4048951,0.07361111111111111
2023-04-12 00:00:00+00:00,1926.94195052,0.0798611111111111
2023-04-13 00:00:00+00:00,1503.93427177,0.09513888888888888
2023-04-14 00:00:00+00:00,2540.14059427,0.06666666666666667
2023-04-15 00:00:00+00:00,560.64010658,0.2222222222222222
2023-04-16 00:00:00+00:00,656.81163772,0.22083333333333333
2023-04-17 00:00:00+00:00,2077.00292863,0.09513888888888888
2023-04-18 00:00:00+00:00,1827.46761436,0.07847222222222222
2023-04-19 00:00:00+00:00,3869.09654939,0.0625
2023-04-20 00:00:00+00:00,2450.06329929,0.052083333333333336
2023-04-21 00:00:00+00:00,2455.89969552,0.052083333333333336
2023-04-22 00:00:00+00:00,1010.44737158,0.14444444444444443
2023-04-23 00:00:00+00:00,798.04552773,0.13819444444444445
2023-04-24 00:00:00+00:00,2236.65500868,0.06180555555555556
2023-04-25 00:00:00+00:00,1874.16625132,0.07291666666666667
2023-04-26 00:00:00+00:00,5277.187044,0.044444444444444446
2023-04-27 00:00:00+00:00,3748.60576512,0.025694444444444443
2023-04-28 00:00:00+00:00,2449.0749774,0.05138888888888889
2023-04-29 00:00:00+00:00,932.47961185,0.14444444444444443
2023-04-30 00:00:00+00:00,1415.2550609099999,0.17083333333333334
2023-05-01 00:00:00+00:00,2913.86283351,0.08472222222222223
2023-05-02 00:00:00+00:00,1935.55649138,0.09652777777777778
2023-05-03 00:00:00+00:00,2838.45231646,0.06736111111111111
2023-05-04 00:00:00+00:00,1656.27922902,0.06388888888888888
2023-05-05 00:00:00+00:00,1923.16974421,0.07777777777777778
2023-05-06 00:00:00+00:00,1443.17174676,0.08680555555555555
2023-05-07 00:00:00+00:00,1021.45715582,0.1423611111111111
2023-05-08 00:00:00+00:00,2936.79913382,0.05486111111111111
2023-05-09 00:00:00+00:00,1573.53076474,0.09166666666666666
2023-05-10 00:00:00+00:00,2848.942523,0.10555555555555556
2023-05-11 00:00:00+00:00,2126.87109348,0.08958333333333333
2023-05-12 00:00:00+00:00,4842.98246111,0.06597222222222222
2023-05-13 00:00:00+00:00,1269.30464643,0.14791666666666667
2023-05-14 00:00:00+00:00,1325.63421938,0.1798611111111111
2023-05-15 00:00:00+00:00,1805.12956433,0.09930555555555555
2023-05-16 00:00:00+00:00,1730.33763378,0.09305555555555556
2023-05-17 00:00:00+00:00,2653.36761994,0.09513888888888888
2023-05-18 00:00:00+00:00,1987.57678586,0.09583333333333334
2023-05-19 00:00:00+00:00,1277.23274821,0.11527777777777778
2023-05-20 00:00:00+00:00,603.01939692,0.27152777777777776
2023-05-21 00:00:00+00:00,654.14743859,0.20416666666666666
2023-05-22 00:00:00+00:00,1111.87388791,0.14444444444444443
2023-05-23 00:00:00+00:00,1174.41963411,0.12013888888888889
2023-05-24 00:00:00+00:00,2214.54386081,0.10555555555555556
2023-05-25 00:00:00+00:00,1646.8258379,0.12083333333333333
2023-05-26 00:00:00+00:00,1666.10237235,0.15625
2023-05-27 00:00:00+00:00,636.46388614,0.27291666666666664
2023-05-28 00:00:00+00:00,1665.64922634,0.1423611111111111
2023-05-29 00:00:00+00:00,1684.67833372,0.09097222222222222
2023-05-30 00:00:00+00:00,1567.55117507,0.10625
2023-05-31 00:00:00+00:00,1863.47625267,0.07361111111111111
2023-06-01 00:00:00+00:00,2004.35720265,0.07916666666666666
2023-06-02 00:00:00+00:00,1671.434456,0.09652777777777778
2023-06-03 00:00:00+00:00,772.42193183,0.25763888888888886
2023-06-04 00:00:00+00:00,789.8995641,0.22291666666666668
2023-06-05 00:00:00+00:00,3837.59032264,0.08263888888888889
2023-06-06 00:00:00+00:00,3965.21160442,0.08263888888888889
2023-06-07 00:00:00+00:00,2996.80495663,0.05555555555555555
2023-06-08 00:00:00+00:00,1530.42554212,0.09861111111111111
2023-06-09 00:00:00+00:00,1059.79847008,0.10416666666666667
2023-06-10 00:00:00+00:00,3074.54228424,0.05138888888888889
2023-06-11 00:00:00+00:00,1020.99238041,0.12291666666666666
2023-06-12 00:00:00+00:00,1761.02544893,0.07361111111111111
2023-06-13 00:00:00+00:00,1895.96796692,0.08541666666666667
2023-06-14 00:00:00+00:00,2747.12869314,0.11319444444444444
2023-06-15 00:00:00+00:00,2880.44240822,0.07361111111111111
2023-06-16 00:00:00+00:00,2556.84039324,0.1111111111111111
2023-06-17 00:00:00+00:00,1155.48522656,0.17430555555555555
2023-06-18 00:00:00+00:00,1005.71439822,0.24861111111111112
2023-06-19 00:00:00+00:00,1828.96524085,0.1486111111111111
2023-06-20 00:00:00+00:00,3123.51386312,0.09791666666666667
2023-06-21 00:00:00+00:00,6043.64316714,0.04513888888888889
2023-06-22 00:00:00+00:00,3777.43149847,0.052083333333333336
2023-06-23 00:00:00+00:00,4388.38562374,0.059027777777777776
2023-06-24 00:00:00+00:00,1211.73495461,0.08888888888888889
2023-06-25 00:00:00+00:00,1480.27114787,0.11319444444444444
2023-06-26 00:00:00+00:00,2062.07924358,0.06805555555555555
2023-06-27 00:00:00+00:00,2087.55806488,0.09722222222222222
2023-06-28 00:00:00+00:00,1867.54566498,0.12638888888888888
2023-06-29 00:00:00+00:00,1924.6183445,0.10138888888888889
2023-06-30 00:00:00+00:00,4944.39013815,0.05486111111111111
2023-07-01 00:00:00+00:00,603.9348395,0.18819444444444444
2023-07-02 00:00:00+00:00,1091.40198046,0.18888888888888888
2023-07-03 00:00:00+00:00,1549.49344257,0.21805555555555556
2023-07-04 00:00:00+00:00,848.52450967,0.1326388888888889
2023-07-05 00:00:00+00:00,1179.48935068,0.18263888888888888
2023-07-06 00:00:00+00:00,3087.63379638,0.08472222222222223
2023-07-07 00:00:00+00:00,1886.47101822,0.08263888888888889
2023-07-08 00:00:00+00:00,602.99398251,0.22777777777777777
2023-07-09 00:00:00+00:00,640.48477925,0.2763888888888889
2023-07-10 00:00:00+00:00,1899.48550714,0.11736111111111111
2023-07-11 00:00:00+00:00,1275.01882493,0.13680555555555557
2023-07-12 00:00:00+00:00,1734.61976884,0.12638888888888888
2023-07-13 00:00:00+00:00,3038.41085113,0.10833333333333334
2023-07-14 00:00:00+00:00,2687.88498106,0.0798611111111111
2023-07-15 00:00:00+00:00,483.23087175,0.23472222222222222
2023-07-16 00:00:00+00:00,999.67578186,0.23541666666666666
2023-07-17 00:00:00+00:00,1810.6123199,0.13472222222222222
2023-07-18 00:00:00+00:00,1637.26704348,0.09513888888888888
2023-07-19 00:00:00+00:00,1446.88422668,0.1111111111111111
2023-07-20 00:00:00+00:00,1431.36195596,0.10347222222222222
2023-07-21 00:00:00+00:00,1197.73385418,0.1284722222222222
2023-07-22 00:00:00+00:00,630.39179913,0.30277777777777776
2023-07-23 00:00:00+00:00,766.46726746,0.2708333333333333
2023-07-24 00:00:00+00:00,2817.83813249,0.11944444444444445
2023-07-25 00:00:00+00:00,1213.4912944,0.14930555555555555
2023-07-26 00:00:00+00:00,1517.24148332,0.10833333333333334
2023-07-27 00:00:00+00:00,1313.64370824,0.13125
2023-07-28 00:00:00+00:00,1241.48419113,0.17222222222222222
2023-07-29 00:00:00+00:00,402.48554375,0.3576388888888889
2023-07-30 00:00:00+00:00,792.17888595,0.325
2023-07-31 00:00:00+00:00,899.87088387,0.18194444444444444
2023-08-01 00:00:00+00:00,2302.7701885,0.1125
2023-08-02 00:00:00+00:00,1990.0712660899999,0.08819444444444445
2023-08-03 00:00:00+00:00,1359.65240342,0.12638888888888888
2023-08-04 00:00:00+00:00,1430.63487436,0.1388888888888889
2023-08-05 00:00:00+00:00,339.31235387,0.36944444444444446
2023-08-06 00:00:00+00:00,494.23722676,0.3840277777777778
2023-08-07 00:00:00+00:00,1440.49544476,0.1840277777777778
2023-08-08 00:00:00+00:00,2548.20876694,0.14722222222222223
2023-08-09 00:00:00+00:00,1342.08176495,0.12986111111111112
2023-08-10 00:00:00+00:00,1091.25819091,0.21388888888888888
2023-08-11 00:00:00+00:00,839.58343645,0.2375
2023-08-12 00:00:00+00:00,349.63678295,0.4722222222222222
2023-08-13 00:00:00+00:00,357.15476053,0.48125
2023-08-14 00:00:00+00:00,1281.1078171,0.20277777777777778
2023-08-15 00:00:00+00:00,1081.01044207,0.25625
2023-08-16 00:00:00+00:00,1798.07617139,0.16875
2023-08-17 00:00:00+00:00,4949.55887437,0.08958333333333333
2023-08-18 00:00:00+00:00,2639.68823694,0.04791666666666667
2023-08-19 00:00:00+00:00,1021.34929591,0.15138888888888888
2023-08-20 00:00:00+00:00,711.93303045,0.2548611111111111
2023-08-21 00:00:00+00:00,1609.35464365,0.14027777777777778
2023-08-22 00:00:00+00:00,1785.38604286,0.16180555555555556
2023-08-23 00:00:00+00:00,2472.52719071,0.12291666666666666
2023-08-24 00:00:00+00:00,1678.6281579,0.12013888888888889
2023-08-25 00:00:00+00:00,1924.7079294,0.1486111111111111
2023-08-26 00:00:00+00:00,249.0430185,0.4597222222222222
2023-08-27 00:00:00+00:00,399.56936642,0.4444444444444444
2023-08-28 00:00:00+00:00,1212.34458122,0.18472222222222223
2023-08-29 00:00:00+00:00,4581.62209762,0.14166666666666666
2023-08-30 00:00:00+00:00,2084.64468373,0.12222222222222222
2023-08-31 00:00:00+00:00,2809.73176445,0.12222222222222222
2023-09-01 00:00:00+00:00,1970.6890186,0.11527777777777778
2023-09-02 00:00:00+00:00,557.92664336,0.2534722222222222
2023-09-03 00:00:00+00:00,719.53811642,0.2965277777777778
2023-09-04 00:00:00+00:00,1083.70424928,0.19583333333333333
2023-09-05 00:00:00+00:00,1006.67988402,0.16666666666666666
2023-09-06 00:00:00+00:00,1278.20847185,0.15694444444444444
2023-09-07 00:00:00+00:00,1647.35197985,0.18055555555555555
2023-09-08 00:00:00+00:00,1649.47774994,0.1451388888888889
2023-09-09 00:00:00+00:00,436.09095941,0.38958333333333334
2023-09-10 00:00:00+00:00,876.91159297,0.27708333333333335
2023-09-11 00:00:00+00:00,2016.08262659,0.1284722222222222
2023-09-12 00:00:00+00:00,3217.44248767,0.08611111111111111
2023-09-13 00:00:00+00:00,1566.27745586,0.11180555555555556
2023-09-14 00:00:00+00:00,2087.02602594,0.12708333333333333
2023-09-15 00:00:00+00:00,1388.80900435,0.14444444444444443
2023-09-16 00:00:00+00:00,609.7138034,0.24583333333333332
2023-09-17 00:00:00+00:00,522.97891573,0.3090277777777778
2023-09-18 00:00:00+00:00,2015.8296667,0.11944444444444445
2023-09-19 00:00:00+00:00,1886.73059609,0.14583333333333334
2023-09-20 00:00:00+00:00,2264.83849151,0.11597222222222223
2023-09-21 00:00:00+00:00,1557.05559404,0.11666666666666667
2023-09-22 00:00:00+00:00,683.49903344,0.14583333333333334
2023-09-23 00:00:00+00:00,263.32261736,0.40069444444444446
2023-09-24 00:00:00+00:00,778.78029835,0.41805555555555557
2023-09-25 00:00:00+00:00,1307.38610948,0.14097222222222222
2023-09-26 00:00:00+00:00,884.58189615,0.17222222222222222
2023-09-27 00:00:00+00:00,1845.69530452,0.17083333333333334
2023-09-28 00:00:00+00:00,2763.60813176,0.10277777777777777
2023-09-29 00:00:00+00:00,1536.61509999,0.10972222222222222
2023-09-30 00:00:00+00:00,532.6068557,0.30833333333333335
2023-10-01 00:00:00+00:00,1264.64540463,0.28402777777777777
2023-10-02 00:00:00+00:00,2577.97315012,0.05
2023-10-03 00:00:00+00:00,1304.18286171,0.0875
2023-10-04 00:00:00+00:00,1275.01105837,0.12986111111111112
2023-10-05 00:00:00+00:00,1535.57836693,0.10972222222222222
2023-10-06 00:00:00+00:00,1718.75354746,0.10694444444444444
2023-10-07 00:00:00+00:00,355.00216419,0.21944444444444444
2023-10-08 00:00:00+00:00,559.68781341,0.2520833333333333
2023-10-09 00:00:00+00:00,1186.72451465,0.21597222222222223
2023-10-10 00:00:00+00:00,1183.58370853,0.18194444444444444
2023-10-11 00:00:00+00:00,2042.77738655,0.10833333333333334
2023-10-12 00:00:00+00:00,1099.96996575,0.12777777777777777
2023-10-13 00:00:00+00:00,1292.1278671,0.1375
2023-10-14 00:00:00+00:00,421.71980002,0.2965277777777778
2023-10-15 00:00:00+00:00,758.25452068,0.31527777777777777
2023-10-16 00:00:00+00:00,4785.41944077,0.09444444444444444
2023-10-17 00:00:00+00:00,1864.88114061,0.08541666666666667
2023-10-18 00:00:00+00:00,1413.07638125,0.08819444444444445
2023-10-19 00:00:00+00:00,1546.73974905,0.09444444444444444
2023-10-20 00:00:00+00:00,2771.39284798,0.07152777777777777
2023-10-21 00:00:00+00:00,918.26190297,0.12569444444444444
2023-10-22 00:00:00+00:00,921.90910142,0.1673611111111111
2023-10-23 00:00:00+00:00,5126.76615313,0.05
2023-10-24 00:00:00+00:00,5503.07515361,0.02361111111111111
2023-10-25 00:00:00+00:00,2514.83797747,0.03888888888888889
2023-10-26 00:00:00+00:00,2077.76612107,0.06319444444444444
2023-10-27 00:00:00+00:00,2094.03774293,0.08055555555555556
2023-10-28 00:00:00+00:00,772.85563761,0.17569444444444443
2023-10-29 00:00:00+00:00,949.33336318,0.1597222222222222
2023-10-30 00:00:00+00:00,1843.15676539,0.12083333333333333
2023-10-31 00:00:00+00:00,1565.28762452,0.10277777777777777
2023-11-01 00:00:00+00:00,2098.16618447,0.08888888888888889
2023-11-02 00:00:00+00:00,1636.75756043,0.05555555555555555
2023-11-03 00:00:00+00:00,1346.42679593,0.06388888888888888
2023-11-04 00:00:00+00:00,789.13294208,0.16041666666666668
2023-11-05 00:00:00+00:00,816.1044247,0.14930555555555555
2023-11-06 00:00:00+00:00,1069.01973133,0.10416666666666667
2023-11-07 00:00:00+00:00,1785.9642087299999,0.0763888888888889
2023-11-08 00:00:00+00:00,1364.35565296,0.08333333333333333
2023-11-09 00:00:00+00:00,3016.28242591,0.029861111111111113
2023-11-10 00:00:00+00:00,1622.63844082,0.05694444444444444
2023-11-11 00:00:00+00:00,808.30673359,0.08958333333333333
2023-11-12 00:00:00+00:00,549.56241452,0.17847222222222223
2023-11-13 00:00:00+00:00,1510.51918187,0.09236111111111112
2023-11-14 00:00:00+00:00,1717.04521008,0.0798611111111111
2023-11-15 00:00:00+00:00,2493.86082433,0.12222222222222222
2023-11-16 00:00:00+00:00,2074.97812228,0.06111111111111111
2023-11-17 00:00:00+00:00,1897.08043126,0.06944444444444445
2023-11-18 00:00:00+00:00,600.63676547,0.18055555555555555
2023-11-19 00:00:00+00:00,1248.86330778,0.2111111111111111
2023-11-20 00:00:00+00:00,2466.92303789,0.08125
2023-11-21 00:00:00+00:00,2635.3433892900002,0.07916666666666666
2023-11-22 00:00:00+00:00,2070.1723192,0.07222222222222222
2023-11-23 00:00:00+00:00,1022.40658624,0.08680555555555555
2023-11-24 00:00:00+00:00,1802.03174883,0.08611111111111111
2023-11-25 00:00:00+00:00,420.03700069,0.23402777777777778
2023-11-26 00:00:00+00:00,956.68366321,0.2076388888888889
2023-11-27 00:00:00+00:00,1461.30815081,0.07847222222222222
2023-11-28 00:00:00+00:00,2929.17942076,0.07777777777777778
2023-11-29 00:00:00+00:00,1596.97584281,0.09166666666666666
2023-11-30 00:00:00+00:00,1238.49574253,0.08263888888888889
2023-12-01 00:00:00+00:00,1584.74431912,0.05486111111111111
2023-12-02 00:00:00+00:00,1009.37914772,0.14097222222222222
2023-12-03 00:00:00+00:00,1030.43113816,0.10972222222222222
2023-12-04 00:00:00+00:00,2457.14266074,0.03333333333333333
2023-12-05 00:00:00+00:00,2381.71882149,0.05416666666666667
2023-12-06 00:00:00+00:00,1590.89524265,0.034722222222222224
2023-12-07 00:00:00+00:00,1537.57678097,0.06388888888888888
2023-12-08 00:00:00+00:00,1710.26021181,0.06597222222222222
2023-12-09 00:00:00+00:00,1039.35957631,0.08958333333333333
2023-12-10 00:00:00+00:00,872.82567587,0.15
2023-12-11 00:00:00+00:00,4261.48533556,0.03680555555555556
2023-12-12 00:00:00+00:00,1610.56081406,0.05347222222222222
2023-12-13 00:00:00+00:00,2644.83644066,0.04722222222222222
2023-12-14 00:00:00+00:00,2002.07782305,0.05625
2023-12-15 00:00:00+00:00,1753.91862839,0.05277777777777778
2023-12-16 00:00:00+00:00,702.47727547,0.08194444444444444
2023-12-17 00:00:00+00:00,1244.1407649,0.11527777777777778
2023-12-18 00:00:00+00:00,2330.26582426,0.04375
2023-12-19 00:00:00+00:00,2275.97294212,0.06180555555555556
2023-12-20 00:00:00+00:00,2554.20268131,0.050694444444444445
2023-12-21 00:00:00+00:00,1843.00224824,0.04722222222222222
2023-12-22 00:00:00+00:00,1262.6906742,0.05277777777777778
2023-12-23 00:00:00+00:00,762.80816546,0.10972222222222222
2023-12-24 00:00:00+00:00,934.47643082,0.15
2023-12-25 00:00:00+00:00,808.86227682,0.1451388888888889
2023-12-26 00:00:00+00:00,2476.91150728,0.08125
2023-12-27 00:00:00+00:00,2029.37372014,0.058333333333333334
2023-12-28 00:00:00+00:00,1410.60181535,0.04791666666666667
2023-12-29 00:00:00+00:00,2740.01043427,0.03680555555555556
2023-12-30 00:00:00+00:00,931.22212329,0.06944444444444445
2023-12-31 00:00:00+00:00,1192.72615807,0.10555555555555556
2024-01-01 00:00:00+00:00,1633.49861779,0.13958333333333334
2024-01-02 00:00:00+00:00,3948.65907593,0.025694444444444443
2024-01-03 00:00:00+00:00,3980.8280561,0.022916666666666665
2024-01-04 00:00:00+00:00,2918.11934919,0.027083333333333334
2024-01-05 00:00:00+00:00,3155.46638326,0.022916666666666665
2024-01-06 00:00:00+00:00,980.53899688,0.05555555555555555
2024-01-07 00:00:00+00:00,1747.44187033,0.0763888888888889
2024-01-08 00:00:00+00:00,3636.8610002,0.03263888888888889
2024-01-09 00:00:00+00:00,4033.07482445,0.034722222222222224
2024-01-10 00:00:00+00:00,4041.55249105,0.025694444444444443
2024-01-11 00:00:00+00:00,4473.0234105,0.024305555555555556
2024-01-12 00:00:00+00:00,5206.89076802,0.015277777777777777
2024-01-13 00:00:00+00:00,1045.15461483,0.025694444444444443
2024-01-14 00:00:00+00:00,1256.25694151,0.06180555555555556
2024-01-15 00:00:00+00:00,1455.98525511,0.04722222222222222
2024-01-16 00:00:00+00:00,2368.79032451,0.049305555555555554
2024-01-17 00:00:00+00:00,1669.71805706,0.03680555555555556
2024-01-18 00:00:00+00:00,2233.62523855,0.04583333333333333
2024-01-19 00:00:00+00:00,2637.87840623,0.03680555555555556
2024-01-20 00:00:00+00:00,751.43386965,0.07361111111111111
2024-01-21 00:00:00+00:00,466.94666893,0.16944444444444445
2024-01-22 00:00:00+00:00,3032.78218553,0.04097222222222222
2024-01-23 00:00:00+00:00,2741.44335926,0.034722222222222224
2024-01-24 00:00:00+00:00,2648.46142608,0.034722222222222224
2024-01-25 00:00:00+00:00,2295.83198262,0.049305555555555554
2024-01-26 00:00:00+00:00,3525.68226372,0.03333333333333333
2024-01-27 00:00:00+00:00,788.19903211,0.08125
2024-01-28 00:00:00+00:00,1354.31455222,0.05416666666666667
2024-01-29 00:00:00+00:00,2305.13461431,0.05277777777777778
2024-01-30 00:00:00+00:00,2291.56721174,0.03680555555555556
2024-01-31 00:00:00+00:00,3286.47977633,0.03194444444444444
2024-02-01 00:00:00+00:00,1870.52097244,0.03125
2024-02-02 00:00:00+00:00,1896.67516524,0.059027777777777776
2024-02-03 00:00:00+00:00,759.46228085,0.11388888888888889
2024-02-04 00:00:00+00:00,774.92253866,0.1326388888888889
2024-02-05 00:00:00+00:00,2029.09192619,0.0625
2024-02-06 00:00:00+00:00,1541.85229531,0.05625
2024-02-07 00:00:00+00:00,1666.78621772,0.06736111111111111
2024-02-08 00:00:00+00:00,3101.76569244,0.03958333333333333
2024-02-09 00:00:00+00:00,3267.79290468,0.01875
2024-02-10 00:00:00+00:00,1059.76317922,0.04652777777777778
2024-02-11 00:00:00+00:00,950.74155544,0.04375
2024-02-12 00:00:00+00:00,2595.07694979,0.043055555555555555
2024-02-13 00:00:00+00:00,2127.3979635,0.016666666666666666
2024-02-14 00:00:00+00:00,2470.06233311,0.022222222222222223
2024-02-15 00:00:00+00:00,2580.54668239,0.014583333333333334
2024-02-16 00:00:00+00:00,1766.36935764,0.02638888888888889
2024-02-17 00:00:00+00:00,999.96707794,0.04513888888888889
2024-02-18 00:00:00+00:00,925.21142925,0.1076388888888889
2024-02-19 00:00:00+00:00,1123.41042877,0.03819444444444445
2024-02-20 00:00:00+00:00,2464.04913744,0.029861111111111113
2024-02-21 00:00:00+00:00,2252.9078781,0.025694444444444443
2024-02-22 00:00:00+00:00,2025.24575372,0.027083333333333334
2024-02-23 00:00:00+00:00,1923.68472986,0.03333333333333333
2024-02-24 00:00:00+00:00,508.41676974,0.11666666666666667
2024-02-25 00:00:00+00:00,587.08498174,0.09166666666666666
2024-02-26 00:00:00+00:00,2566.50806379,0.0625
2024-02-27 00:00:00+00:00,4197.17042096,0.011805555555555555
2024-02-28 00:00:00+00:00,5991.00971487,0.011805555555555555
2024-02-29 00:00:00+00:00,4398.26024998,0.00625
2024-03-01 00:00:00+00:00,2116.10682875,0.013194444444444444
2024-03-02 00:00:00+00:00,856.26122565,0.022916666666666665
2024-03-03 00:00:00+00:00,1242.8927295,0.03888888888888889
2024-03-04 00:00:00+00:00,4423.23610151,0.008333333333333333
2024-03-05 00:00:00+00:00,7391.4541923,0.003472222222222222
2024-03-06 00:00:00+00:00,4235.32811565,0.007638888888888889
2024-03-07 00:00:00+00:00,3354.92016734,0.00625
2024-03-08 00:00:00+00:00,4423.05734977,0.022222222222222223
2024-03-09 00:00:00+00:00,856.10732179,0.03125
2024-03-10 00:00:00+00:00,1987.10943818,0.022916666666666665
2024-03-11 00:00:00+00:00,5028.35031787,0.013888888888888888
2024-03-12 00:00:00+00:00,4051.75855118,0.015277777777777777
2024-03-13 00:00:00+00:00,3647.59207209,0.013888888888888888
2024-03-14 00:00:00+00:00,4144.37504552,0.02013888888888889
2024-03-15 00:00:00+00:00,4952.41009755,0.004861111111111111
2024-03-16 00:00:00+00:00,2215.16496436,0.009722222222222222
2024-03-17 00:00:00+00:00,2040.41028069,0.013194444444444444
2024-03-18 00:00:00+00:00,2891.66816826,0.01597222222222222
2024-03-19 00:00:00+00:00,5318.12575849,0.00625
2024-03-20 00:00:00+00:00,4989.90459203,0.0020833333333333333
2024-03-21 00:00:00+00:00,2935.80449282,0.009027777777777777
2024-03-22 00:00:00+00:00,2420.55836222,0.015277777777777777
2024-03-23 00:00:00+00:00,1252.51357681,0.021527777777777778
2024-03-24 00:00:00+00:00,1391.93505712,0.02847222222222222
2024-03-25 00:00:00+00:00,3049.19168605,0.013194444444444444
2024-03-26 00:00:00+00:00,2479.9479934299998,0.014583333333333334
2024-03-27 00:00:00+00:00,2306.37023009,0.015277777777777777
2024-03-28 00:00:00+00:00,2146.14929567,0.021527777777777778
2024-03-29 00:00:00+00:00,1131.13270761,0.05555555555555555
2024-03-30 00:00:00+00:00,589.84093164,0.05694444444444444
2024-03-31 00:00:00+00:00,857.97967024,0.07569444444444444
2024-04-01 00:00:00+00:00,2032.76552736,0.024305555555555556
2024-04-02 00:00:00+00:00,3531.6205486,0.013888888888888888
2024-04-03 00:00:00+00:00,1876.12270366,0.008333333333333333
2024-04-04 00:00:00+00:00,2332.36734433,0.018055555555555554
2024-04-05 00:00:00+00:00,2200.99431004,0.018055555555555554
2024-04-06 00:00:00+00:00,729.56296087,0.03263888888888889
2024-04-07 00:00:00+00:00,1123.92861936,0.09027777777777778
2024-04-08 00:00:00+00:00,2247.97574988,0.025694444444444443
2024-04-09 00:00:00+00:00,2320.07201561,0.027083333333333334
2024-04-10 00:00:00+00:00,2494.31665671,0.022222222222222223
2024-04-11 00:00:00+00:00,1976.13409975,0.020833333333333332
2024-04-12 00:00:00+00:00,2855.3300716,0.017361111111111112
2024-04-13 00:00:00+00:00,3638.57218138,0.022222222222222223
2024-04-14 00:00:00+00:00,2675.95110563,0.011805555555555555
2024-04-15 00:00:00+00:00,2619.50946939,0.034722222222222224
2024-04-16 00:00:00+00:00,2685.27308755,0.01597222222222222
2024-04-17 00:00:00+00:00,3227.19219541,0.01597222222222222
2024-04-18 00:00:00+00:00,2353.15232284,0.011111111111111112
2024-04-19 00:00:00+00:00,3756.32419865,0.016666666666666666
2024-04-20 00:00:00+00:00,1178.86192275,0.029861111111111113
2024-04-21 00:00:00+00:00,871.65106463,0.06041666666666667
2024-04-22 00:00:00+00:00,2019.58758121,0.030555555555555555
2024-04-23 00:00:00+00:00,1200.34622413,0.04583333333333333
2024-04-24 00:00:00+00:00,2072.24874267,0.04027777777777778
2024-04-25 00:00:00+00:00,1851.69406596,0.025694444444444443
2024-04-26 00:00:00+00:00,1213.85952947,0.03125
2024-04-27 00:00:00+00:00,833.17012398,0.058333333333333334
2024-04-28 00:00:00+00:00,807.23701868,0.04236111111111111
2024-04-29 00:00:00+00:00,1496.50152656,0.04027777777777778
2024-04-30 00:00:00+00:00,2740.34760244,0.024305555555555556
2024-05-01 00:00:00+00:00,3523.30096206,0.015277777777777777
2024-05-02 00:00:00+00:00,1700.0955159,0.02361111111111111
2024-05-03 00:00:00+00:00,2560.04102097,0.022916666666666665
2024-05-04 00:00:00+00:00,1400.47938778,0.03263888888888889
2024-05-05 00:00:00+00:00,918.78327523,0.07083333333333333
2024-05-06 00:00:00+00:00,1643.13715228,0.034027777777777775
2024-05-07 00:00:00+00:00,1357.12199145,0.041666666666666664
2024-05-08 00:00:00+00:00,1469.20210523,0.029166666666666667
2024-05-09 00:00:00+00:00,1386.15467473,0.04861111111111111
2024-05-10 00:00:00+00:00,2229.56085163,0.03333333333333333
2024-05-11 00:00:00+00:00,516.41893738,0.06944444444444445
2024-05-12 00:00:00+00:00,638.44732414,0.12291666666666666
2024-05-13 00:00:00+00:00,1831.88901336,0.04097222222222222
2024-05-14 00:00:00+00:00,1560.7659125,0.04722222222222222
2024-05-15 00:00:00+00:00,3794.61266735,0.041666666666666664
2024-05-16 00:00:00+00:00,1760.07421083,0.044444444444444446
2024-05-17 00:00:00+00:00,1703.98497047,0.043055555555555555
2024-05-18 00:00:00+00:00,526.31056179,0.07569444444444444
2024-05-19 00:00:00+00:00,535.79306702,0.12152777777777778
2024-05-20 00:00:00+00:00,2681.31745309,0.04791666666666667
2024-05-21 00:00:00+00:00,1968.84633605,0.014583333333333334
2024-05-22 00:00:00+00:00,1537.25078005,0.04236111111111111
2024-05-23 00:00:00+00:00,2160.78304618,0.04722222222222222
2024-05-24 00:00:00+00:00,1132.91119417,0.02847222222222222
2024-05-25 00:00:00+00:00,499.49995762,0.08402777777777778
2024-05-26 00:00:00+00:00,610.501155,0.10486111111111111
2024-05-27 00:00:00+00:00,1406.51067265,0.052083333333333336
2024-05-28 00:00:00+00:00,2285.11775116,0.03194444444444444
2024-05-29 00:00:00+00:00,1273.08586449,0.04236111111111111
2024-05-30 00:00:00+00:00,1757.50551322,0.025694444444444443
2024-05-31 00:00:00+00:00,1880.05905818,0.034722222222222224
2024-06-01 00:00:00+00:00,368.62403719,0.1125
2024-06-02 00:00:00+00:00,544.3606243,0.11875
2024-06-03 00:00:00+00:00,2391.37592427,0.035416666666666666
2024-06-04 00:00:00+00:00,2051.63351034,0.06944444444444445
2024-06-05 00:00:00+00:00,2051.7699104,0.03819444444444445
2024-06-06 00:00:00+00:00,1673.7608677599999,0.043055555555555555
2024-06-07 00:00:00+00:00,3140.9712716,0.04375
2024-06-08 00:00:00+00:00,428.02241418,0.1076388888888889
2024-06-09 00:00:00+00:00,464.35226548,0.18819444444444444
2024-06-10 00:00:00+00:00,830.15464417,0.10625
2024-06-11 00:00:00+00:00,2436.68224536,0.025
2024-06-12 00:00:00+00:00,2448.03512812,0.05277777777777778
2024-06-13 00:00:00+00:00,1996.6514887,0.035416666666666666
2024-06-14 00:00:00+00:00,2391.47091898,0.01875
2024-06-15 00:00:00+00:00,659.40470208,0.08125
2024-06-16 00:00:00+00:00,738.0346897000001,0.10625
2024-06-17 00:00:00+00:00,2463.1706555,0.044444444444444446
2024-06-18 00:00:00+00:00,2210.70701056,0.017361111111111112
2024-06-19 00:00:00+00:00,927.57952823,0.04583333333333333
2024-06-20 00:00:00+00:00,2185.32362168,0.06041666666666667
2024-06-21 00:00:00+00:00,1656.40021868,0.04791666666666667
2024-06-22 00:00:00+00:00,277.84084542,0.16319444444444445
2024-06-23 00:00:00+00:00,633.14997106,0.20555555555555555
2024-06-24 00:00:00+00:00,3965.34722322,0.027083333333333334
2024-06-25 00:00:00+00:00,2662.52829079,0.030555555555555555
2024-06-26 00:00:00+00:00,1392.69465818,0.04791666666666667
2024-06-27 00:00:00+00:00,1601.14628175,0.03958333333333333
2024-06-28 00:00:00+00:00,1742.50478624,0.04652777777777778
2024-06-29 00:00:00+00:00,580.79352981,0.09236111111111112
2024-06-30 00:00:00+00:00,969.08894969,0.08958333333333333
2024-07-01 00:00:00+00:00,1936.67850292,0.03888888888888889
2024-07-02 00:00:00+00:00,1129.73936644,0.07013888888888889
2024-07-03 00:00:00+00:00,2033.0635548,0.0375
2024-07-04 00:00:00+00:00,2423.25294936,0.02361111111111111
2024-07-05 00:00:00+00:00,3234.2285631,0.009722222222222222
2024-07-06 00:00:00+00:00,1203.36563905,0.06527777777777778
2024-07-07 00:00:00+00:00,1080.88868598,0.07916666666666666
2024-07-08 00:00:00+00:00,3198.87849576,0.025
2024-07-09 00:00:00+00:00,2404.8954909,0.035416666666666666
2024-07-10 00:00:00+00:00,1861.63028273,0.03611111111111111
2024-07-11 00:00:00+00:00,2085.4392283399998,0.049305555555555554
2024-07-12 00:00:00+00:00,2139.09979841,0.03680555555555556
2024-07-13 00:00:00+00:00,1402.77014751,0.09027777777777778
2024-07-14 00:00:00+00:00,1472.24156208,0.09583333333333334
2024-07-15 00:00:00+00:00,3739.21959674,0.02638888888888889
2024-07-16 00:00:00+00:00,3199.09903583,0.021527777777777778
2024-07-17 00:00:00+00:00,1880.4909098599999,0.014583333333333334
2024-07-18 00:00:00+00:00,1526.40752618,0.020833333333333332
2024-07-19 00:00:00+00:00,3112.2854205,0.022916666666666665
2024-07-20 00:00:00+00:00,1186.52410101,0.09166666666666666
2024-07-21 00:00:00+00:00,1881.46231613,0.07291666666666667
2024-07-22 00:00:00+00:00,2375.20572016,0.024305555555555556
2024-07-23 00:00:00+00:00,2417.1788543,0.027083333333333334
2024-07-24 00:00:00+00:00,1796.81531975,0.03333333333333333
2024-07-25 00:00:00+00:00,2022.67493049,0.018055555555555554
2024-07-26 00:00:00+00:00,1786.03393977,0.02361111111111111
2024-07-27 00:00:00+00:00,1875.17940599,0.05138888888888889
2024-07-28 00:00:00+00:00,861.95803297,0.05625
2024-07-29 00:00:00+00:00,2363.69521213,0.025
2024-07-30 00:00:00+00:00,1561.0859685,0.024305555555555556
2024-07-31 00:00:00+00:00,1629.25774256,0.03333333333333333
2024-08-01 00:00:00+00:00,2890.60704678,0.01875
2024-08-02 00:00:00+00:00,3479.04685468,0.008333333333333333
2024-08-03 00:00:00+00:00,1821.49896119,0.022916666666666665
2024-08-04 00:00:00+00:00,2394.63310114,0.029166666666666667
2024-08-05 00:00:00+00:00,8238.87212141,0.003472222222222222
2024-08-06 00:00:00+00:00,3769.72498337,0.006944444444444444
2024-08-07 00:00:00+00:00,3993.76663285,0.009722222222222222
2024-08-08 00:00:00+00:00,3876.67202263,0.011805555555555555
2024-08-09 00:00:00+00:00,2241.31073361,0.014583333333333334
2024-08-10 00:00:00+00:00,1018.51751275,0.05625
2024-08-11 00:00:00+00:00,1496.95386612,0.05555555555555555
2024-08-12 00:00:00+00:00,3412.56068233,0.008333333333333333
2024-08-13 00:00:00+00:00,2874.93115361,0.015277777777777777
2024-08-14 00:00:00+00:00,3027.98966223,0.021527777777777778
2024-08-15 00:00:00+00:00,3240.34341745,0.016666666666666666
2024-08-16 00:00:00+00:00,2945.17331922,0.017361111111111112
2024-08-17 00:00:00+00:00,913.41960834,0.07083333333333333
2024-08-18 00:00:00+00:00,1375.04482657,0.0625
2024-08-19 00:00:00+00:00,2045.09787264,0.043055555555555555
2024-08-20 00:00:00+00:00,2569.3787569,0.07430555555555556
2024-08-21 00:00:00+00:00,2508.0146228099998,0.1326388888888889
2024-08-22 00:00:00+00:00,1929.30627319,0.03888888888888889
2024-08-23 00:00:00+00:00,3470.07123728,0.04583333333333333
2024-08-24 00:00:00+00:00,1163.89809817,0.07430555555555556
2024-08-25 00:00:00+00:00,918.66616491,0.12986111111111112
2024-08-26 00:00:00+00:00,1460.73492982,0.06041666666666667
2024-08-27 00:00:00+00:00,2540.60072662,0.06041666666666667
2024-08-28 00:00:00+00:00,2782.47691366,0.022916666666666665
2024-08-29 00:00:00+00:00,2511.22388288,0.034027777777777775
2024-08-30 00:00:00+00:00,2039.74822306,0.02847222222222222
2024-08-31 00:00:00+00:00,738.75417566,0.13402777777777777
2024-09-01 00:00:00+00:00,1650.43196007,0.07847222222222222
2024-09-02 00:00:00+00:00,1642.91265395,0.12708333333333333
2024-09-03 00:00:00+00:00,1476.9343549,0.19375
2024-09-04 00:00:00+00:00,2077.78659826,0.10138888888888889
2024-09-05 00:00:00+00:00,1485.69244111,0.15416666666666667
2024-09-06 00:00:00+00:00,2938.3981761,0.08263888888888889
2024-09-07 00:00:00+00:00,1046.863932,0.0625
2024-09-08 00:00:00+00:00,1237.77945151,0.10833333333333334
2024-09-09 00:00:00+00:00,2644.12002332,0.034027777777777775
2024-09-10 00:00:00+00:00,1878.56149502,0.04097222222222222
2024-09-11 00:00:00+00:00,3024.35845323,0.034722222222222224
2024-09-12 00:00:00+00:00,2392.01885139,0.03958333333333333
2024-09-13 00:00:00+00:00,2622.28151587,0.07916666666666666
2024-09-14 00:00:00+00:00,744.81553897,0.17083333333333334
2024-09-15 00:00:00+00:00,1377.74210648,0.16527777777777777
2024-09-16 00:00:00+00:00,1692.12077561,0.05416666666666667
2024-09-17 00:00:00+00:00,2677.19875968,0.075
2024-09-18 00:00:00+00:00,3237.8308454,0.05277777777777778
2024-09-19 00:00:00+00:00,3050.8160287700002,0.029166666666666667
2024-09-20 00:00:00+00:00,1646.72507369,0.15069444444444444
2024-09-21 00:00:00+00:00,578.82075001,0.3125
2024-09-22 00:00:00+00:00,932.57108331,0.3277777777777778
2024-09-23 00:00:00+00:00,1113.07851811,0.20833333333333334
2024-09-24 00:00:00+00:00,1621.50232416,0.22291666666666668
2024-09-25 00:00:00+00:00,1172.76426267,0.21180555555555555
2024-09-26 00:00:00+00:00,1758.77420578,0.1638888888888889
2024-09-27 00:00:00+00:00,1261.81543351,0.14305555555555555
2024-09-28 00:00:00+00:00,557.50374744,0.34791666666666665
2024-09-29 00:00:00+00:00,487.19186994,0.43819444444444444
2024-09-30 00:00:00+00:00,1759.70729545,0.1986111111111111
2024-10-01 00:00:00+00:00,2797.97709897,0.14166666666666666
2024-10-02 00:00:00+00:00,2437.72512955,0.0798611111111111
2024-10-03 00:00:00+00:00,1412.60368684,0.15347222222222223
2024-10-04 00:00:00+00:00,1394.47802907,0.15555555555555556
2024-10-05 00:00:00+00:00,449.65424183,0.18819444444444444
2024-10-06 00:00:00+00:00,846.73208591,0.2263888888888889
2024-10-07 00:00:00+00:00,1815.26837202,0.06180555555555556
2024-10-08 00:00:00+00:00,1116.30278349,0.11388888888888889
2024-10-09 00:00:00+00:00,1354.90943313,0.08888888888888889
2024-10-10 00:00:00+00:00,1799.4872895600001,0.09861111111111111
2024-10-11 00:00:00+00:00,1582.70508322,0.06944444444444445
2024-10-12 00:00:00+00:00,685.69286582,0.1673611111111111
2024-10-13 00:00:00+00:00,653.16610878,0.18263888888888888
2024-10-14 00:00:00+00:00,2390.38938585,0.04722222222222222
2024-10-15 00:00:00+00:00,2488.99178965,0.08333333333333333
2024-10-16 00:00:00+00:00,1716.95969807,0.03958333333333333
2024-10-17 00:00:00+00:00,1298.22146294,0.07708333333333334
2024-10-18 00:00:00+00:00,1434.33126968,0.05416666666666667
2024-10-19 00:00:00+00:00,414.91156597,0.25833333333333336
2024-10-20 00:00:00+00:00,606.10309373,0.3104166666666667
2024-10-21 00:00:00+00:00,1752.72054327,0.06944444444444445
2024-10-22 00:00:00+00:00,1626.8596456,0.08819444444444445
2024-10-23 00:00:00+00:00,1927.8417095300001,0.08611111111111111
2024-10-24 00:00:00+00:00,2140.08818467,0.06388888888888888
2024-10-25 00:00:00+00:00,2730.81362994,0.049305555555555554
2024-10-26 00:00:00+00:00,489.32578253,0.11041666666666666
2024-10-27 00:00:00+00:00,739.97895752,0.18819444444444444
2024-10-28 00:00:00+00:00,2063.86332457,0.08402777777777778
2024-10-29 00:00:00+00:00,3975.6902031,0.03611111111111111
2024-10-30 00:00:00+00:00,2263.68354591,0.05694444444444444
2024-10-31 00:00:00+00:00,1776.40915493,0.09097222222222222
2024-11-01 00:00:00+00:00,2717.47179295,0.06388888888888888
2024-11-02 00:00:00+00:00,1047.12468684,0.20555555555555555
2024-11-03 00:00:00+00:00,1915.47157334,0.09513888888888888
2024-11-04 00:00:00+00:00,2538.3408022099998,0.05486111111111111
2024-11-05 00:00:00+00:00,2370.70518293,0.043055555555555555
2024-11-06 00:00:00+00:00,7732.00129394,0.006944444444444444
2024-11-07 00:00:00+00:00,3265.43357289,0.03194444444444444
2024-11-08 00:00:00+00:00,2466.52573117,0.03680555555555556
2024-11-09 00:00:00+00:00,837.82745419,0.09722222222222222
2024-11-10 00:00:00+00:00,2739.76560525,0.01875
2024-11-11 00:00:00+00:00,6695.15671543,0.0125
2024-11-12 00:00:00+00:00,8037.51453432,0.004861111111111111
2024-11-13 00:00:00+00:00,7338.0297277,0.009722222222222222
2024-11-14 00:00:00+00:00,3805.7616409,0.007638888888888889
2024-11-15 00:00:00+00:00,4491.15106913,0.011111111111111112
2024-11-16 00:00:00+00:00,1538.87717754,0.059027777777777776
2024-11-17 00:00:00+00:00,2016.09767635,0.03194444444444444
2024-11-18 00:00:00+00:00,4276.18821636,0.02847222222222222
2024-11-19 00:00:00+00:00,3884.88262437,0.020833333333333332
2024-11-20 00:00:00+00:00,9293.97029198,0.014583333333333334
2024-11-21 00:00:00+00:00,7280.76958238,0.00625
2024-11-22 00:00:00+00:00,4646.09454486,0.017361111111111112
2024-11-23 00:00:00+00:00,1719.12474462,0.09791666666666667
2024-11-24 00:00:00+00:00,1814.0075721,0.11944444444444445
2024-11-25 00:00:00+00:00,2969.54841533,0.07013888888888889
2024-11-26 00:00:00+00:00,3575.09743077,0.07152777777777777
2024-11-27 00:00:00+00:00,2999.13415798,0.075
2024-11-28 00:00:00+00:00,2070.2707683,0.06597222222222222
2024-11-29 00:00:00+00:00,2410.84197795,0.0375
2024-11-30 00:00:00+00:00,646.22078077,0.10972222222222222
2024-12-01 00:00:00+00:00,884.6556605,0.10208333333333333
2024-12-02 00:00:00+00:00,3225.0210163,0.035416666666666666
2024-12-03 00:00:00+00:00,3484.90912488,0.043055555555555555
2024-12-04 00:00:00+00:00,4309.94473587,0.02361111111111111
2024-12-05 00:00:00+00:00,7450.45018748,0.007638888888888889
2024-12-06 00:00:00+00:00,2613.21105227,0.043055555555555555
2024-12-07 00:00:00+00:00,587.87674509,0.3416666666666667
2024-12-08 00:00:00+00:00,1073.32763391,0.18541666666666667
2024-12-09 00:00:00+00:00,2468.79283854,0.05277777777777778
2024-12-10 00:00:00+00:00,2092.49724122,0.04722222222222222
2024-12-11 00:00:00+00:00,2196.1813751,0.10486111111111111
2024-12-12 00:00:00+00:00,1393.19342191,0.12222222222222222
2024-12-13 00:00:00+00:00,1030.49421453,0.16666666666666666
2024-12-14 00:00:00+00:00,566.5366089,0.26319444444444445
2024-12-15 00:00:00+00:00,1369.98798554,0.24444444444444444
2024-12-16 00:00:00+00:00,2171.77263705,0.07708333333333334
2024-12-17 00:00:00+00:00,1405.93900566,0.07291666666666667
2024-12-18 00:00:00+00:00,2557.28814854,0.059722222222222225
2024-12-19 00:00:00+00:00,3425.5015449,0.035416666666666666
2024-12-20 00:00:00+00:00,2706.24143724,0.03680555555555556
2024-12-21 00:00:00+00:00,1740.04323929,0.11180555555555556
2024-12-22 00:00:00+00:00,2075.50874332,0.08194444444444444
2024-12-23 00:00:00+00:00,2428.60426472,0.02847222222222222
2024-12-24 00:00:00+00:00,1444.53568991,0.09791666666666667
2024-12-25 00:00:00+00:00,849.51224828,0.13958333333333334
2024-12-26 00:00:00+00:00,1501.36776618,0.06319444444444444
2024-12-27 00:00:00+00:00,2416.24232245,0.04791666666666667
2024-12-28 00:00:00+00:00,839.50518103,0.09583333333333334
2024-12-29 00:00:00+00:00,851.80554921,0.14791666666666667
2024-12-30 00:00:00+00:00,1841.04308392,0.06944444444444445
2024-12-31 00:00:00+00:00,1128.82793677,0.09861111111111111
2025-01-01 00:00:00+00:00,777.13942547,0.14027777777777778
2025-01-02 00:00:00+00:00,1219.19370744,0.059027777777777776
2025-01-03 00:00:00+00:00,1159.41909795,0.07777777777777778
2025-01-04 00:00:00+00:00,445.49130336,0.10208333333333333
2025-01-05 00:00:00+00:00,454.72019157,0.2048611111111111
2025-01-06 00:00:00+00:00,1742.61289193,0.05555555555555555
2025-01-07 00:00:00+00:00,0.52310682,0.0
