n_trades,win_rate,avg_trade,profit_factor,cagr,sharpe,sortino,max_dd,exposure,worst_trade,worst_year,trades_per_year,market,filter,stop,cost,data_start,data_end,cagr_2000_09,cagr_2010_19,cagr_2020_26
542,0.5498154981549815,0.002515265381592268,1.5054605126927572,0.0499018592738254,0.6405539960481574,1.0420735964928574,-0.17381933355743784,0.11302621957589053,-0.0739182986073627,-0.07723921736933081,20.6795675336885,SPY,A_none,no_stop,1x,2000-01-03,2026-03-20,0.048913100497289363,0.02679224947368697,0.07937929462368665
542,0.5369003690036901,0.002115265381592267,1.4100285279008027,0.041270273640865884,0.5386873698486332,0.8760826901192286,-0.19024640765464984,0.11302621957589053,-0.07431829860736269,-0.08462386364613672,20.6795675336885,SPY,A_none,no_stop,2x,2000-01-03,2026-03-20,0.039654781726330635,0.018085876757811148,0.07282807656853452
542,0.5313653136531366,0.002013682952904551,1.3938799451128743,0.039569985377022165,0.5520718266385002,1.2042197405016768,-0.20441408571892394,0.1088478011072809,-0.02040000000000013,-0.08308380247593417,20.6795675336885,SPY,A_none,stop_2pct,1x,2000-01-03,2026-03-20,0.050573615011148654,0.012762317863967754,0.058379273664358466
542,0.5202952029520295,0.001613682952904551,1.3043464361715758,0.031019464215203296,0.44240772567520065,0.9531614558120701,-0.22084044728667374,0.1088478011072809,-0.020800000000000127,-0.09151500791354816,20.6795675336885,SPY,A_none,stop_2pct,2x,2000-01-03,2026-03-20,0.041301674035290725,0.004169390199028289,0.05194746061134348
542,0.5479704797047971,0.002407078642785043,1.4786826564739013,0.0476073700285633,0.6167534238643342,1.0346599937469596,-0.19970453363080354,0.11302621957589053,-0.05040000000000004,-0.07723921736933081,20.6795675336885,SPY,A_none,stop_5pct,1x,2000-01-03,2026-03-20,0.042914853004061504,0.02679224947368697,0.07937929462368665
542,0.5350553505535055,0.002007078642785042,1.3850935352615692,0.03899376087851958,0.514263473947162,0.8613573037440453,-0.21562789991675224,0.11302621957589053,-0.050800000000000047,-0.08462386364613672,20.6795675336885,SPY,A_none,stop_5pct,2x,2000-01-03,2026-03-20,0.033707164314428884,0.018085876757811148,0.07282807656853452
542,0.5498154981549815,0.002515265381592268,1.5054605126927572,0.0499018592738254,0.6405539960481574,1.0420735964928574,-0.17381933355743784,0.11302621957589053,-0.0739182986073627,-0.07723921736933081,20.6795675336885,SPY,A_none,stop_10pct,1x,2000-01-03,2026-03-20,0.048913100497289363,0.02679224947368697,0.07937929462368665
542,0.5369003690036901,0.002115265381592267,1.4100285279008027,0.041270273640865884,0.5386873698486332,0.8760826901192286,-0.19024640765464984,0.11302621957589053,-0.07431829860736269,-0.08462386364613672,20.6795675336885,SPY,A_none,stop_10pct,2x,2000-01-03,2026-03-20,0.039654781726330635,0.018085876757811148,0.07282807656853452
394,0.5609137055837563,0.003067778179627237,1.6072312104244613,0.04446563057848785,0.6418856911907886,1.0865511414942925,-0.19074037389925236,0.08189700198474877,-0.0739182986073627,-0.12736565404217803,15.032748354747728,SPY,B_ibs_lt_0.5,no_stop,1x,2000-01-03,2026-03-20,0.044046728053812156,0.03326270655922947,0.05613326962020837
394,0.5482233502538071,0.0026677781796272376,1.5100556696779532,0.038219754752227164,0.5581918054394034,0.9434264247679278,-0.19919298423048326,0.08189700198474877,-0.07431829860736269,-0.13263487319609057,15.032748354747728,SPY,B_ibs_lt_0.5,no_stop,2x,2000-01-03,2026-03-20,0.036736249475153304,0.02746086493442057,0.051516293491915555
394,0.5482233502538071,0.0028167801626517363,1.5529050623281153,0.0408145168386822,0.6201227575962911,1.4584301950368657,-0.15795963222227305,0.07886764859500679,-0.02040000000000013,-0.1038032462248849,15.032748354747728,SPY,B_ibs_lt_0.5,stop_2pct,1x,2000-01-03,2026-03-20,0.05171579165008211,0.018303810953230304,0.05324179105367666
394,0.5380710659898477,0.0024167801626517366,1.4579461266906029,0.03458914189320472,0.5320615356637277,1.2339507109471208,-0.1667410570311575,0.07886764859500679,-0.020800000000000127,-0.10920500155844093,15.032748354747728,SPY,B_ibs_lt_0.5,stop_2pct,2x,2000-01-03,2026-03-20,0.044354977346950264,0.012580050768490114,0.04863631876980534
394,0.5583756345177665,0.002940827316865188,1.5763804950697158,0.04251970920467052,0.6195569331127543,1.0859937031114888,-0.2171687102381783,0.08189700198474877,-0.05040000000000004,-0.12736565404217803,15.032748354747728,SPY,B_ibs_lt_0.5,stop_5pct,1x,2000-01-03,2026-03-20,0.0389556213328921,0.03326270655922947,0.05613326962020837
394,0.5456852791878173,0.0025408273168651884,1.4810771153967865,0.036284715957127345,0.5352871863568409,0.9354592670506662,-0.23090664700587982,0.08189700198474877,-0.050800000000000047,-0.13263487319609057,15.032748354747728,SPY,B_ibs_lt_0.5,stop_5pct,2x,2000-01-03,2026-03-20,0.031678823371418696,0.02746086493442057,0.051516293491915555
394,0.5609137055837563,0.003067778179627237,1.6072312104244613,0.04446563057848785,0.6418856911907886,1.0865511414942925,-0.19074037389925236,0.08189700198474877,-0.0739182986073627,-0.12736565404217803,15.032748354747728,SPY,B_ibs_lt_0.5,stop_10pct,1x,2000-01-03,2026-03-20,0.044046728053812156,0.03326270655922947,0.05613326962020837
394,0.5482233502538071,0.0026677781796272376,1.5100556696779532,0.038219754752227164,0.5581918054394034,0.9434264247679278,-0.19919298423048326,0.08189700198474877,-0.07431829860736269,-0.13263487319609057,15.032748354747728,SPY,B_ibs_lt_0.5,stop_10pct,2x,2000-01-03,2026-03-20,0.036736249475153304,0.02746086493442057,0.051516293491915555
271,0.5793357933579336,0.0033669469828991818,1.68815635155528,0.033612978780716674,0.5930520796185413,1.0524365035439094,-0.14904541969562568,0.056304188864514784,-0.06107094932191286,-0.0711168939928607,10.33978376684425,SPY,C_ibs_lt_0.3,no_stop,1x,2000-01-03,2026-03-20,0.04605351561104887,0.01751408626346085,0.03529858666439467
271,0.5608856088560885,0.0029669469828991816,1.5857935390698659,0.02935892762577552,0.5225963127020238,0.922281126141587,-0.1612699096605441,0.056304188864514784,-0.06147094932191286,-0.07596319791960471,10.33978376684425,SPY,C_ibs_lt_0.3,no_stop,2x,2000-01-03,2026-03-20,0.04068545804823853,0.01386210016285494,0.032239257663529086
271,0.5645756457564576,0.0028456182267458134,1.5562288798965724,0.028204630544158338,0.5201828447405459,1.2324473348856964,-0.1262551484717458,0.054006058706779485,-0.02040000000000013,-0.058901592783505485,10.33978376684425,SPY,C_ibs_lt_0.3,stop_2pct,1x,2000-01-03,2026-03-20,0.04727111716115773,0.005242361530145789,0.03118752144571979
271,0.5498154981549815,0.0024456182267458136,1.4620214952038864,0.023970749881235598,0.4470623059625222,1.03411364297964,-0.1339591633014775,0.054006058706779485,-0.020800000000000127,-0.06380661184275926,10.33978376684425,SPY,C_ibs_lt_0.3,stop_2pct,2x,2000-01-03,2026-03-20,0.041897465758436336,0.0016295499638343536,0.028138703951322563
271,0.5756457564575646,0.0030955929661626138,1.6126961639000608,0.030700583865245656,0.541504465552186,0.9405709324923613,-0.18274983733623695,0.056304188864514784,-0.05040000000000004,-0.0711168939928607,10.33978376684425,SPY,C_ibs_lt_0.3,stop_5pct,1x,2000-01-03,2026-03-20,0.038344996542684306,0.01751408626346085,0.03529858666439467
271,0.5571955719557196,0.002695592966162613,1.5158027866128143,0.026457353329230715,0.4715334491464405,0.814764368650523,-0.19482559113612707,0.056304188864514784,-0.050800000000000047,-0.07596319791960471,10.33978376684425,SPY,C_ibs_lt_0.3,stop_5pct,2x,2000-01-03,2026-03-20,0.033013421127496834,0.01386210016285494,0.032239257663529086
271,0.5793357933579336,0.0033669469828991818,1.68815635155528,0.033612978780716674,0.5930520796185413,1.0524365035439094,-0.14904541969562568,0.056304188864514784,-0.06107094932191286,-0.0711168939928607,10.33978376684425,SPY,C_ibs_lt_0.3,stop_10pct,1x,2000-01-03,2026-03-20,0.04605351561104887,0.01751408626346085,0.03529858666439467
271,0.5608856088560885,0.0029669469828991816,1.5857935390698659,0.02935892762577552,0.5225963127020238,0.922281126141587,-0.1612699096605441,0.056304188864514784,-0.06147094932191286,-0.07596319791960471,10.33978376684425,SPY,C_ibs_lt_0.3,stop_10pct,2x,2000-01-03,2026-03-20,0.04068545804823853,0.01386210016285494,0.032239257663529086
197,0.6040609137055838,0.005133953059973791,2.1754772646991385,0.037835632332956726,0.7332892610496425,1.4449629164751885,-0.13767140293647762,0.04084404053065915,-0.04684904644904646,-0.08619668171173589,7.516374177373864,SPY,D_ibs_lt_0.2,no_stop,1x,2000-01-03,2026-03-20,0.05125639337149779,0.025968644571038313,0.031538069152707626
197,0.583756345177665,0.0047339530599737915,2.045034826458962,0.03473418000108963,0.6761567354902144,1.3238525685317426,-0.145279549980198,0.04084404053065915,-0.04724904644904646,-0.08987853320557582,7.516374177373864,SPY,D_ibs_lt_0.2,no_stop,2x,2000-01-03,2026-03-20,0.047371550501676074,0.023231287076929563,0.02937081370593253
197,0.583756345177665,0.004265786281259966,1.8839896542353844,0.031159744997618866,0.6184355638244811,1.5316741600207446,-0.11709623267372427,0.03906821268150005,-0.02040000000000013,-0.0741796876391645,7.516374177373864,SPY,D_ibs_lt_0.2,stop_2pct,1x,2000-01-03,2026-03-20,0.04702706222266517,0.013607160775997107,0.0304092171201209
197,0.5685279187817259,0.003865786281259966,1.7738936970326733,0.02807561803908154,0.5604452639783466,1.357278245265532,-0.12487744234713793,0.03906821268150005,-0.020800000000000127,-0.07790501664588723,7.516374177373864,SPY,D_ibs_lt_0.2,stop_2pct,2x,2000-01-03,2026-03-20,0.043156249364779686,0.010897866193815942,0.028243899546994244
197,0.5989847715736041,0.0047065018525752,2.0140240589165685,0.03446520493496985,0.6596387707252326,1.1960474437558255,-0.14636864173691333,0.04084404053065915,-0.05040000000000004,-0.08619668171173589,7.516374177373864,SPY,D_ibs_lt_0.2,stop_5pct,1x,2000-01-03,2026-03-20,0.04233077603072277,0.025968644571038313,0.031538069152707626
197,0.5786802030456852,0.004306501852575199,1.8960974811655098,0.031372464735267114,0.6035768554099921,1.0908758568229928,-0.15593287691672242,0.04084404053065915,-0.050800000000000047,-0.08987853320557582,7.516374177373864,SPY,D_ibs_lt_0.2,stop_5pct,2x,2000-01-03,2026-03-20,0.038475327608404,0.023231287076929563,0.02937081370593253
197,0.6040609137055838,0.005133953059973791,2.1754772646991385,0.037835632332956726,0.7332892610496425,1.4449629164751885,-0.13767140293647762,0.04084404053065915,-0.04684904644904646,-0.08619668171173589,7.516374177373864,SPY,D_ibs_lt_0.2,stop_10pct,1x,2000-01-03,2026-03-20,0.05125639337149779,0.025968644571038313,0.031538069152707626
197,0.583756345177665,0.0047339530599737915,2.045034826458962,0.03473418000108963,0.6761567354902144,1.3238525685317426,-0.145279549980198,0.04084404053065915,-0.04724904644904646,-0.08987853320557582,7.516374177373864,SPY,D_ibs_lt_0.2,stop_10pct,2x,2000-01-03,2026-03-20,0.047371550501676074,0.023231287076929563,0.02937081370593253
193,0.5803108808290155,0.005855576259198148,1.8611847109818203,0.041491408840548694,0.6244231232443969,1.123861101658738,-0.11730434325151828,0.03990389637522198,-0.0739182986073627,-0.0445413776001079,7.363757442807898,SPY,E_close_lt_sma180,no_stop,1x,2000-01-03,2026-03-20,0.05488936975818959,0.01998627502884287,0.048798018889075756
193,0.5647668393782384,0.005455576259198148,1.782717401385772,0.03844347979816254,0.5817681840476933,1.0414956596614622,-0.11876434094807142,0.03990389637522198,-0.07431829860736269,-0.04837472812854704,7.363757442807898,SPY,E_close_lt_sma180,no_stop,2x,2000-01-03,2026-03-20,0.05006721302783057,0.018280719819094404,0.046660763908642044
193,0.538860103626943,0.00469425771091772,1.6757428432955912,0.03309846787793047,0.5500357896788367,1.8848676210351893,-0.14947640493074033,0.036979003447195236,-0.02040000000000013,-0.09230267483784194,7.363757442807898,SPY,E_close_lt_sma180,stop_2pct,1x,2000-01-03,2026-03-20,0.05724949490222442,0.011832488836185151,0.02594293248844992
193,0.5284974093264249,0.004294257710917721,1.6020193219078789,0.03007195850264721,0.5031669704915488,1.6530301735640696,-0.15563518629281403,0.036979003447195236,-0.020800000000000127,-0.09596264413273958,7.363757442807898,SPY,E_close_lt_sma180,stop_2pct,2x,2000-01-03,2026-03-20,0.052417849187065935,0.01013736279750077,0.0238433877660722
193,0.5751295336787565,0.005551756505656615,1.7992174085984207,0.03921530006380025,0.5961299870604676,1.1503520562966587,-0.13799677918464093,0.03990389637522198,-0.05040000000000004,-0.04831568211228865,7.363757442807898,SPY,E_close_lt_sma180,stop_5pct,1x,2000-01-03,2026-03-20,0.04885694675309504,0.01998627502884287,0.048798018889075756
193,0.5595854922279793,0.005151756505656616,1.7236460132661693,0.03617314721057241,0.5531792570381349,1.057345502364372,-0.14874663448374015,0.03990389637522198,-0.050800000000000047,-0.05592052813966264,7.363757442807898,SPY,E_close_lt_sma180,stop_5pct,2x,2000-01-03,2026-03-20,0.04406002857617919,0.018280719819094404,0.046660763908642044
193,0.5803108808290155,0.005855576259198148,1.8611847109818203,0.041491408840548694,0.6244231232443969,1.123861101658738,-0.11730434325151828,0.03990389637522198,-0.0739182986073627,-0.0445413776001079,7.363757442807898,SPY,E_close_lt_sma180,stop_10pct,1x,2000-01-03,2026-03-20,0.05488936975818959,0.01998627502884287,0.048798018889075756
193,0.5647668393782384,0.005455576259198148,1.782717401385772,0.03844347979816254,0.5817681840476933,1.0414956596614622,-0.11876434094807142,0.03990389637522198,-0.07431829860736269,-0.04837472812854704,7.363757442807898,SPY,E_close_lt_sma180,stop_10pct,2x,2000-01-03,2026-03-20,0.05006721302783057,0.018280719819094404,0.046660763908642044
91,0.6373626373626373,0.00959733146751378,2.970730054743243,0.032677761968793906,0.7305632751907696,1.7161149201768713,-0.1201291538436583,0.0186984226470281,-0.04684904644904646,-0.08619668171173589,3.4720307113757443,SPY,F_ibs_lt_0.2_and_close_lt_sma180,no_stop,1x,2000-01-03,2026-03-20,0.049817324629751525,0.020408963057736873,0.022355972896893395
91,0.6043956043956044,0.009197331467513779,2.8318543507276415,0.03125707574723391,0.7001146748620775,1.606624092836296,-0.12578878073960442,0.0186984226470281,-0.04724904644904646,-0.08987853320557582,3.4720307113757443,SPY,F_ibs_lt_0.2_and_close_lt_sma180,no_stop,2x,2000-01-03,2026-03-20,0.04740316856020743,0.01964134158016373,0.021546899141918763
91,0.5934065934065934,0.00753417143479595,2.246289684185956,0.025351632364256416,0.568730687841768,2.06594958157774,-0.10855838961980424,0.017340436644729968,-0.02040000000000013,-0.0741796876391645,3.4720307113757443,SPY,F_ibs_lt_0.2_and_close_lt_sma180,stop_2pct,1x,2000-01-03,2026-03-20,0.04542647774473063,0.008985803858019059,0.01766813855031013
91,0.5714285714285714,0.007134171434795951,2.1484899069820806,0.023938125710566416,0.5385359574582713,1.7942604712150723,-0.11428769776070524,0.017340436644729968,-0.020800000000000127,-0.07790501664588723,3.4720307113757443,SPY,F_ibs_lt_0.2_and_close_lt_sma180,stop_2pct,2x,2000-01-03,2026-03-20,0.04302074224014252,0.008222225280564377,0.01686088220253934
91,0.6263736263736264,0.008671970062486057,2.587457442923896,0.029324085034029945,0.6398590143873181,1.3126886985998598,-0.12900331954872957,0.0186984226470281,-0.05040000000000004,-0.08619668171173589,3.4720307113757443,SPY,F_ibs_lt_0.2_and_close_lt_sma180,stop_5pct,1x,2000-01-03,2026-03-20,0.04090392559936862,0.020408963057736873,0.022355972896893395
91,0.5934065934065934,0.008271970062486056,2.472394342488704,0.0279066571358344,0.610345120322795,1.2353945268936233,-0.13668504270472148,0.0186984226470281,-0.050800000000000047,-0.08987853320557582,3.4720307113757443,SPY,F_ibs_lt_0.2_and_close_lt_sma180,stop_5pct,2x,2000-01-03,2026-03-20,0.03850667710770628,0.01964134158016373,0.021546899141918763
91,0.6373626373626373,0.00959733146751378,2.970730054743243,0.032677761968793906,0.7305632751907696,1.7161149201768713,-0.1201291538436583,0.0186984226470281,-0.04684904644904646,-0.08619668171173589,3.4720307113757443,SPY,F_ibs_lt_0.2_and_close_lt_sma180,stop_10pct,1x,2000-01-03,2026-03-20,0.049817324629751525,0.020408963057736873,0.022355972896893395
91,0.6043956043956044,0.009197331467513779,2.8318543507276415,0.03125707574723391,0.7001146748620775,1.606624092836296,-0.12578878073960442,0.0186984226470281,-0.04724904644904646,-0.08987853320557582,3.4720307113757443,SPY,F_ibs_lt_0.2_and_close_lt_sma180,stop_10pct,2x,2000-01-03,2026-03-20,0.04740316856020743,0.01964134158016373,0.021546899141918763
334,0.5359281437125748,0.0008634968974483879,1.228796083807742,0.010281076909704145,0.2803173626669802,0.41053113081018466,-0.11321609883868955,0.06998850934921132,-0.03790847108046773,-0.06793187494215669,12.743497336258226,SPY,G_close_gt_sma180_control,no_stop,1x,2000-01-03,2026-03-20,4.777836305813743e-05,0.0066726137512505,0.029158403414037526
334,0.5239520958083832,0.0004634968974483881,1.1169765759736743,0.005147151265341154,0.15046519365731226,0.21981836399180954,-0.128009025219606,0.06998850934921132,-0.03830847108046773,-0.0720513466104209,12.743497336258226,SPY,G_close_gt_sma180_control,no_stop,2x,2000-01-03,2026-03-20,-0.0036270965832602142,-0.00019134513449103885,0.025000758184699157
334,0.5329341317365269,0.0007210228717637267,1.1842906427426485,0.008457980454126934,0.23513943856495773,0.36869908602367374,-0.11040073332794542,0.06883944427034368,-0.02040000000000013,-0.06434294461711243,12.743497336258226,SPY,G_close_gt_sma180_control,stop_2pct,1x,2000-01-03,2026-03-20,-0.0006256183271431404,0.0009189554971220648,0.03161612614966147
334,0.5209580838323353,0.00032102287176372687,1.078263216609043,0.0033325982411018806,0.1046917383471977,0.1632084417131631,-0.14780392065009873,0.06883944427034368,-0.020800000000000127,-0.06847680110899346,12.743497336258226,SPY,G_close_gt_sma180_control,stop_2pct,2x,2000-01-03,2026-03-20,-0.004298281602196252,-0.005908080245586089,0.027449581821876068
334,0.5359281437125748,0.0008634968974483879,1.228796083807742,0.010281076909704145,0.2803173626669802,0.41053113081018466,-0.11321609883868955,0.06998850934921132,-0.03790847108046773,-0.06793187494215669,12.743497336258226,SPY,G_close_gt_sma180_control,stop_5pct,1x,2000-01-03,2026-03-20,4.777836305813743e-05,0.0066726137512505,0.029158403414037526
334,0.5239520958083832,0.0004634968974483881,1.1169765759736743,0.005147151265341154,0.15046519365731226,0.21981836399180954,-0.128009025219606,0.06998850934921132,-0.03830847108046773,-0.0720513466104209,12.743497336258226,SPY,G_close_gt_sma180_control,stop_5pct,2x,2000-01-03,2026-03-20,-0.0036270965832602142,-0.00019134513449103885,0.025000758184699157
334,0.5359281437125748,0.0008634968974483879,1.228796083807742,0.010281076909704145,0.2803173626669802,0.41053113081018466,-0.11321609883868955,0.06998850934921132,-0.03790847108046773,-0.06793187494215669,12.743497336258226,SPY,G_close_gt_sma180_control,stop_10pct,1x,2000-01-03,2026-03-20,4.777836305813743e-05,0.0066726137512505,0.029158403414037526
334,0.5239520958083832,0.0004634968974483881,1.1169765759736743,0.005147151265341154,0.15046519365731226,0.21981836399180954,-0.128009025219606,0.06998850934921132,-0.03830847108046773,-0.0720513466104209,12.743497336258226,SPY,G_close_gt_sma180_control,stop_10pct,2x,2000-01-03,2026-03-20,-0.0036270965832602142,-0.00019134513449103885,0.025000758184699157
239,0.48535564853556484,-0.00020499908641836897,0.9595528531791394,-0.006768865817898484,-0.07444230484134069,-0.12104931557115389,-0.15573588957542228,0.12702630879617327,-0.03983441877566833,-0.08952020730713384,23.198179643901145,FTSE100,A_none,no_stop,1x,2013-05-23,2023-09-11,,-0.0014819893088784397,-0.007849733863812491
239,0.4769874476987448,-0.0006049990864183693,0.8853223785003558,-0.015948000312977828,-0.21969622990404347,-0.3558212628086126,-0.1949501716540979,0.12702630879617327,-0.040234418775668336,-0.0950021370952665,23.198179643901145,FTSE100,A_none,no_stop,2x,2013-05-23,2023-09-11,,-0.008095318706391685,-0.011985390346251235
239,0.4769874476987448,-0.00024228230737855118,0.9521495956161825,-0.007512914571587315,-0.09048713704135895,-0.16586989163251709,-0.15022224519076655,0.12410310922136593,-0.02040000000000013,-0.09020385487365301,23.198179643901145,FTSE100,A_none,stop_2pct,1x,2013-05-23,2023-09-11,,-0.0015877446573852039,-0.008793801587749561
239,0.4686192468619247,-0.0006422823073785511,0.8782173800724834,-0.01668542048333399,-0.239878379052239,-0.43645730837247504,-0.19099195323159845,0.12410310922136593,-0.020800000000000127,-0.09568194584946155,23.198179643901145,FTSE100,A_none,stop_2pct,2x,2013-05-23,2023-09-11,,-0.008200406301253182,-0.012925842424213019
239,0.48535564853556484,-0.00020499908641836897,0.9595528531791394,-0.006768865817898484,-0.07444230484134069,-0.12104931557115389,-0.15573588957542228,0.12702630879617327,-0.03983441877566833,-0.08952020730713384,23.198179643901145,FTSE100,A_none,stop_5pct,1x,2013-05-23,2023-09-11,,-0.0014819893088784397,-0.007849733863812491
239,0.4769874476987448,-0.0006049990864183693,0.8853223785003558,-0.015948000312977828,-0.21969622990404347,-0.3558212628086126,-0.1949501716540979,0.12702630879617327,-0.040234418775668336,-0.0950021370952665,23.198179643901145,FTSE100,A_none,stop_5pct,2x,2013-05-23,2023-09-11,,-0.008095318706391685,-0.011985390346251235
239,0.48535564853556484,-0.00020499908641836897,0.9595528531791394,-0.006768865817898484,-0.07444230484134069,-0.12104931557115389,-0.15573588957542228,0.12702630879617327,-0.03983441877566833,-0.08952020730713384,23.198179643901145,FTSE100,A_none,stop_10pct,1x,2013-05-23,2023-09-11,,-0.0014819893088784397,-0.007849733863812491
239,0.4769874476987448,-0.0006049990864183693,0.8853223785003558,-0.015948000312977828,-0.21969622990404347,-0.3558212628086126,-0.1949501716540979,0.12702630879617327,-0.040234418775668336,-0.0950021370952665,23.198179643901145,FTSE100,A_none,stop_10pct,2x,2013-05-23,2023-09-11,,-0.008095318706391685,-0.011985390346251235
179,0.5027932960893855,0.0006217736664889233,1.1280591135842055,0.009201016272665008,0.18814476558042917,0.3211423546579613,-0.13860410502478704,0.09513685888918416,-0.03983441877566833,-0.07634916482128984,17.374368854637257,FTSE100,B_ibs_lt_0.5,no_stop,1x,2013-05-23,2023-09-11,,0.012486091061481908,-0.004231770450012551
179,0.5027932960893855,0.00022177366648892333,1.0438786749233149,0.002213262360905466,0.06710730405983521,0.11454476330520347,-0.14815474877613288,0.09513685888918416,-0.040234418775668336,-0.08227315136244417,17.374368854637257,FTSE100,B_ibs_lt_0.5,no_stop,2x,2013-05-23,2023-09-11,,0.007276493050809574,-0.007076169049885173
179,0.5027932960893855,0.0007550608403934698,1.1599001451325741,0.011644239880864049,0.23576625078283034,0.4570050189540651,-0.11629513596809948,0.09301089556205155,-0.02040000000000013,-0.06708123435402391,17.374368854637257,FTSE100,B_ibs_lt_0.5,stop_2pct,1x,2013-05-23,2023-09-11,,0.011832669334738144,0.00024128350960728184
179,0.5027932960893855,0.00035506084039346975,1.0721527596387266,0.004640583627798067,0.11086704363551214,0.214902664014871,-0.12583401224722524,0.09301089556205155,-0.020800000000000127,-0.07157550745426033,17.374368854637257,FTSE100,B_ibs_lt_0.5,stop_2pct,2x,2013-05-23,2023-09-11,,0.006626176208467838,-0.0026140452915405232
179,0.5027932960893855,0.0006217736664889233,1.1280591135842055,0.009201016272665008,0.18814476558042917,0.3211423546579613,-0.13860410502478704,0.09513685888918416,-0.03983441877566833,-0.07634916482128984,17.374368854637257,FTSE100,B_ibs_lt_0.5,stop_5pct,1x,2013-05-23,2023-09-11,,0.012486091061481908,-0.004231770450012551
179,0.5027932960893855,0.00022177366648892333,1.0438786749233149,0.002213262360905466,0.06710730405983521,0.11454476330520347,-0.14815474877613288,0.09513685888918416,-0.040234418775668336,-0.08227315136244417,17.374368854637257,FTSE100,B_ibs_lt_0.5,stop_5pct,2x,2013-05-23,2023-09-11,,0.007276493050809574,-0.007076169049885173
179,0.5027932960893855,0.0006217736664889233,1.1280591135842055,0.009201016272665008,0.18814476558042917,0.3211423546579613,-0.13860410502478704,0.09513685888918416,-0.03983441877566833,-0.07634916482128984,17.374368854637257,FTSE100,B_ibs_lt_0.5,stop_10pct,1x,2013-05-23,2023-09-11,,0.012486091061481908,-0.004231770450012551
179,0.5027932960893855,0.00022177366648892333,1.0438786749233149,0.002213262360905466,0.06710730405983521,0.11454476330520347,-0.14815474877613288,0.09513685888918416,-0.040234418775668336,-0.08227315136244417,17.374368854637257,FTSE100,B_ibs_lt_0.5,stop_10pct,2x,2013-05-23,2023-09-11,,0.007276493050809574,-0.007076169049885173
107,0.4766355140186916,0.00021016996582403182,1.0399922610314865,0.0012183326274701756,0.04967862580329048,0.08194213329827787,-0.11000412054404751,0.05686951900079724,-0.03983441877566833,-0.08506318848741523,10.385795907520595,FTSE100,C_ibs_lt_0.3,no_stop,1x,2013-05-23,2023-09-11,,0.008234480874495631,-0.009872380280602333
107,0.4766355140186916,-0.00018983003417596904,0.9652619354032788,-0.0029331474257048296,-0.04487080348078679,-0.07401189748247682,-0.12101637214175964,0.05686951900079724,-0.040234418775668336,-0.08801955331275135,10.385795907520595,FTSE100,C_ibs_lt_0.3,no_stop,2x,2013-05-23,2023-09-11,,0.005135037558997579,-0.011573237755460042
107,0.4766355140186916,0.00031775557529064983,1.0617279157033008,0.0024067412259074494,0.07784129659103675,0.14777280911788926,-0.0880300322739268,0.05527504650544778,-0.02040000000000013,-0.0857501826741387,10.385795907520595,FTSE100,C_ibs_lt_0.3,stop_2pct,1x,2013-05-23,2023-09-11,,0.0061442801146966985,-0.0051971072255939665
107,0.4766355140186916,-8.224442470935055e-05,0.984647372750558,-0.00174916399992886,-0.02014760134705379,-0.03824791952892951,-0.09930507924159748,0.05527504650544778,-0.020800000000000127,-0.08870460718605289,10.385795907520595,FTSE100,C_ibs_lt_0.3,stop_2pct,2x,2013-05-23,2023-09-11,,0.0030504184581281457,-0.006904066572474776
107,0.4766355140186916,0.00021016996582403182,1.0399922610314865,0.0012183326274701756,0.04967862580329048,0.08194213329827787,-0.11000412054404751,0.05686951900079724,-0.03983441877566833,-0.08506318848741523,10.385795907520595,FTSE100,C_ibs_lt_0.3,stop_5pct,1x,2013-05-23,2023-09-11,,0.008234480874495631,-0.009872380280602333
107,0.4766355140186916,-0.00018983003417596904,0.9652619354032788,-0.0029331474257048296,-0.04487080348078679,-0.07401189748247682,-0.12101637214175964,0.05686951900079724,-0.040234418775668336,-0.08801955331275135,10.385795907520595,FTSE100,C_ibs_lt_0.3,stop_5pct,2x,2013-05-23,2023-09-11,,0.005135037558997579,-0.011573237755460042
107,0.4766355140186916,0.00021016996582403182,1.0399922610314865,0.0012183326274701756,0.04967862580329048,0.08194213329827787,-0.11000412054404751,0.05686951900079724,-0.03983441877566833,-0.08506318848741523,10.385795907520595,FTSE100,C_ibs_lt_0.3,stop_10pct,1x,2013-05-23,2023-09-11,,0.008234480874495631,-0.009872380280602333
107,0.4766355140186916,-0.00018983003417596904,0.9652619354032788,-0.0029331474257048296,-0.04487080348078679,-0.07401189748247682,-0.12101637214175964,0.05686951900079724,-0.040234418775668336,-0.08801955331275135,10.385795907520595,FTSE100,C_ibs_lt_0.3,stop_10pct,2x,2013-05-23,2023-09-11,,0.005135037558997579,-0.011573237755460042
73,0.4520547945205479,0.00024101344659701842,1.0500083810550012,0.0011781890333681933,0.052428767098364804,0.09073836739777505,-0.06675871282493251,0.038798830720170076,-0.03381807766491911,-0.05839822476624368,7.08563646027106,FTSE100,D_ibs_lt_0.2,no_stop,1x,2013-05-23,2023-09-11,,0.004166979106168034,-0.0041973929083236605
73,0.4520547945205479,-0.00015898655340298195,0.968446529307851,-0.0016556948408059657,-0.034585078541587884,-0.05985632958523993,-0.0731836859289614,0.038798830720170076,-0.03421807766491911,-0.06030270633107171,7.08563646027106,FTSE100,D_ibs_lt_0.2,no_stop,2x,2013-05-23,2023-09-11,,0.002120837819396426,-0.00545086550890217
73,0.4520547945205479,0.00012097868387910407,1.0244921116489107,0.0003275998999567875,0.026317278459244108,0.0474788709645059,-0.06266539147223715,0.03800159447249535,-0.02040000000000013,-0.059105240745548904,7.08563646027106,FTSE100,D_ibs_lt_0.2,stop_2pct,1x,2013-05-23,2023-09-11,,0.0021811186591391696,-0.0026264493212891926
73,0.4520547945205479,-0.00027902131612089623,0.9459122015233431,-0.0025042152036376386,-0.06069731821315284,-0.10950372941475539,-0.07090412338448904,0.03800159447249535,-0.020800000000000127,-0.06100858031455181,7.08563646027106,FTSE100,D_ibs_lt_0.2,stop_2pct,2x,2013-05-23,2023-09-11,,0.00013821822430037933,-0.0038812514003544463
73,0.4520547945205479,0.00024101344659701842,1.0500083810550012,0.0011781890333681933,0.052428767098364804,0.09073836739777505,-0.06675871282493251,0.038798830720170076,-0.03381807766491911,-0.05839822476624368,7.08563646027106,FTSE100,D_ibs_lt_0.2,stop_5pct,1x,2013-05-23,2023-09-11,,0.004166979106168034,-0.0041973929083236605
73,0.4520547945205479,-0.00015898655340298195,0.968446529307851,-0.0016556948408059657,-0.034585078541587884,-0.05985632958523993,-0.0731836859289614,0.038798830720170076,-0.03421807766491911,-0.06030270633107171,7.08563646027106,FTSE100,D_ibs_lt_0.2,stop_5pct,2x,2013-05-23,2023-09-11,,0.002120837819396426,-0.00545086550890217
73,0.4520547945205479,0.00024101344659701842,1.0500083810550012,0.0011781890333681933,0.052428767098364804,0.09073836739777505,-0.06675871282493251,0.038798830720170076,-0.03381807766491911,-0.05839822476624368,7.08563646027106,FTSE100,D_ibs_lt_0.2,stop_10pct,1x,2013-05-23,2023-09-11,,0.004166979106168034,-0.0041973929083236605
73,0.4520547945205479,-0.00015898655340298195,0.968446529307851,-0.0016556948408059657,-0.034585078541587884,-0.05985632958523993,-0.0731836859289614,0.038798830720170076,-0.03421807766491911,-0.06030270633107171,7.08563646027106,FTSE100,D_ibs_lt_0.2,stop_10pct,2x,2013-05-23,2023-09-11,,0.002120837819396426,-0.00545086550890217
92,0.5108695652173914,0.0011232307911023603,1.1763865527281694,0.008682297977510522,0.19047709265152754,0.3394314931443278,-0.12605205282587117,0.04889715652404996,-0.03983441877566833,-0.10402022257442212,8.929843210204625,FTSE100,E_close_lt_sma180,no_stop,1x,2013-05-23,2023-09-11,,0.014244669470928839,-0.007448601174142366
92,0.5108695652173914,0.0007232307911023601,1.1101871348048653,0.00508797882559886,0.12264522972170533,0.21855464545349723,-0.13168145142188648,0.04889715652404996,-0.040234418775668336,-0.10763786725481883,8.929843210204625,FTSE100,E_close_lt_sma180,no_stop,2x,2013-05-23,2023-09-11,,0.011493339707919548,-0.008812796345369578
92,0.4891304347826087,0.0010937993637137212,1.1739609234267003,0.008534775898952685,0.19348390160093118,0.433563938553113,-0.1209917042501224,0.04677119319691735,-0.02040000000000013,-0.09331657145134231,8.929843210204625,FTSE100,E_close_lt_sma180,stop_2pct,1x,2013-05-23,2023-09-11,,0.014342667539330778,-0.0077992470938224034
92,0.4891304347826087,0.0006937993637137215,1.1068705028440227,0.004940972163813173,0.12272726815619958,0.2750105683697349,-0.12559738286570932,0.04677119319691735,-0.020800000000000127,-0.0969727767847075,8.929843210204625,FTSE100,E_close_lt_sma180,stop_2pct,2x,2013-05-23,2023-09-11,,0.011591122146982435,-0.009163045466805797
92,0.5108695652173914,0.0011232307911023603,1.1763865527281694,0.008682297977510522,0.19047709265152754,0.3394314931443278,-0.12605205282587117,0.04889715652404996,-0.03983441877566833,-0.10402022257442212,8.929843210204625,FTSE100,E_close_lt_sma180,stop_5pct,1x,2013-05-23,2023-09-11,,0.014244669470928839,-0.007448601174142366
92,0.5108695652173914,0.0007232307911023601,1.1101871348048653,0.00508797882559886,0.12264522972170533,0.21855464545349723,-0.13168145142188648,0.04889715652404996,-0.040234418775668336,-0.10763786725481883,8.929843210204625,FTSE100,E_close_lt_sma180,stop_5pct,2x,2013-05-23,2023-09-11,,0.011493339707919548,-0.008812796345369578
92,0.5108695652173914,0.0011232307911023603,1.1763865527281694,0.008682297977510522,0.19047709265152754,0.3394314931443278,-0.12605205282587117,0.04889715652404996,-0.03983441877566833,-0.10402022257442212,8.929843210204625,FTSE100,E_close_lt_sma180,stop_10pct,1x,2013-05-23,2023-09-11,,0.014244669470928839,-0.007448601174142366
92,0.5108695652173914,0.0007232307911023601,1.1101871348048653,0.00508797882559886,0.12264522972170533,0.21855464545349723,-0.13168145142188648,0.04889715652404996,-0.040234418775668336,-0.10763786725481883,8.929843210204625,FTSE100,E_close_lt_sma180,stop_10pct,2x,2013-05-23,2023-09-11,,0.011493339707919548,-0.008812796345369578
28,0.5357142857142857,0.0040873088509837275,2.139628102012568,0.010893384481700519,0.49447205768504754,0.776894914374121,-0.05448864268406095,0.01488174328992825,-0.03381807766491911,-0.033818077664919066,2.7177783683231467,FTSE100,F_ibs_lt_0.2_and_close_lt_sma180,no_stop,1x,2013-05-23,2023-09-11,,0.014274769667232068,-0.004286000732978024
28,0.5357142857142857,0.003687308850983728,1.977484457620691,0.009799076020415187,0.44608109182338646,0.7008649452478934,-0.05753152825714347,0.01488174328992825,-0.03421807766491911,-0.03421807766491913,2.7177783683231467,FTSE100,F_ibs_lt_0.2_and_close_lt_sma180,no_stop,2x,2013-05-23,2023-09-11,,0.013306598333064468,-0.004515426834013292
28,0.5357142857142857,0.00398448515493653,2.0799958282930713,0.010621549635712935,0.49066821152986817,0.8776793535665334,-0.04718945368995486,0.014350252458145097,-0.02040000000000013,-0.020400000000000085,2.7177783683231467,FTSE100,F_ibs_lt_0.2_and_close_lt_sma180,stop_2pct,1x,2013-05-23,2023-09-11,,0.012595531437217256,-0.0023216227899376385
28,0.5357142857142857,0.0035844851549365303,1.9250125185438587,0.009527431285238919,0.44141033328961826,0.7895696661727539,-0.050252801985419815,0.014350252458145097,-0.020800000000000127,-0.02104282658043588,2.7177783683231467,FTSE100,F_ibs_lt_0.2_and_close_lt_sma180,stop_2pct,2x,2013-05-23,2023-09-11,,0.01162828129501614,-0.0025506928964950104
28,0.5357142857142857,0.0040873088509837275,2.139628102012568,0.010893384481700519,0.49447205768504754,0.776894914374121,-0.05448864268406095,0.01488174328992825,-0.03381807766491911,-0.033818077664919066,2.7177783683231467,FTSE100,F_ibs_lt_0.2_and_close_lt_sma180,stop_5pct,1x,2013-05-23,2023-09-11,,0.014274769667232068,-0.004286000732978024
28,0.5357142857142857,0.003687308850983728,1.977484457620691,0.009799076020415187,0.44608109182338646,0.7008649452478934,-0.05753152825714347,0.01488174328992825,-0.03421807766491911,-0.03421807766491913,2.7177783683231467,FTSE100,F_ibs_lt_0.2_and_close_lt_sma180,stop_5pct,2x,2013-05-23,2023-09-11,,0.013306598333064468,-0.004515426834013292
28,0.5357142857142857,0.0040873088509837275,2.139628102012568,0.010893384481700519,0.49447205768504754,0.776894914374121,-0.05448864268406095,0.01488174328992825,-0.03381807766491911,-0.033818077664919066,2.7177783683231467,FTSE100,F_ibs_lt_0.2_and_close_lt_sma180,stop_10pct,1x,2013-05-23,2023-09-11,,0.014274769667232068,-0.004286000732978024
28,0.5357142857142857,0.003687308850983728,1.977484457620691,0.009799076020415187,0.44608109182338646,0.7008649452478934,-0.05753152825714347,0.01488174328992825,-0.03421807766491911,-0.03421807766491913,2.7177783683231467,FTSE100,F_ibs_lt_0.2_and_close_lt_sma180,stop_10pct,2x,2013-05-23,2023-09-11,,0.013306598333064468,-0.004515426834013292
128,0.5,-0.0005430214439478377,0.8611885678515467,-0.007263218304912389,-0.20532529797413526,-0.30071208376923564,-0.10237941779841053,0.06803082646824342,-0.03097266548099158,-0.06052009919966217,12.424129683762956,FTSE100,G_close_gt_sma180_control,no_stop,1x,2013-05-23,2023-09-11,,-0.0072042806742570464,-0.0004041429896169957
128,0.484375,-0.000943021443947838,0.7708157179237834,-0.012188614766854067,-0.3565718465313291,-0.5179165767865939,-0.1363400450225506,0.06803082646824342,-0.03137266548099158,-0.06691194804094336,12.424129683762956,FTSE100,G_close_gt_sma180_control,no_stop,2x,2013-05-23,2023-09-11,,-0.010341444255489884,-0.0032008020172010765
128,0.5,-0.0005857315865634867,0.8518877391884107,-0.007789455833128067,-0.22156736448503037,-0.3300877702450621,-0.10675850911305895,0.0672335902205687,-0.02040000000000013,-0.06676155187679589,12.424129683762956,FTSE100,G_close_gt_sma180_control,stop_2pct,1x,2013-05-23,2023-09-11,,-0.007330744263015165,-0.0010023722427282555
128,0.484375,-0.0009857315865634867,0.7628969040544417,-0.012712450614898452,-0.3728771927870866,-0.5501934699941685,-0.14104696701848785,0.0672335902205687,-0.020800000000000127,-0.07311341784764602,12.424129683762956,FTSE100,G_close_gt_sma180_control,stop_2pct,2x,2013-05-23,2023-09-11,,-0.010467559583021702,-0.003797594488368694
128,0.5,-0.0005430214439478377,0.8611885678515467,-0.007263218304912389,-0.20532529797413526,-0.30071208376923564,-0.10237941779841053,0.06803082646824342,-0.03097266548099158,-0.06052009919966217,12.424129683762956,FTSE100,G_close_gt_sma180_control,stop_5pct,1x,2013-05-23,2023-09-11,,-0.0072042806742570464,-0.0004041429896169957
128,0.484375,-0.000943021443947838,0.7708157179237834,-0.012188614766854067,-0.3565718465313291,-0.5179165767865939,-0.1363400450225506,0.06803082646824342,-0.03137266548099158,-0.06691194804094336,12.424129683762956,FTSE100,G_close_gt_sma180_control,stop_5pct,2x,2013-05-23,2023-09-11,,-0.010341444255489884,-0.0032008020172010765
128,0.5,-0.0005430214439478377,0.8611885678515467,-0.007263218304912389,-0.20532529797413526,-0.30071208376923564,-0.10237941779841053,0.06803082646824342,-0.03097266548099158,-0.06052009919966217,12.424129683762956,FTSE100,G_close_gt_sma180_control,stop_10pct,1x,2013-05-23,2023-09-11,,-0.0072042806742570464,-0.0004041429896169957
128,0.484375,-0.000943021443947838,0.7708157179237834,-0.012188614766854067,-0.3565718465313291,-0.5179165767865939,-0.1363400450225506,0.06803082646824342,-0.03137266548099158,-0.06691194804094336,12.424129683762956,FTSE100,G_close_gt_sma180_control,stop_10pct,2x,2013-05-23,2023-09-11,,-0.010341444255489884,-0.0032008020172010765
242,0.5165289256198347,0.0005795647681277464,1.1070853892206658,0.010728160289750877,0.1768716873616287,0.292532271357229,-0.1773549628715192,0.12855245683930944,-0.05373573293957472,-0.10247341199685578,23.476892430278888,DAX30,A_none,no_stop,1x,2013-05-21,2023-09-11,,0.02353994660374581,-0.017363905190566187
242,0.4793388429752066,0.00017956476812774604,1.0319934194268525,0.0012823125660739176,0.054799610459505356,0.0896435235673655,-0.18430316426362747,0.12855245683930944,-0.05413573293957472,-0.10859745082288086,23.476892430278888,DAX30,A_none,no_stop,2x,2013-05-21,2023-09-11,,0.01701502618736428,-0.021967356255967463
242,0.512396694214876,0.0005476684440273792,1.1007572622677093,0.0101880445329392,0.17321618838323352,0.3556447294111083,-0.16241926773157012,0.12297476759628154,-0.02040000000000013,-0.08612332971323244,23.476892430278888,DAX30,A_none,stop_2pct,1x,2013-05-21,2023-09-11,,0.022314964521710223,-0.01645632467896807
242,0.47520661157024796,0.0001476684440273795,1.0261937022285148,0.0007471204102051932,0.046704471104467744,0.09219770710164457,-0.1724714909584062,0.12297476759628154,-0.020800000000000127,-0.09198761094563279,23.476892430278888,DAX30,A_none,stop_2pct,2x,2013-05-21,2023-09-11,,0.015797396994372548,-0.021063578402076066
242,0.5165289256198347,0.0003505796586240723,1.0621467408926433,0.0051382655398011234,0.10410161568839948,0.16180303308142904,-0.22306437535242463,0.12855245683930944,-0.05040000000000015,-0.15234353966068792,23.476892430278888,DAX30,A_none,stop_5pct,1x,2013-05-21,2023-09-11,,0.02353994660374581,-0.025358512383336418
242,0.4793388429752066,-4.942034137592796e-05,0.9915398412408017,-0.004257621451920102,-0.014674945503963421,-0.02265638288557215,-0.22964469080016126,0.12855245683930944,-0.05080000000000016,-0.15814717391548272,23.476892430278888,DAX30,A_none,stop_5pct,2x,2013-05-21,2023-09-11,,0.01701502618736428,-0.029927782369540967
242,0.5165289256198347,0.0005795647681277464,1.1070853892206658,0.010728160289750877,0.1768716873616287,0.292532271357229,-0.1773549628715192,0.12855245683930944,-0.05373573293957472,-0.10247341199685578,23.476892430278888,DAX30,A_none,stop_10pct,1x,2013-05-21,2023-09-11,,0.02353994660374581,-0.017363905190566187
242,0.4793388429752066,0.00017956476812774604,1.0319934194268525,0.0012823125660739176,0.054799610459505356,0.0896435235673655,-0.18430316426362747,0.12855245683930944,-0.05413573293957472,-0.10859745082288086,23.476892430278888,DAX30,A_none,stop_10pct,2x,2013-05-21,2023-09-11,,0.01701502618736428,-0.021967356255967463
182,0.489010989010989,0.00042958878623010376,1.0765974936217826,0.0052438476689564695,0.11002942663155743,0.17984509626693937,-0.19146508566104914,0.09667994687915006,-0.05373573293957472,-0.14057199293977418,17.656175298804783,DAX30,B_ibs_lt_0.5,no_stop,1x,2013-05-21,2023-09-11,,0.017451823170929526,-0.01686535601459105
182,0.46153846153846156,2.958878623010296e-05,1.005086392637791,-0.001830899931792418,0.007578496664664123,0.012329266180989647,-0.20786538529576282,0.09667994687915006,-0.05413573293957472,-0.14542569268556793,17.656175298804783,DAX30,B_ibs_lt_0.5,no_stop,2x,2013-05-21,2023-09-11,,0.012380653435409394,-0.02007122640212078
182,0.4835164835164835,0.0005488699565451674,1.1001999617797733,0.007612284325555496,0.14820459595988056,0.31268498388284327,-0.1510891144417248,0.09269588313413014,-0.02040000000000013,-0.08920166182627909,17.656175298804783,DAX30,B_ibs_lt_0.5,stop_2pct,1x,2013-05-21,2023-09-11,,0.01883544861655362,-0.015364655232678048
182,0.45604395604395603,0.00014886995654516744,1.026168976174942,0.0005219134820677596,0.04019752128394351,0.08264158693309959,-0.16062062416398792,0.09269588313413014,-0.020800000000000127,-0.09432363840239244,17.656175298804783,DAX30,B_ibs_lt_0.5,stop_2pct,2x,2013-05-21,2023-09-11,,0.013757976995585341,-0.018574730568557074
182,0.489010989010989,0.000125114080186757,1.0211596306913684,-0.00031571575004740726,0.030984428335991895,0.04727681627834719,-0.23639048390296447,0.09667994687915006,-0.05040000000000015,-0.18832521273610625,17.656175298804783,DAX30,B_ibs_lt_0.5,stop_5pct,1x,2013-05-21,2023-09-11,,0.017451823170929526,-0.024864019342535904
182,0.46153846153846156,-0.00027488591981324363,0.9550966092555252,-0.00735360904567528,-0.0680753362875954,-0.10368511585372368,-0.2518971763725244,0.09667994687915006,-0.05080000000000016,-0.19292827199563456,17.656175298804783,DAX30,B_ibs_lt_0.5,stop_5pct,2x,2013-05-21,2023-09-11,,0.012380653435409394,-0.028047085540041206
182,0.489010989010989,0.00042958878623010376,1.0765974936217826,0.0052438476689564695,0.11002942663155743,0.17984509626693937,-0.19146508566104914,0.09667994687915006,-0.05373573293957472,-0.14057199293977418,17.656175298804783,DAX30,B_ibs_lt_0.5,stop_10pct,1x,2013-05-21,2023-09-11,,0.017451823170929526,-0.01686535601459105
182,0.46153846153846156,2.958878623010296e-05,1.005086392637791,-0.001830899931792418,0.007578496664664123,0.012329266180989647,-0.20786538529576282,0.09667994687915006,-0.05413573293957472,-0.14542569268556793,17.656175298804783,DAX30,B_ibs_lt_0.5,stop_10pct,2x,2013-05-21,2023-09-11,,0.012380653435409394,-0.02007122640212078
120,0.55,0.0015779664829890737,1.3019109341444295,0.016733581360176775,0.30754707325668074,0.48514086960023056,-0.12579910591588772,0.06374501992031872,-0.05373573293957472,-0.09014699489203215,11.641434262948207,DAX30,C_ibs_lt_0.3,no_stop,1x,2013-05-21,2023-09-11,,0.01874696983847124,-0.0020834708261709967
120,0.5166666666666667,0.0011779664829890738,1.2176272305781894,0.012015159991478619,0.22958671691904609,0.361440429833794,-0.12933789434181675,0.06374501992031872,-0.05413573293957472,-0.09327755220595002,11.641434262948207,DAX30,C_ibs_lt_0.3,no_stop,2x,2013-05-21,2023-09-11,,0.015456770366808259,-0.004307405496461247
120,0.55,0.0019046505760934446,1.388711186937331,0.020834852987627217,0.39652472139996914,0.8542653918504582,-0.08629921441074984,0.06108897742363878,-0.02040000000000013,-0.07278828129958159,11.641434262948207,DAX30,C_ibs_lt_0.3,stop_2pct,1x,2013-05-21,2023-09-11,,0.017891920771168968,0.005056292797839701
120,0.5166666666666667,0.0015046505760934446,1.2958365517195651,0.016099129677918933,0.313249662682739,0.6530696489015836,-0.0885231167950794,0.06108897742363878,-0.020800000000000127,-0.0754095952481656,11.641434262948207,DAX30,C_ibs_lt_0.3,stop_2pct,2x,2013-05-21,2023-09-11,,0.014604160474353423,0.002819418272524521
120,0.55,0.0014884995549162264,1.2800003636120216,0.015630358625314145,0.28660114072403925,0.4376415090386898,-0.13552769696431688,0.06374501992031872,-0.05040000000000015,-0.09973837432745258,11.641434262948207,DAX30,C_ibs_lt_0.3,stop_5pct,1x,2013-05-21,2023-09-11,,0.01874696983847124,-0.0036780382883531137
120,0.5166666666666667,0.0010884995549162264,1.1978284944423232,0.010916599263827376,0.20958367981114856,0.32003173982009486,-0.1390311227590173,0.06374501992031872,-0.05080000000000016,-0.10337224650854249,11.641434262948207,DAX30,C_ibs_lt_0.3,stop_5pct,2x,2013-05-21,2023-09-11,,0.015456770366808259,-0.005899082450956272
120,0.55,0.0015779664829890737,1.3019109341444295,0.016733581360176775,0.30754707325668074,0.48514086960023056,-0.12579910591588772,0.06374501992031872,-0.05373573293957472,-0.09014699489203215,11.641434262948207,DAX30,C_ibs_lt_0.3,stop_10pct,1x,2013-05-21,2023-09-11,,0.01874696983847124,-0.0020834708261709967
120,0.5166666666666667,0.0011779664829890738,1.2176272305781894,0.012015159991478619,0.22958671691904609,0.361440429833794,-0.12933789434181675,0.06374501992031872,-0.05413573293957472,-0.09327755220595002,11.641434262948207,DAX30,C_ibs_lt_0.3,stop_10pct,2x,2013-05-21,2023-09-11,,0.015456770366808259,-0.004307405496461247
76,0.4868421052631579,0.00011271895796035107,1.0218330256280839,1.5241235298502076e-05,0.02063766155641893,0.02670152620164069,-0.11528213725968195,0.04037184594953519,-0.05373573293957472,-0.04959289322012872,7.372908366533865,DAX30,D_ibs_lt_0.2,no_stop,1x,2013-05-21,2023-09-11,,0.009399263691019177,-0.01325219502091135
76,0.4473684210526316,-0.0002872810420396488,0.9465783803450553,-0.0029305324624163687,-0.05259815229373475,-0.06869884972237193,-0.12237685596635761,0.04037184594953519,-0.05413573293957472,-0.05189099732216296,7.372908366533865,DAX30,D_ibs_lt_0.2,no_stop,2x,2013-05-21,2023-09-11,,0.007344514054936635,-0.014666995413204154
76,0.4868421052631579,0.00047753755519964515,1.0995294041221004,0.002885078626012394,0.09830220367171248,0.1731809801110613,-0.09043832177376954,0.03851261620185923,-0.02040000000000002,-0.04959289322012872,7.372908366533865,DAX30,D_ibs_lt_0.2,stop_2pct,1x,2013-05-21,2023-09-11,,0.007931244020399575,-0.00701598481953003
76,0.4473684210526316,7.753755519964509e-05,1.0154679162615015,-6.792872073968503e-05,0.0159612840088683,0.027632890545717,-0.09772182796267337,0.03851261620185923,-0.020800000000000016,-0.05189099732216296,7.372908366533865,DAX30,D_ibs_lt_0.2,stop_2pct,2x,2013-05-21,2023-09-11,,0.005878904631658077,-0.008437130534680426
76,0.4868421052631579,-2.854461268098696e-05,0.9946183229271545,-0.001069841002138694,-0.005094731857173524,-0.006367623616179289,-0.11216336524249393,0.04037184594953519,-0.05040000000000015,-0.04959289322012872,7.372908366533865,DAX30,D_ibs_lt_0.2,stop_5pct,1x,2013-05-21,2023-09-11,,0.009399263691019177,-0.014828916016305538
76,0.4473684210526316,-0.0004285446126809867,0.9223493676553673,-0.004012869371071259,-0.07648798443498171,-0.09667394862985738,-0.11928178563540637,0.04037184594953519,-0.05080000000000016,-0.05189099732216296,7.372908366533865,DAX30,D_ibs_lt_0.2,stop_5pct,2x,2013-05-21,2023-09-11,,0.007344514054936635,-0.016242111914583912
76,0.4868421052631579,0.00011271895796035107,1.0218330256280839,1.5241235298502076e-05,0.02063766155641893,0.02670152620164069,-0.11528213725968195,0.04037184594953519,-0.05373573293957472,-0.04959289322012872,7.372908366533865,DAX30,D_ibs_lt_0.2,stop_10pct,1x,2013-05-21,2023-09-11,,0.009399263691019177,-0.01325219502091135
76,0.4473684210526316,-0.0002872810420396488,0.9465783803450553,-0.0029305324624163687,-0.05259815229373475,-0.06869884972237193,-0.12237685596635761,0.04037184594953519,-0.05413573293957472,-0.05189099732216296,7.372908366533865,DAX30,D_ibs_lt_0.2,stop_10pct,2x,2013-05-21,2023-09-11,,0.007344514054936635,-0.014666995413204154
86,0.5465116279069767,0.0020149012416432995,1.311304669449736,0.01521512133400238,0.28612909529775693,0.5919916154667765,-0.10675285363413156,0.045683930942895086,-0.037751640881836065,-0.08190148841491729,8.343027888446215,DAX30,E_close_lt_sma180,no_stop,1x,2013-05-21,2023-09-11,,0.012383155746408248,0.004674522086927979
86,0.5232558139534884,0.0016149012416433017,1.2425679281581417,0.011837539397585584,0.22932649090521684,0.46251329181608697,-0.1163913465109121,0.045683930942895086,-0.03815164088183607,-0.08340133203178546,8.343027888446215,DAX30,E_close_lt_sma180,no_stop,2x,2013-05-21,2023-09-11,,0.010040288044612655,0.00306898737205219
86,0.5348837209302325,0.0016069834053594428,1.2343802811321616,0.01180952974831806,0.23049111403299755,0.6264576123587111,-0.0979224342273306,0.04223107569721116,-0.02040000000000013,-0.0791368254668543,8.343027888446215,DAX30,E_close_lt_sma180,stop_2pct,1x,2013-05-21,2023-09-11,,0.01101992925314943,0.0016401131248540146
86,0.5116279069767442,0.001206983405359445,1.1712995526190844,0.008441940686549021,0.17311874459488477,0.44110413864204817,-0.0997626571264415,0.04223107569721116,-0.020800000000000127,-0.0806399684706306,8.343027888446215,DAX30,E_close_lt_sma180,stop_2pct,2x,2013-05-21,2023-09-11,,0.008679688405782482,3.8221663043236376e-05
86,0.5465116279069767,0.0014953853680253059,1.2138722108690658,0.010697083906360039,0.2048241835752061,0.3833847402932912,-0.14689133351790706,0.045683930942895086,-0.05040000000000004,-0.12315667606204139,8.343027888446215,DAX30,E_close_lt_sma180,stop_5pct,1x,2013-05-21,2023-09-11,,0.012383155746408248,-0.001904533671896802
86,0.5232558139534884,0.0010953853680253083,1.1526236081637269,0.0073326828210744655,0.1500358492889932,0.2752640438785205,-0.1561126961636109,0.045683930942895086,-0.050800000000000047,-0.12460570009427308,8.343027888446215,DAX30,E_close_lt_sma180,stop_5pct,2x,2013-05-21,2023-09-11,,0.010040288044612655,-0.0035022510895034165
86,0.5465116279069767,0.0020149012416432995,1.311304669449736,0.01521512133400238,0.28612909529775693,0.5919916154667765,-0.10675285363413156,0.045683930942895086,-0.037751640881836065,-0.08190148841491729,8.343027888446215,DAX30,E_close_lt_sma180,stop_10pct,1x,2013-05-21,2023-09-11,,0.012383155746408248,0.004674522086927979
86,0.5232558139534884,0.0016149012416433017,1.2425679281581417,0.011837539397585584,0.22932649090521684,0.46251329181608697,-0.1163913465109121,0.045683930942895086,-0.03815164088183607,-0.08340133203178546,8.343027888446215,DAX30,E_close_lt_sma180,stop_10pct,2x,2013-05-21,2023-09-11,,0.010040288044612655,0.00306898737205219
27,0.5185185185185185,0.001774083513798039,1.4264860238528378,0.004387791996291579,0.2018245841463907,0.29445822394704496,-0.04416407310958581,0.014342629482071713,-0.037751640881836065,-0.0173404232666301,2.6193227091633466,DAX30,F_ibs_lt_0.2_and_close_lt_sma180,no_stop,1x,2013-05-21,2023-09-11,,0.00612517694984005,-0.002270857212862576
27,0.48148148148148145,0.0013740835137980383,1.3148951863668812,0.003337456526654403,0.15631949206325288,0.23017092511411158,-0.04952060051559837,0.014342629482071713,-0.03815164088183607,-0.01931107803986787,2.6193227091633466,DAX30,F_ibs_lt_0.2_and_close_lt_sma180,no_stop,2x,2013-05-21,2023-09-11,,0.005282220269029025,-0.002613959534499277
27,0.5185185185185185,0.0013595412952083893,1.297212216176349,0.00330745999978288,0.15676379402413715,0.2716975431213392,-0.03586153836565176,0.013811420982735724,-0.02040000000000002,-0.0173404232666301,2.6193227091633466,DAX30,F_ibs_lt_0.2_and_close_lt_sma180,stop_2pct,1x,2013-05-21,2023-09-11,,0.005009203962649922,-0.002270857212862576
27,0.48148148148148145,0.0009595412952083889,1.200817988382386,0.0022578268933926005,0.11064123943116065,0.18971169835738905,-0.038572063660469724,0.013811420982735724,-0.020800000000000016,-0.01931107803986787,2.6193227091633466,DAX30,F_ibs_lt_0.2_and_close_lt_sma180,stop_2pct,2x,2013-05-21,2023-09-11,,0.004166740696685212,-0.002613959534499277
27,0.5185185185185185,0.001774083513798039,1.4264860238528378,0.004387791996291579,0.2018245841463907,0.29445822394704496,-0.04416407310958581,0.014342629482071713,-0.037751640881836065,-0.0173404232666301,2.6193227091633466,DAX30,F_ibs_lt_0.2_and_close_lt_sma180,stop_5pct,1x,2013-05-21,2023-09-11,,0.00612517694984005,-0.002270857212862576
27,0.48148148148148145,0.0013740835137980383,1.3148951863668812,0.003337456526654403,0.15631949206325288,0.23017092511411158,-0.04952060051559837,0.014342629482071713,-0.03815164088183607,-0.01931107803986787,2.6193227091633466,DAX30,F_ibs_lt_0.2_and_close_lt_sma180,stop_5pct,2x,2013-05-21,2023-09-11,,0.005282220269029025,-0.002613959534499277
27,0.5185185185185185,0.001774083513798039,1.4264860238528378,0.004387791996291579,0.2018245841463907,0.29445822394704496,-0.04416407310958581,0.014342629482071713,-0.037751640881836065,-0.0173404232666301,2.6193227091633466,DAX30,F_ibs_lt_0.2_and_close_lt_sma180,stop_10pct,1x,2013-05-21,2023-09-11,,0.00612517694984005,-0.002270857212862576
27,0.48148148148148145,0.0013740835137980383,1.3148951863668812,0.003337456526654403,0.15631949206325288,0.23017092511411158,-0.04952060051559837,0.014342629482071713,-0.03815164088183607,-0.01931107803986787,2.6193227091633466,DAX30,F_ibs_lt_0.2_and_close_lt_sma180,stop_10pct,2x,2013-05-21,2023-09-11,,0.005282220269029025,-0.002613959534499277
142,0.5140845070422535,0.00023087427913406685,1.051205935805188,0.0021157314777975333,0.06898681041276238,0.09738976859764396,-0.18585293106702616,0.07543160690571049,-0.05373573293957472,-0.08949468704217889,13.775697211155379,DAX30,G_close_gt_sma180_control,no_stop,1x,2013-05-21,2023-09-11,,0.017865055556013143,-0.021935887486940198
142,0.4647887323943662,-0.00016912572086593346,0.9641134515989104,-0.0033917030184476005,-0.05053591974411636,-0.07116353512752435,-0.20108607457444283,0.07543160690571049,-0.05413573293957472,-0.09533870286685198,13.775697211155379,DAX30,G_close_gt_sma180_control,no_stop,2x,2013-05-21,2023-09-11,,0.014293274605057027,-0.024959742493497528
142,0.5140845070422535,0.00029387067455526636,1.0661015713855775,0.0031105724786146816,0.09317431087209231,0.1637462305694173,-0.17665467628887999,0.07357237715803452,-0.02040000000000002,-0.08612332971323244,13.775697211155379,DAX30,G_close_gt_sma180_control,stop_2pct,1x,2013-05-21,2023-09-11,,0.016094767722866887,-0.018066806197852947
142,0.4647887323943662,-0.00010612932544473376,0.9771754698260856,-0.0024018812464140504,-0.033649246480949586,-0.057094586052824026,-0.19205596720840956,0.07357237715803452,-0.020800000000000016,-0.09198761094563279,13.775697211155379,DAX30,G_close_gt_sma180_control,stop_2pct,2x,2013-05-21,2023-09-11,,0.01252848796944539,-0.021100993550053904
142,0.5140845070422535,0.00015526842442461816,1.0338692609018236,0.001028370070445872,0.04549346245053766,0.06172840208722459,-0.18298293238903052,0.07543160690571049,-0.05040000000000015,-0.08949468704217889,13.775697211155379,DAX30,G_close_gt_sma180_control,stop_5pct,1x,2013-05-21,2023-09-11,,0.017865055556013143,-0.02349873283937909
142,0.4647887323943662,-0.00024473157557538194,0.9488906832463107,-0.004473539318137654,-0.07170605862175727,-0.09744012442701437,-0.1982685841693883,0.07543160690571049,-0.05080000000000016,-0.09533870286685198,13.775697211155379,DAX30,G_close_gt_sma180_control,stop_5pct,2x,2013-05-21,2023-09-11,,0.014293274605057027,-0.026518405394221234
142,0.5140845070422535,0.00023087427913406685,1.051205935805188,0.0021157314777975333,0.06898681041276238,0.09738976859764396,-0.18585293106702616,0.07543160690571049,-0.05373573293957472,-0.08949468704217889,13.775697211155379,DAX30,G_close_gt_sma180_control,stop_10pct,1x,2013-05-21,2023-09-11,,0.017865055556013143,-0.021935887486940198
142,0.4647887323943662,-0.00016912572086593346,0.9641134515989104,-0.0033917030184476005,-0.05053591974411636,-0.07116353512752435,-0.20108607457444283,0.07543160690571049,-0.05413573293957472,-0.09533870286685198,13.775697211155379,DAX30,G_close_gt_sma180_control,stop_10pct,2x,2013-05-21,2023-09-11,,0.014293274605057027,-0.024959742493497528
219,0.5525114155251142,0.0031312923234980746,1.592456729485865,0.06513727256346025,0.811169571763139,1.3783819180695975,-0.09311668892568714,0.11663124335812965,-0.05061971319786955,-0.024497665958981507,21.25126195536663,Nasdaq100,A_none,no_stop,1x,2013-05-22,2023-09-11,,0.05780731575090692,0.012734018337324793
219,0.547945205479452,0.0027312923234980744,1.4998085223804285,0.056144871676762964,0.7075485120906324,1.200329373728226,-0.09641189846233078,0.11663124335812965,-0.051019713197869555,-0.029956775713442352,21.25126195536663,Nasdaq100,A_none,no_stop,2x,2013-05-22,2023-09-11,,0.051793167048813205,0.008347324005729018
219,0.5251141552511416,0.0021439388147696313,1.3608602681893174,0.04318091128182999,0.5630009787033828,1.2492712069884475,-0.1938638211667999,0.10945802337938364,-0.02040000000000013,-0.12076061408090966,21.25126195536663,Nasdaq100,A_none,stop_2pct,1x,2013-05-22,2023-09-11,,0.04535981097389019,-0.0011108404375506087
219,0.5205479452054794,0.001743938814769632,1.284420220841292,0.034365322051251423,0.4579604850428627,1.0085322281174216,-0.20035844085893084,0.10945802337938364,-0.020800000000000127,-0.12606703667026076,21.25126195536663,Nasdaq100,A_none,stop_2pct,2x,2013-05-22,2023-09-11,,0.03941148553792928,-0.005442916720852509
219,0.5525114155251142,0.00313229558010935,1.5927590691598816,0.06516119011698485,0.8115674006755776,1.3799156738947007,-0.09311668892568714,0.11663124335812965,-0.05040000000000004,-0.024497665958981507,21.25126195536663,Nasdaq100,A_none,stop_5pct,1x,2013-05-22,2023-09-11,,0.057831803883673816,0.012734018337324793
219,0.547945205479452,0.002732295580109351,1.5000839218247304,0.05616859730201651,0.7079287267484837,1.2017116340401977,-0.09641189846233056,0.11663124335812965,-0.050800000000000047,-0.029956775713442352,21.25126195536663,Nasdaq100,A_none,stop_5pct,2x,2013-05-22,2023-09-11,,0.051817526216761944,0.008347324005729018
219,0.5525114155251142,0.0031312923234980746,1.592456729485865,0.06513727256346025,0.811169571763139,1.3783819180695975,-0.09311668892568714,0.11663124335812965,-0.05061971319786955,-0.024497665958981507,21.25126195536663,Nasdaq100,A_none,stop_10pct,1x,2013-05-22,2023-09-11,,0.05780731575090692,0.012734018337324793
219,0.547945205479452,0.0027312923234980744,1.4998085223804285,0.056144871676762964,0.7075485120906324,1.200329373728226,-0.09641189846233078,0.11663124335812965,-0.051019713197869555,-0.029956775713442352,21.25126195536663,Nasdaq100,A_none,stop_10pct,2x,2013-05-22,2023-09-11,,0.051793167048813205,0.008347324005729018
162,0.5617283950617284,0.004483893390109061,1.885433189270425,0.07000848434353157,0.9598375984470315,1.7753390642328721,-0.07694133737397713,0.08607863974495218,-0.048434495440910094,-0.015709557921886774,15.720111583421891,Nasdaq100,B_ibs_lt_0.5,no_stop,1x,2013-05-22,2023-09-11,,0.057042375392487576,0.02061593779376958
162,0.5555555555555556,0.004083893390109061,1.779378443419981,0.06332759992345349,0.8742122264821836,1.6126681424951053,-0.0788162679535589,0.08607863974495218,-0.0488344954409101,-0.02003869385541701,15.720111583421891,Nasdaq100,B_ibs_lt_0.5,no_stop,2x,2013-05-22,2023-09-11,,0.05259006101546859,0.017361018573712306
162,0.5308641975308642,0.0031852014749159086,1.535943814199373,0.04844206639508175,0.678453879915282,1.6070392754402292,-0.16166526774001788,0.08076514346439957,-0.02040000000000013,-0.09227375426079398,15.720111583421891,Nasdaq100,B_ibs_lt_0.5,stop_2pct,1x,2013-05-22,2023-09-11,,0.042929862967247656,0.00966745486348608
162,0.5246913580246914,0.0027852014749159093,1.4542537856125528,0.041887372585421634,0.5932531307308755,1.3900390096314095,-0.16940386128947638,0.08076514346439957,-0.020800000000000127,-0.09629534165353981,15.720111583421891,Nasdaq100,B_ibs_lt_0.5,stop_2pct,2x,2013-05-22,2023-09-11,,0.038531344617392715,0.006443226889379483
162,0.5617283950617284,0.004483893390109061,1.885433189270425,0.07000848434353157,0.9598375984470315,1.7753390642328721,-0.07694133737397713,0.08607863974495218,-0.048434495440910094,-0.015709557921886774,15.720111583421891,Nasdaq100,B_ibs_lt_0.5,stop_5pct,1x,2013-05-22,2023-09-11,,0.057042375392487576,0.02061593779376958
162,0.5555555555555556,0.004083893390109061,1.779378443419981,0.06332759992345349,0.8742122264821836,1.6126681424951053,-0.0788162679535589,0.08607863974495218,-0.0488344954409101,-0.02003869385541701,15.720111583421891,Nasdaq100,B_ibs_lt_0.5,stop_5pct,2x,2013-05-22,2023-09-11,,0.05259006101546859,0.017361018573712306
162,0.5617283950617284,0.004483893390109061,1.885433189270425,0.07000848434353157,0.9598375984470315,1.7753390642328721,-0.07694133737397713,0.08607863974495218,-0.048434495440910094,-0.015709557921886774,15.720111583421891,Nasdaq100,B_ibs_lt_0.5,stop_10pct,1x,2013-05-22,2023-09-11,,0.057042375392487576,0.02061593779376958
162,0.5555555555555556,0.004083893390109061,1.779378443419981,0.06332759992345349,0.8742122264821836,1.6126681424951053,-0.0788162679535589,0.08607863974495218,-0.0488344954409101,-0.02003869385541701,15.720111583421891,Nasdaq100,B_ibs_lt_0.5,stop_10pct,2x,2013-05-22,2023-09-11,,0.05259006101546859,0.017361018573712306
101,0.6039603960396039,0.0057290653304526646,2.1484098220184538,0.05568678014715256,0.9287054066145929,1.9478138072324562,-0.07694133737397724,0.0536663124335813,-0.03636925485315039,-0.024907546767783506,9.800810308182784,Nasdaq100,C_ibs_lt_0.3,no_stop,1x,2013-05-22,2023-09-11,,0.038564416399565093,0.02608773102559514
101,0.6039603960396039,0.005329065330452661,2.035350976882421,0.05157741446610076,0.8638637367751446,1.811818583238139,-0.078816267953559,0.0536663124335813,-0.03676925485315039,-0.026476854127284843,9.800810308182784,Nasdaq100,C_ibs_lt_0.3,no_stop,2x,2013-05-22,2023-09-11,,0.035922784377029116,0.02392942572618284
101,0.5643564356435643,0.004007997552363273,1.6325705339580623,0.03795540458127822,0.6241286115750724,1.7257959226801254,-0.11644632336448602,0.049681190223166846,-0.02040000000000013,-0.046569624594072434,9.800810308182784,Nasdaq100,C_ibs_lt_0.3,stop_2pct,1x,2013-05-22,2023-09-11,,0.027904685723951328,0.015667307584861012
101,0.5643564356435643,0.0036079975523632727,1.55419785494075,0.03390802265466597,0.5618402889480227,1.5535606954742076,-0.12353242472089376,0.049681190223166846,-0.020800000000000127,-0.04811264579856722,9.800810308182784,Nasdaq100,C_ibs_lt_0.3,stop_2pct,2x,2013-05-22,2023-09-11,,0.02528589203863363,0.013526798466191536
101,0.6039603960396039,0.0057290653304526646,2.1484098220184538,0.05568678014715256,0.9287054066145929,1.9478138072324562,-0.07694133737397724,0.0536663124335813,-0.03636925485315039,-0.024907546767783506,9.800810308182784,Nasdaq100,C_ibs_lt_0.3,stop_5pct,1x,2013-05-22,2023-09-11,,0.038564416399565093,0.02608773102559514
101,0.6039603960396039,0.005329065330452661,2.035350976882421,0.05157741446610076,0.8638637367751446,1.811818583238139,-0.078816267953559,0.0536663124335813,-0.03676925485315039,-0.026476854127284843,9.800810308182784,Nasdaq100,C_ibs_lt_0.3,stop_5pct,2x,2013-05-22,2023-09-11,,0.035922784377029116,0.02392942572618284
101,0.6039603960396039,0.0057290653304526646,2.1484098220184538,0.05568678014715256,0.9287054066145929,1.9478138072324562,-0.07694133737397724,0.0536663124335813,-0.03636925485315039,-0.024907546767783506,9.800810308182784,Nasdaq100,C_ibs_lt_0.3,stop_10pct,1x,2013-05-22,2023-09-11,,0.038564416399565093,0.02608773102559514
101,0.6039603960396039,0.005329065330452661,2.035350976882421,0.05157741446610076,0.8638637367751446,1.811818583238139,-0.078816267953559,0.0536663124335813,-0.03676925485315039,-0.026476854127284843,9.800810308182784,Nasdaq100,C_ibs_lt_0.3,stop_10pct,2x,2013-05-22,2023-09-11,,0.035922784377029116,0.02392942572618284
56,0.6428571428571429,0.007795774481592561,3.117822502456271,0.04220635618469548,1.0113206417689993,2.396392216149105,-0.043482873998350935,0.02975557917109458,-0.02411601533459744,-0.0073079131352691284,5.4341126461211475,Nasdaq100,D_ibs_lt_0.2,no_stop,1x,2013-05-22,2023-09-11,,0.02742045002988136,0.022486787439690126
56,0.6428571428571429,0.007395774481592561,2.9340970164099955,0.039959762861866865,0.9594299338396235,2.273433696925263,-0.04426512941146277,0.02975557917109458,-0.02451601533459744,-0.008501787646305492,5.4341126461211475,Nasdaq100,D_ibs_lt_0.2,no_stop,2x,2013-05-22,2023-09-11,,0.02582879970408203,0.021502348510244573
56,0.5714285714285714,0.004524830039772233,1.720748635546263,0.023704892751387208,0.5191829516363127,1.4138813670662578,-0.09632473872535441,0.02736450584484591,-0.02040000000000013,-0.04539768490955176,5.4341126461211475,Nasdaq100,D_ibs_lt_0.2,stop_2pct,1x,2013-05-22,2023-09-11,,0.019167326614188962,0.0074085313910190465
56,0.5714285714285714,0.004124830039772233,1.6395693077665985,0.021490802832368816,0.47328660219796365,1.2888926842084656,-0.09997009920162059,0.02736450584484591,-0.020800000000000127,-0.04808558434568888,5.4341126461211475,Nasdaq100,D_ibs_lt_0.2,stop_2pct,2x,2013-05-22,2023-09-11,,0.01758514595153393,0.006432588470597356
56,0.6428571428571429,0.007795774481592561,3.117822502456271,0.04220635618469548,1.0113206417689993,2.396392216149105,-0.043482873998350935,0.02975557917109458,-0.02411601533459744,-0.0073079131352691284,5.4341126461211475,Nasdaq100,D_ibs_lt_0.2,stop_5pct,1x,2013-05-22,2023-09-11,,0.02742045002988136,0.022486787439690126
56,0.6428571428571429,0.007395774481592561,2.9340970164099955,0.039959762861866865,0.9594299338396235,2.273433696925263,-0.04426512941146277,0.02975557917109458,-0.02451601533459744,-0.008501787646305492,5.4341126461211475,Nasdaq100,D_ibs_lt_0.2,stop_5pct,2x,2013-05-22,2023-09-11,,0.02582879970408203,0.021502348510244573
56,0.6428571428571429,0.007795774481592561,3.117822502456271,0.04220635618469548,1.0113206417689993,2.396392216149105,-0.043482873998350935,0.02975557917109458,-0.02411601533459744,-0.0073079131352691284,5.4341126461211475,Nasdaq100,D_ibs_lt_0.2,stop_10pct,1x,2013-05-22,2023-09-11,,0.02742045002988136,0.022486787439690126
56,0.6428571428571429,0.007395774481592561,2.9340970164099955,0.039959762861866865,0.9594299338396235,2.273433696925263,-0.04426512941146277,0.02975557917109458,-0.02451601533459744,-0.008501787646305492,5.4341126461211475,Nasdaq100,D_ibs_lt_0.2,stop_10pct,2x,2013-05-22,2023-09-11,,0.02582879970408203,0.021502348510244573
52,0.5961538461538461,0.009534445646895652,2.41216730661549,0.0473495402595705,0.8381368203967031,1.757040370160257,-0.07694133737397713,0.02763018065887354,-0.048434495440910094,-0.009461188770655715,5.04596174282678,Nasdaq100,E_close_lt_sma180,no_stop,1x,2013-05-22,2023-09-11,,0.036102955257167446,0.017620039949423738
52,0.5769230769230769,0.00913444564689565,2.320975571855969,0.04525588436962846,0.8029743431458272,1.651264031818067,-0.078816267953559,0.02763018065887354,-0.0488344954409101,-0.009861188770655782,5.04596174282678,Nasdaq100,E_close_lt_sma180,no_stop,2x,2013-05-22,2023-09-11,,0.03512251969833047,0.015998831704403305
52,0.5769230769230769,0.009038203972355033,2.3557554278114,0.044900458439976365,0.8293182883935653,2.7819479559928983,-0.050972752359672024,0.02523910733262487,-0.02040000000000013,-0.04038383999999995,5.04596174282678,Nasdaq100,E_close_lt_sma180,stop_2pct,1x,2013-05-22,2023-09-11,,0.03272962524883316,0.018852747145348125
52,0.5576923076923077,0.008638203972355032,2.2633532693183898,0.04281079124702858,0.7926154969571167,2.470705518246522,-0.052889612144457754,0.02523910733262487,-0.020800000000000127,-0.0411673600000001,5.04596174282678,Nasdaq100,E_close_lt_sma180,stop_2pct,2x,2013-05-22,2023-09-11,,0.03175101545701442,0.017230196284241384
52,0.5961538461538461,0.009534445646895652,2.41216730661549,0.0473495402595705,0.8381368203967031,1.757040370160257,-0.07694133737397713,0.02763018065887354,-0.048434495440910094,-0.009461188770655715,5.04596174282678,Nasdaq100,E_close_lt_sma180,stop_5pct,1x,2013-05-22,2023-09-11,,0.036102955257167446,0.017620039949423738
52,0.5769230769230769,0.00913444564689565,2.320975571855969,0.04525588436962846,0.8029743431458272,1.651264031818067,-0.078816267953559,0.02763018065887354,-0.0488344954409101,-0.009861188770655782,5.04596174282678,Nasdaq100,E_close_lt_sma180,stop_5pct,2x,2013-05-22,2023-09-11,,0.03512251969833047,0.015998831704403305
52,0.5961538461538461,0.009534445646895652,2.41216730661549,0.0473495402595705,0.8381368203967031,1.757040370160257,-0.07694133737397713,0.02763018065887354,-0.048434495440910094,-0.009461188770655715,5.04596174282678,Nasdaq100,E_close_lt_sma180,stop_10pct,1x,2013-05-22,2023-09-11,,0.036102955257167446,0.017620039949423738
52,0.5769230769230769,0.00913444564689565,2.320975571855969,0.04525588436962846,0.8029743431458272,1.651264031818067,-0.078816267953559,0.02763018065887354,-0.0488344954409101,-0.009861188770655782,5.04596174282678,Nasdaq100,E_close_lt_sma180,stop_10pct,2x,2013-05-22,2023-09-11,,0.03512251969833047,0.015998831704403305
16,0.5625,0.012038571717501381,3.4397747220269523,0.018337724147084122,0.6451569092992178,2.641216235709517,-0.02353895255721039,0.008501594048884165,-0.02000934711651241,0.01221067626315575,1.5526036131774708,Nasdaq100,F_ibs_lt_0.2_and_close_lt_sma180,no_stop,1x,2013-05-22,2023-09-11,,0.011074298645352476,0.011089178667543775
16,0.5625,0.01163857171750138,3.277920622038178,0.017712557756013325,0.6237205819860264,2.5534577773910843,-0.02471957698689864,0.008501594048884165,-0.02040934711651241,0.011405920785615864,1.5526036131774708,Nasdaq100,F_ibs_lt_0.2_and_close_lt_sma180,no_stop,2x,2013-05-22,2023-09-11,,0.0106740255429989,0.010746753802408193
16,0.5625,0.010200896148401476,2.506340566604323,0.01539427937921789,0.504795085259922,2.0101358687934514,-0.033338627834270995,0.007970244420828906,-0.02040000000000013,-0.003840821069111322,1.5526036131774708,Nasdaq100,F_ibs_lt_0.2_and_close_lt_sma180,stop_2pct,1x,2013-05-22,2023-09-11,,0.008101741796837647,0.011031573407435102
16,0.5625,0.009800896148401479,2.410815552455451,0.014769727468298743,0.4850009386313821,1.9313139363063365,-0.03451136177577141,0.007970244420828906,-0.020800000000000127,-0.004639262677494815,1.5526036131774708,Nasdaq100,F_ibs_lt_0.2_and_close_lt_sma180,stop_2pct,2x,2013-05-22,2023-09-11,,0.0077014410409164125,0.010689144533202688
16,0.5625,0.012038571717501381,3.4397747220269523,0.018337724147084122,0.6451569092992178,2.641216235709517,-0.02353895255721039,0.008501594048884165,-0.02000934711651241,0.01221067626315575,1.5526036131774708,Nasdaq100,F_ibs_lt_0.2_and_close_lt_sma180,stop_5pct,1x,2013-05-22,2023-09-11,,0.011074298645352476,0.011089178667543775
16,0.5625,0.01163857171750138,3.277920622038178,0.017712557756013325,0.6237205819860264,2.5534577773910843,-0.02471957698689864,0.008501594048884165,-0.02040934711651241,0.011405920785615864,1.5526036131774708,Nasdaq100,F_ibs_lt_0.2_and_close_lt_sma180,stop_5pct,2x,2013-05-22,2023-09-11,,0.0106740255429989,0.010746753802408193
16,0.5625,0.012038571717501381,3.4397747220269523,0.018337724147084122,0.6451569092992178,2.641216235709517,-0.02353895255721039,0.008501594048884165,-0.02000934711651241,0.01221067626315575,1.5526036131774708,Nasdaq100,F_ibs_lt_0.2_and_close_lt_sma180,stop_10pct,1x,2013-05-22,2023-09-11,,0.011074298645352476,0.011089178667543775
16,0.5625,0.01163857171750138,3.277920622038178,0.017712557756013325,0.6237205819860264,2.5534577773910843,-0.02471957698689864,0.008501594048884165,-0.02040934711651241,0.011405920785615864,1.5526036131774708,Nasdaq100,F_ibs_lt_0.2_and_close_lt_sma180,stop_10pct,2x,2013-05-22,2023-09-11,,0.0106740255429989,0.010746753802408193
150,0.5466666666666666,0.0010638968772353694,1.2213045773854716,0.014146527878868609,0.2896412580308134,0.4132188242021019,-0.09991491210715919,0.07970244420828905,-0.05061971319786955,-0.03769593806253324,14.555658873538787,Nasdaq100,G_close_gt_sma180_control,no_stop,1x,2013-05-22,2023-09-11,,0.018011950209884775,-0.004801420392961053
150,0.5466666666666666,0.000663896877235369,1.133079578605229,0.008262967490867634,0.18074301263564985,0.25785834404884184,-0.11495256709359303,0.07970244420828905,-0.051019713197869555,-0.03809593806253331,14.555658873538787,Nasdaq100,G_close_gt_sma180_control,no_stop,2x,2013-05-22,2023-09-11,,0.013871320057274428,-0.007531020174342373
150,0.5133333333333333,-0.00020631598085924318,0.9643990554465838,-0.0044419360148832965,-0.055744701123489705,-0.09915772423547886,-0.1894686012630351,0.07518597236981935,-0.02040000000000013,-0.0837592960928355,14.555658873538787,Nasdaq100,G_close_gt_sma180_control,stop_2pct,1x,2013-05-22,2023-09-11,,0.009307139920035956,-0.01959418339778074
150,0.5133333333333333,-0.0006063159808592431,0.8987770394505238,-0.010224985303607825,-0.16382106223004092,-0.2914021132983467,-0.20304350485706824,0.07518597236981935,-0.020800000000000127,-0.08854483371598687,14.555658873538787,Nasdaq100,G_close_gt_sma180_control,stop_2pct,2x,2013-05-22,2023-09-11,,0.005198457502759046,-0.022289067988656597
150,0.5466666666666666,0.0010653616318878328,1.2216768079904865,0.014169300440196597,0.2901516655333245,0.4143418188353669,-0.09991491210715941,0.07970244420828905,-0.05040000000000004,-0.03769593806253324,14.555658873538787,Nasdaq100,G_close_gt_sma180_control,stop_5pct,1x,2013-05-22,2023-09-11,,0.01803551708394946,-0.004801420392961053
150,0.5466666666666666,0.0006653616318878323,1.1334123635135618,0.008285617479486973,0.18121150592980173,0.258773303344097,-0.11495256709359203,0.07970244420828905,-0.050800000000000047,-0.03809593806253331,14.555658873538787,Nasdaq100,G_close_gt_sma180_control,stop_5pct,2x,2013-05-22,2023-09-11,,0.013894800968291099,-0.007531020174342373
150,0.5466666666666666,0.0010638968772353694,1.2213045773854716,0.014146527878868609,0.2896412580308134,0.4132188242021019,-0.09991491210715919,0.07970244420828905,-0.05061971319786955,-0.03769593806253324,14.555658873538787,Nasdaq100,G_close_gt_sma180_control,stop_10pct,1x,2013-05-22,2023-09-11,,0.018011950209884775,-0.004801420392961053
150,0.5466666666666666,0.000663896877235369,1.133079578605229,0.008262967490867634,0.18074301263564985,0.25785834404884184,-0.11495256709359303,0.07970244420828905,-0.051019713197869555,-0.03809593806253331,14.555658873538787,Nasdaq100,G_close_gt_sma180_control,stop_10pct,2x,2013-05-22,2023-09-11,,0.013871320057274428,-0.007531020174342373
397,0.48866498740554154,-7.40169982894857e-05,0.9762445594170849,-0.002696919557506283,-0.04409369972706425,-0.06521953178531596,-0.23546124632855836,0.13570329858143906,-0.04292734811393621,-0.05041940059320782,24.78281490343531,EURUSD,A_none,no_stop,1x,2007-09-04,2023-09-11,0.009667841868869376,-0.014069318202506231,0.0003104878023845181
397,0.4609571788413098,-0.0004740169982894859,0.857449198823741,-0.012537837837518273,-0.2823832858819132,-0.4156928563373828,-0.3083064290054537,0.13570329858143906,-0.043327348113936216,-0.05838369273252031,24.78281490343531,EURUSD,A_none,no_stop,2x,2007-09-04,2023-09-11,0.007411668847695951,-0.02408662619475821,-0.004595654136366756
397,0.48866498740554154,-3.265004624280474e-05,0.9893801111623219,-0.00161217516555745,-0.02015770570066484,-0.033547452571309325,-0.23060443072543113,0.13519056571526236,-0.02040000000000013,-0.05041940059320782,24.78281490343531,EURUSD,A_none,stop_2pct,1x,2007-09-04,2023-09-11,0.009256751308101885,-0.011947794484164942,0.0003104878023845181
397,0.4609571788413098,-0.0004326500462428049,0.8682504555714745,-0.011463341783381042,-0.2671124028029038,-0.4381493901055596,-0.3039105633706176,0.13519056571526236,-0.020800000000000127,-0.05838369273252031,24.78281490343531,EURUSD,A_none,stop_2pct,2x,2007-09-04,2023-09-11,0.007001352029350372,-0.02198579490371766,-0.004595654136366756
397,0.48866498740554154,-7.40169982894857e-05,0.9762445594170849,-0.002696919557506283,-0.04409369972706425,-0.06521953178531596,-0.23546124632855836,0.13570329858143906,-0.04292734811393621,-0.05041940059320782,24.78281490343531,EURUSD,A_none,stop_5pct,1x,2007-09-04,2023-09-11,0.009667841868869376,-0.014069318202506231,0.0003104878023845181
397,0.4609571788413098,-0.0004740169982894859,0.857449198823741,-0.012537837837518273,-0.2823832858819132,-0.4156928563373828,-0.3083064290054537,0.13570329858143906,-0.043327348113936216,-0.05838369273252031,24.78281490343531,EURUSD,A_none,stop_5pct,2x,2007-09-04,2023-09-11,0.007411668847695951,-0.02408662619475821,-0.004595654136366756
397,0.48866498740554154,-7.40169982894857e-05,0.9762445594170849,-0.002696919557506283,-0.04409369972706425,-0.06521953178531596,-0.23546124632855836,0.13570329858143906,-0.04292734811393621,-0.05041940059320782,24.78281490343531,EURUSD,A_none,stop_10pct,1x,2007-09-04,2023-09-11,0.009667841868869376,-0.014069318202506231,0.0003104878023845181
397,0.4609571788413098,-0.0004740169982894859,0.857449198823741,-0.012537837837518273,-0.2823832858819132,-0.4156928563373828,-0.3083064290054537,0.13570329858143906,-0.043327348113936216,-0.05838369273252031,24.78281490343531,EURUSD,A_none,stop_10pct,2x,2007-09-04,2023-09-11,0.007411668847695951,-0.02408662619475821,-0.004595654136366756
329,0.49240121580547114,6.181637414304348e-05,1.0201091831949958,0.0005130446900356578,0.03264861756229838,0.047538915883783985,-0.19699862858586814,0.11245940864809434,-0.04292734811393621,-0.052700919241892685,20.53789950435823,EURUSD,B_ibs_lt_0.5,no_stop,1x,2007-09-04,2023-09-11,0.012393747355396778,-0.012972277369001972,0.0022281980274854174
329,0.46200607902735563,-0.0003381836258569568,0.8969896488141242,-0.0076743884500043436,-0.17861332081505965,-0.2595939183077802,-0.25851805846732423,0.11245940864809434,-0.043327348113936216,-0.06327458523253504,20.53789950435823,EURUSD,B_ibs_lt_0.5,no_stop,2x,2007-09-04,2023-09-11,0.010455987119034171,-0.021317336709222756,-0.0017167994598141778
329,0.49240121580547114,0.00011753826647498193,1.0389416811762775,0.0017230679701958351,0.06479811231749796,0.10840672462865576,-0.19189747501936794,0.11194667578191762,-0.02040000000000013,-0.050090969199799495,20.53789950435823,EURUSD,B_ibs_lt_0.5,stop_2pct,1x,2007-09-04,2023-09-11,0.012178696393817079,-0.010848393040334692,0.0022281980274854174
329,0.46200607902735563,-0.00028246173352501836,0.9124769611269621,-0.006473760067889023,-0.15571938980608596,-0.2570585798060524,-0.25380577672535687,0.11194667578191762,-0.020800000000000127,-0.05692664099145239,20.53789950435823,EURUSD,B_ibs_lt_0.5,stop_2pct,2x,2007-09-04,2023-09-11,0.01024128274939562,-0.019210544018163134,-0.0017167994598141778
329,0.49240121580547114,6.181637414304348e-05,1.0201091831949958,0.0005130446900356578,0.03264861756229838,0.047538915883783985,-0.19699862858586814,0.11245940864809434,-0.04292734811393621,-0.052700919241892685,20.53789950435823,EURUSD,B_ibs_lt_0.5,stop_5pct,1x,2007-09-04,2023-09-11,0.012393747355396778,-0.012972277369001972,0.0022281980274854174
329,0.46200607902735563,-0.0003381836258569568,0.8969896488141242,-0.0076743884500043436,-0.17861332081505965,-0.2595939183077802,-0.25851805846732423,0.11245940864809434,-0.043327348113936216,-0.06327458523253504,20.53789950435823,EURUSD,B_ibs_lt_0.5,stop_5pct,2x,2007-09-04,2023-09-11,0.010455987119034171,-0.021317336709222756,-0.0017167994598141778
329,0.49240121580547114,6.181637414304348e-05,1.0201091831949958,0.0005130446900356578,0.03264861756229838,0.047538915883783985,-0.19699862858586814,0.11245940864809434,-0.04292734811393621,-0.052700919241892685,20.53789950435823,EURUSD,B_ibs_lt_0.5,stop_10pct,1x,2007-09-04,2023-09-11,0.012393747355396778,-0.012972277369001972,0.0022281980274854174
329,0.46200607902735563,-0.0003381836258569568,0.8969896488141242,-0.0076743884500043436,-0.17861332081505965,-0.2595939183077802,-0.25851805846732423,0.11245940864809434,-0.043327348113936216,-0.06327458523253504,20.53789950435823,EURUSD,B_ibs_lt_0.5,stop_10pct,2x,2007-09-04,2023-09-11,0.010455987119034171,-0.021317336709222756,-0.0017167994598141778
234,0.49145299145299143,-0.0004530913300806169,0.8653759504663902,-0.007140230876989118,-0.20083747810262056,-0.26367640674876625,-0.21165347453968297,0.07998632712356862,-0.04292734811393621,-0.07302159285670728,14.607502990941718,EURUSD,C_ibs_lt_0.3,no_stop,1x,2007-09-04,2023-09-11,0.004231714019000243,-0.015724220382580145,0.00020201795692931235
234,0.45726495726495725,-0.0008530913300806174,0.7614537921931485,-0.012928797860566,-0.3781416680255542,-0.49634043416255075,-0.2732204718453477,0.07998632712356862,-0.043327348113936216,-0.0815408871502008,14.607502990941718,EURUSD,C_ibs_lt_0.3,no_stop,2x,2007-09-04,2023-09-11,0.002827886385876832,-0.021661344519490977,-0.002538960144924718
234,0.49145299145299143,-0.00037474730197289155,0.8860001251609105,-0.0059394634897477205,-0.17641098126860566,-0.26854021204622996,-0.1962408468944673,0.0794735942573919,-0.02040000000000013,-0.05886763767605396,14.607502990941718,EURUSD,C_ibs_lt_0.3,stop_2pct,1x,2007-09-04,2023-09-11,0.00401839682268923,-0.013606257679522615,0.00020201795692931235
234,0.45726495726495725,-0.0007747473019728918,0.7785085787530391,-0.011734526860539884,-0.3647095817814034,-0.5473171654877458,-0.2590054569642398,0.0794735942573919,-0.020800000000000127,-0.0675112100571722,14.607502990941718,EURUSD,C_ibs_lt_0.3,stop_2pct,2x,2007-09-04,2023-09-11,0.0026148028553250047,-0.01955529236790099,-0.002538960144924718
234,0.49145299145299143,-0.0004530913300806169,0.8653759504663902,-0.007140230876989118,-0.20083747810262056,-0.26367640674876625,-0.21165347453968297,0.07998632712356862,-0.04292734811393621,-0.07302159285670728,14.607502990941718,EURUSD,C_ibs_lt_0.3,stop_5pct,1x,2007-09-04,2023-09-11,0.004231714019000243,-0.015724220382580145,0.00020201795692931235
234,0.45726495726495725,-0.0008530913300806174,0.7614537921931485,-0.012928797860566,-0.3781416680255542,-0.49634043416255075,-0.2732204718453477,0.07998632712356862,-0.043327348113936216,-0.0815408871502008,14.607502990941718,EURUSD,C_ibs_lt_0.3,stop_5pct,2x,2007-09-04,2023-09-11,0.002827886385876832,-0.021661344519490977,-0.002538960144924718
234,0.49145299145299143,-0.0004530913300806169,0.8653759504663902,-0.007140230876989118,-0.20083747810262056,-0.26367640674876625,-0.21165347453968297,0.07998632712356862,-0.04292734811393621,-0.07302159285670728,14.607502990941718,EURUSD,C_ibs_lt_0.3,stop_10pct,1x,2007-09-04,2023-09-11,0.004231714019000243,-0.015724220382580145,0.00020201795692931235
234,0.45726495726495725,-0.0008530913300806174,0.7614537921931485,-0.012928797860566,-0.3781416680255542,-0.49634043416255075,-0.2732204718453477,0.07998632712356862,-0.043327348113936216,-0.0815408871502008,14.607502990941718,EURUSD,C_ibs_lt_0.3,stop_10pct,2x,2007-09-04,2023-09-11,0.002827886385876832,-0.021661344519490977,-0.002538960144924718
162,0.49382716049382713,-0.000637329175097152,0.8026569707405178,-0.006730506175482653,-0.26088098534121684,-0.3750216428390857,-0.19838416859670005,0.055375149547085965,-0.02832344888646725,-0.06779159023269343,10.112886686036575,EURUSD,D_ibs_lt_0.2,no_stop,1x,2007-09-04,2023-09-11,0.007585937813331611,-0.017626096558876148,-0.000854810416931584
162,0.4567901234567901,-0.0010373291750971525,0.6984588440592775,-0.010743915503906742,-0.424614889599687,-0.6027410091406158,-0.24035170934883976,0.055375149547085965,-0.02872344888646725,-0.0722827346119348,10.112886686036575,EURUSD,D_ibs_lt_0.2,no_stop,2x,2007-09-04,2023-09-11,0.006742642386385889,-0.021831322223007432,-0.0027954564212622213
162,0.49382716049382713,-0.0006437636462428866,0.8010609577790748,-0.00678755475715509,-0.2667554297072234,-0.40009727598424033,-0.18854638380523803,0.055375149547085965,-0.02040000000000013,-0.06186963489925312,10.112886686036575,EURUSD,D_ibs_lt_0.2,stop_2pct,1x,2007-09-04,2023-09-11,0.006264888829218718,-0.016426597676098775,-0.000854810416931584
162,0.4567901234567901,-0.001043763646242887,0.6971548604876617,-0.01080075316229745,-0.4325028627995102,-0.6370838350414434,-0.2310251190446685,0.055375149547085965,-0.020800000000000127,-0.0663868861946959,10.112886686036575,EURUSD,D_ibs_lt_0.2,stop_2pct,2x,2007-09-04,2023-09-11,0.005422163730917529,-0.0206364674994739,-0.0027954564212622213
162,0.49382716049382713,-0.000637329175097152,0.8026569707405178,-0.006730506175482653,-0.26088098534121684,-0.3750216428390857,-0.19838416859670005,0.055375149547085965,-0.02832344888646725,-0.06779159023269343,10.112886686036575,EURUSD,D_ibs_lt_0.2,stop_5pct,1x,2007-09-04,2023-09-11,0.007585937813331611,-0.017626096558876148,-0.000854810416931584
162,0.4567901234567901,-0.0010373291750971525,0.6984588440592775,-0.010743915503906742,-0.424614889599687,-0.6027410091406158,-0.24035170934883976,0.055375149547085965,-0.02872344888646725,-0.0722827346119348,10.112886686036575,EURUSD,D_ibs_lt_0.2,stop_5pct,2x,2007-09-04,2023-09-11,0.006742642386385889,-0.021831322223007432,-0.0027954564212622213
162,0.49382716049382713,-0.000637329175097152,0.8026569707405178,-0.006730506175482653,-0.26088098534121684,-0.3750216428390857,-0.19838416859670005,0.055375149547085965,-0.02832344888646725,-0.06779159023269343,10.112886686036575,EURUSD,D_ibs_lt_0.2,stop_10pct,1x,2007-09-04,2023-09-11,0.007585937813331611,-0.017626096558876148,-0.000854810416931584
162,0.4567901234567901,-0.0010373291750971525,0.6984588440592775,-0.010743915503906742,-0.424614889599687,-0.6027410091406158,-0.24035170934883976,0.055375149547085965,-0.02872344888646725,-0.0722827346119348,10.112886686036575,EURUSD,D_ibs_lt_0.2,stop_10pct,2x,2007-09-04,2023-09-11,0.006742642386385889,-0.021831322223007432,-0.0027954564212622213
226,0.45132743362831856,-0.001072100402366743,0.7144933324157214,-0.015575132678733339,-0.450795322886471,-0.6437769063184222,-0.25292691676324497,0.07725175183729277,-0.04292734811393621,-0.05663209567359895,14.108101179285592,EURUSD,E_close_lt_sma180,no_stop,1x,2007-09-04,2023-09-11,-0.00013999735339254027,-0.020758183485275028,-0.0057541693422809015
226,0.41150442477876104,-0.0014721004023667433,0.6303299847983451,-0.021122312259663212,-0.6189867802877764,-0.8784711923333663,-0.305473943771305,0.07725175183729277,-0.043327348113936216,-0.061923369940567796,14.108101179285592,EURUSD,E_close_lt_sma180,no_stop,2x,2007-09-04,2023-09-11,-0.0010199639031901464,-0.0268617078268234,-0.008481190200614774
226,0.45132743362831856,-0.0010247030022739665,0.723627103882419,-0.014865157360987924,-0.45121601435380476,-0.7366666345395165,-0.2438247057449705,0.07673901897111605,-0.02040000000000013,-0.05663209567359895,14.108101179285592,EURUSD,E_close_lt_sma180,stop_2pct,1x,2007-09-04,2023-09-11,-0.0005470946106610475,-0.019226704285180696,-0.0057541693422809015
226,0.41150442477876104,-0.0014247030022739666,0.6379227399906285,-0.020416033730313754,-0.6273513485345344,-1.0021626887198012,-0.3020531212892824,0.07673901897111605,-0.020800000000000127,-0.061923369940567796,14.108101179285592,EURUSD,E_close_lt_sma180,stop_2pct,2x,2007-09-04,2023-09-11,-0.0014268465338737046,-0.02533914939424098,-0.008481190200614774
226,0.45132743362831856,-0.001072100402366743,0.7144933324157214,-0.015575132678733339,-0.450795322886471,-0.6437769063184222,-0.25292691676324497,0.07725175183729277,-0.04292734811393621,-0.05663209567359895,14.108101179285592,EURUSD,E_close_lt_sma180,stop_5pct,1x,2007-09-04,2023-09-11,-0.00013999735339254027,-0.020758183485275028,-0.0057541693422809015
226,0.41150442477876104,-0.0014721004023667433,0.6303299847983451,-0.021122312259663212,-0.6189867802877764,-0.8784711923333663,-0.305473943771305,0.07725175183729277,-0.043327348113936216,-0.061923369940567796,14.108101179285592,EURUSD,E_close_lt_sma180,stop_5pct,2x,2007-09-04,2023-09-11,-0.0010199639031901464,-0.0268617078268234,-0.008481190200614774
226,0.45132743362831856,-0.001072100402366743,0.7144933324157214,-0.015575132678733339,-0.450795322886471,-0.6437769063184222,-0.25292691676324497,0.07725175183729277,-0.04292734811393621,-0.05663209567359895,14.108101179285592,EURUSD,E_close_lt_sma180,stop_10pct,1x,2007-09-04,2023-09-11,-0.00013999735339254027,-0.020758183485275028,-0.0057541693422809015
226,0.41150442477876104,-0.0014721004023667433,0.6303299847983451,-0.021122312259663212,-0.6189867802877764,-0.8784711923333663,-0.305473943771305,0.07725175183729277,-0.043327348113936216,-0.061923369940567796,14.108101179285592,EURUSD,E_close_lt_sma180,stop_10pct,2x,2007-09-04,2023-09-11,-0.0010199639031901464,-0.0268617078268234,-0.008481190200614774
95,0.4421052631578947,-0.001747322078876302,0.5418835506534979,-0.010488652099632456,-0.5586528471915192,-0.8141996974701134,-0.1973979127851082,0.03247308152452572,-0.026897951046627556,-0.08003637699736788,5.93039651341651,EURUSD,F_ibs_lt_0.2_and_close_lt_sma180,no_stop,1x,2007-09-04,2023-09-11,0.00492744670523515,-0.017221596099745495,-0.006325876845345024
95,0.4,-0.002147322078876301,0.4696259326810741,-0.012837853801872301,-0.68654062562577,-0.9784260037436432,-0.22404834237339633,0.03247308152452572,-0.027297951046627553,-0.08337384026978012,5.93039651341651,EURUSD,F_ibs_lt_0.2_and_close_lt_sma180,no_stop,2x,2007-09-04,2023-09-11,0.004567570215323169,-0.019860415339221227,-0.007407208085857264
95,0.4421052631578947,-0.0018184089406360262,0.5319688755607503,-0.010907695803597739,-0.5791875985385062,-0.8554293352691783,-0.19229929571491988,0.03247308152452572,-0.02040000000000013,-0.07419220800390047,5.93039651341651,EURUSD,F_ibs_lt_0.2_and_close_lt_sma180,stop_2pct,1x,2007-09-04,2023-09-11,0.003609883276890491,-0.016598797158542067,-0.006325876845345024
95,0.4,-0.002218408940636025,0.46152253147679634,-0.013256070671961995,-0.7065929550774863,-1.0172849562786155,-0.21911699796152062,0.03247308152452572,-0.020800000000000127,-0.0775484782821656,5.93039651341651,EURUSD,F_ibs_lt_0.2_and_close_lt_sma180,stop_2pct,2x,2007-09-04,2023-09-11,0.0032499444601441496,-0.019239033949990714,-0.007407208085857264
95,0.4421052631578947,-0.001747322078876302,0.5418835506534979,-0.010488652099632456,-0.5586528471915192,-0.8141996974701134,-0.1973979127851082,0.03247308152452572,-0.026897951046627556,-0.08003637699736788,5.93039651341651,EURUSD,F_ibs_lt_0.2_and_close_lt_sma180,stop_5pct,1x,2007-09-04,2023-09-11,0.00492744670523515,-0.017221596099745495,-0.006325876845345024
95,0.4,-0.002147322078876301,0.4696259326810741,-0.012837853801872301,-0.68654062562577,-0.9784260037436432,-0.22404834237339633,0.03247308152452572,-0.027297951046627553,-0.08337384026978012,5.93039651341651,EURUSD,F_ibs_lt_0.2_and_close_lt_sma180,stop_5pct,2x,2007-09-04,2023-09-11,0.004567570215323169,-0.019860415339221227,-0.007407208085857264
95,0.4421052631578947,-0.001747322078876302,0.5418835506534979,-0.010488652099632456,-0.5586528471915192,-0.8141996974701134,-0.1973979127851082,0.03247308152452572,-0.026897951046627556,-0.08003637699736788,5.93039651341651,EURUSD,F_ibs_lt_0.2_and_close_lt_sma180,stop_10pct,1x,2007-09-04,2023-09-11,0.00492744670523515,-0.017221596099745495,-0.006325876845345024
95,0.4,-0.002147322078876301,0.4696259326810741,-0.012837853801872301,-0.68654062562577,-0.9784260037436432,-0.22404834237339633,0.03247308152452572,-0.027297951046627553,-0.08337384026978012,5.93039651341651,EURUSD,F_ibs_lt_0.2_and_close_lt_sma180,stop_10pct,2x,2007-09-04,2023-09-11,0.004567570215323169,-0.019860415339221227,-0.007407208085857264
157,0.5159235668789809,0.0009065105269137055,1.3802949747702442,0.008655346715048529,0.38752748155020944,0.6590759655693215,-0.054105662188777326,0.053666039993163564,-0.02832344888646725,-0.032507413004862595,9.800760553751495,EURUSD,G_close_gt_sma180_control,no_stop,1x,2007-09-04,2023-09-11,0.002749382084034302,0.00683065732075816,0.006099756174640758
157,0.5031847133757962,0.0005065105269137052,1.1964155001500483,0.0047114216091119765,0.21653002700565782,0.3662540670419171,-0.0631656125757708,0.053666039993163564,-0.02872344888646725,-0.03522596392406774,9.800760553751495,EURUSD,G_close_gt_sma180_control,no_stop,2x,2007-09-04,2023-09-11,0.0019483110437581441,0.002851682699555491,0.00391877191420531
157,0.5159235668789809,0.0009428854794077488,1.4016844647755546,0.00902472177939928,0.41074066047056684,0.7541741535808486,-0.05410566218877766,0.053666039993163564,-0.02040000000000002,-0.032507413004862595,9.800760553751495,EURUSD,G_close_gt_sma180_control,stop_2pct,1x,2007-09-04,2023-09-11,0.002749382084034302,0.007421602762655466,0.006099756174640758
157,0.5031847133757962,0.0005428854794077485,1.2135330389464725,0.005079503625801118,0.23649228378390322,0.4305020642677393,-0.06316561257577069,0.053666039993163564,-0.020800000000000016,-0.03522596392406774,9.800760553751495,EURUSD,G_close_gt_sma180_control,stop_2pct,2x,2007-09-04,2023-09-11,0.0019483110437581441,0.0034405347136281517,0.00391877191420531
157,0.5159235668789809,0.0009065105269137055,1.3802949747702442,0.008655346715048529,0.38752748155020944,0.6590759655693215,-0.054105662188777326,0.053666039993163564,-0.02832344888646725,-0.032507413004862595,9.800760553751495,EURUSD,G_close_gt_sma180_control,stop_5pct,1x,2007-09-04,2023-09-11,0.002749382084034302,0.00683065732075816,0.006099756174640758
157,0.5031847133757962,0.0005065105269137052,1.1964155001500483,0.0047114216091119765,0.21653002700565782,0.3662540670419171,-0.0631656125757708,0.053666039993163564,-0.02872344888646725,-0.03522596392406774,9.800760553751495,EURUSD,G_close_gt_sma180_control,stop_5pct,2x,2007-09-04,2023-09-11,0.0019483110437581441,0.002851682699555491,0.00391877191420531
157,0.5159235668789809,0.0009065105269137055,1.3802949747702442,0.008655346715048529,0.38752748155020944,0.6590759655693215,-0.054105662188777326,0.053666039993163564,-0.02832344888646725,-0.032507413004862595,9.800760553751495,EURUSD,G_close_gt_sma180_control,stop_10pct,1x,2007-09-04,2023-09-11,0.002749382084034302,0.00683065732075816,0.006099756174640758
157,0.5031847133757962,0.0005065105269137052,1.1964155001500483,0.0047114216091119765,0.21653002700565782,0.3662540670419171,-0.0631656125757708,0.053666039993163564,-0.02872344888646725,-0.03522596392406774,9.800760553751495,EURUSD,G_close_gt_sma180_control,stop_10pct,2x,2007-09-04,2023-09-11,0.0019483110437581441,0.002851682699555491,0.00391877191420531
430,0.49534883720930234,-0.0002296690427592791,0.9297593607403856,-0.007249723735138658,-0.13120262242122063,-0.16061068355629782,-0.23979479964785755,0.1469583048530417,-0.05635082014975383,-0.11852038309417057,26.83826042378674,GBPUSD,A_none,no_stop,1x,2007-09-03,2023-09-11,-0.006207161746670797,-0.012247031636509642,0.00988786839533451
430,0.48372093023255813,-0.0006296690427592794,0.8187729125782286,-0.017855608035661996,-0.35970990550113824,-0.44141101193222254,-0.3336292124142267,0.1469583048530417,-0.056750820149753835,-0.13012754227191758,26.83826042378674,GBPUSD,A_none,no_stop,2x,2007-09-03,2023-09-11,-0.009029244677778103,-0.022751543562568144,0.004593785735065525
430,0.4930232558139535,-6.534334475760068e-05,0.978869817482563,-0.002626504662491369,-0.0418496959087576,-0.06625936467238425,-0.1847600722478112,0.1461038961038961,-0.02040000000000013,-0.05920374443673404,26.83826042378674,GBPUSD,A_none,stop_2pct,1x,2007-09-03,2023-09-11,0.0018488632428972362,-0.012958434432775223,0.010020181331344968
430,0.4813953488372093,-0.000465343344757601,0.8589046484553955,-0.013279848622085866,-0.2980330673844868,-0.46942351858919595,-0.25862772327826,0.1461038961038961,-0.020800000000000127,-0.07007903869214105,26.83826042378674,GBPUSD,A_none,stop_2pct,2x,2007-09-03,2023-09-11,-0.0009927472951689609,-0.023455667142293524,0.0047255167166557754
430,0.49534883720930234,-0.0002402652727518797,0.9267560325473974,-0.007540302896285267,-0.1367511165929417,-0.16659608501073192,-0.24335205346456046,0.1469583048530417,-0.05040000000000004,-0.11499180649363172,26.83826042378674,GBPUSD,A_none,stop_5pct,1x,2007-09-03,2023-09-11,-0.007051101494459866,-0.012247031636509642,0.010437014969217673
430,0.48372093023255813,-0.0006402652727518799,0.8162834640931023,-0.01814320119523327,-0.36441800332469787,-0.44507545970957696,-0.33674866462679254,0.1469583048530417,-0.050800000000000047,-0.1266439507306999,26.83826042378674,GBPUSD,A_none,stop_5pct,2x,2007-09-03,2023-09-11,-0.009871138185046702,-0.022751543562568144,0.005140284249106175
430,0.49534883720930234,-0.0002296690427592791,0.9297593607403856,-0.007249723735138658,-0.13120262242122063,-0.16061068355629782,-0.23979479964785755,0.1469583048530417,-0.05635082014975383,-0.11852038309417057,26.83826042378674,GBPUSD,A_none,stop_10pct,1x,2007-09-03,2023-09-11,-0.006207161746670797,-0.012247031636509642,0.00988786839533451
430,0.48372093023255813,-0.0006296690427592794,0.8187729125782286,-0.017855608035661996,-0.35970990550113824,-0.44141101193222254,-0.3336292124142267,0.1469583048530417,-0.056750820149753835,-0.13012754227191758,26.83826042378674,GBPUSD,A_none,stop_10pct,2x,2007-09-03,2023-09-11,-0.009029244677778103,-0.022751543562568144,0.004593785735065525
345,0.4811594202898551,-0.0003469703076333818,0.8942759853874521,-0.008368412698369077,-0.17389319011918863,-0.20499496988359783,-0.24228587709833171,0.11790840738209159,-0.05635082014975383,-0.12741330940779727,21.533022898154478,GBPUSD,B_ibs_lt_0.5,no_stop,1x,2007-09-03,2023-09-11,-0.007955672601249075,-0.009724927210049805,0.0061502035663041354
345,0.47246376811594204,-0.0007469703076333823,0.7860726858209774,-0.01687823546165479,-0.37436358922080754,-0.4425422656188677,-0.3203632478699113,0.11790840738209159,-0.056750820149753835,-0.1378727111464425,21.533022898154478,GBPUSD,B_ibs_lt_0.5,no_stop,2x,2007-09-03,2023-09-11,-0.01021915608586621,-0.01833184392902032,0.002133931108370568
345,0.4811594202898551,-6.682177291353742e-05,0.9777386978165201,-0.0021207781333335562,-0.03884542611209386,-0.06130639993162383,-0.16893023409862973,0.11705399863294601,-0.02040000000000013,-0.06523985810790411,21.533022898154478,GBPUSD,B_ibs_lt_0.5,stop_2pct,1x,2007-09-03,2023-09-11,8.617836069801932e-05,-0.010438146484927802,0.010054625635659953
345,0.47246376811594204,-0.0004668217729135379,0.8546429752360515,-0.01068162705654907,-0.2713769763441244,-0.4270681866647145,-0.24838256574135442,0.11705399863294601,-0.020800000000000127,-0.07641811657482578,21.533022898154478,GBPUSD,B_ibs_lt_0.5,stop_2pct,2x,2007-09-03,2023-09-11,-0.0021923085540376253,-0.019039151974995616,0.006024397464302389
345,0.4811594202898551,-0.00036017720298647826,0.8906916433209466,-0.008658664417954376,-0.1797225178448291,-0.2108407982565645,-0.2458314743323583,0.11790840738209159,-0.05040000000000004,-0.12392033132944635,21.533022898154478,GBPUSD,B_ibs_lt_0.5,stop_5pct,1x,2007-09-03,2023-09-11,-0.008798127494496044,-0.009724927210049805,0.006697317710746997
345,0.47246376811594204,-0.0007601772029864788,0.7831106740493411,-0.017166114817093958,-0.3793159583564723,-0.44625088572133725,-0.32354480145789943,0.11790840738209159,-0.050800000000000047,-0.13442013680152398,21.533022898154478,GBPUSD,B_ibs_lt_0.5,stop_5pct,2x,2007-09-03,2023-09-11,-0.011060038686724782,-0.01833184392902032,0.0026790914627317086
345,0.4811594202898551,-0.0003469703076333818,0.8942759853874521,-0.008368412698369077,-0.17389319011918863,-0.20499496988359783,-0.24228587709833171,0.11790840738209159,-0.05635082014975383,-0.12741330940779727,21.533022898154478,GBPUSD,B_ibs_lt_0.5,stop_10pct,1x,2007-09-03,2023-09-11,-0.007955672601249075,-0.009724927210049805,0.0061502035663041354
345,0.47246376811594204,-0.0007469703076333823,0.7860726858209774,-0.01687823546165479,-0.37436358922080754,-0.4425422656188677,-0.3203632478699113,0.11790840738209159,-0.056750820149753835,-0.1378727111464425,21.533022898154478,GBPUSD,B_ibs_lt_0.5,stop_10pct,2x,2007-09-03,2023-09-11,-0.01021915608586621,-0.01833184392902032,0.002133931108370568
242,0.4793388429752066,-0.000687603709287867,0.7973348800893925,-0.010920221521889095,-0.30415153506559917,-0.338701013978241,-0.2468663922346822,0.08270676691729323,-0.05635082014975383,-0.15296449354108044,15.104323308270677,GBPUSD,C_ibs_lt_0.3,no_stop,1x,2007-09-03,2023-09-11,-0.017017926536627592,-0.006500095650728399,0.00873789997752561
242,0.4669421487603306,-0.001087603709287868,0.6982544016425927,-0.016883703369368175,-0.48108573769263363,-0.5376485353612017,-0.3029850372840438,0.08270676691729323,-0.056750820149753835,-0.16078010252986263,15.104323308270677,GBPUSD,C_ibs_lt_0.3,no_stop,2x,2007-09-03,2023-09-11,-0.018714713873937527,-0.01264720251841589,0.006207038822020117
242,0.4793388429752066,-0.00042708469012501404,0.8636509016946446,-0.006854838157677845,-0.2212610582227546,-0.3149069544472881,-0.19570831380235,0.08202323991797676,-0.02040000000000013,-0.09261161241432114,15.104323308270677,GBPUSD,C_ibs_lt_0.3,stop_2pct,1x,2007-09-03,2023-09-11,-0.009049537307704858,-0.007215637524740304,0.0076135477696070986
242,0.4669421487603306,-0.000827084690125015,0.752655266325199,-0.012841142494919855,-0.42849026904554366,-0.6075134538624787,-0.2556185222268027,0.08202323991797676,-0.020800000000000127,-0.10095840424672009,15.104323308270677,GBPUSD,C_ibs_lt_0.3,stop_2pct,2x,2007-09-03,2023-09-11,-0.010756762954406418,-0.013358606441988274,0.005085051440923305
242,0.4793388429752066,-0.0007213310677083393,0.7894867181600012,-0.011444476664802306,-0.3138337104866147,-0.34381950459931226,-0.25323683116971674,0.08270676691729323,-0.05040000000000004,-0.14957379724976105,15.104323308270677,GBPUSD,C_ibs_lt_0.3,stop_5pct,1x,2007-09-03,2023-09-11,-0.017852685664714874,-0.006500095650728399,0.00873789997752561
242,0.4669421487603306,-0.00112133106770834,0.691781167347983,-0.0174050145553164,-0.48786404109952525,-0.5365860414068669,-0.3088832371241881,0.08270676691729323,-0.050800000000000047,-0.15741926576571896,15.104323308270677,GBPUSD,C_ibs_lt_0.3,stop_5pct,2x,2007-09-03,2023-09-11,-0.01954837895106598,-0.01264720251841589,0.006207038822020117
242,0.4793388429752066,-0.000687603709287867,0.7973348800893925,-0.010920221521889095,-0.30415153506559917,-0.338701013978241,-0.2468663922346822,0.08270676691729323,-0.05635082014975383,-0.15296449354108044,15.104323308270677,GBPUSD,C_ibs_lt_0.3,stop_10pct,1x,2007-09-03,2023-09-11,-0.017017926536627592,-0.006500095650728399,0.00873789997752561
242,0.4669421487603306,-0.001087603709287868,0.6982544016425927,-0.016883703369368175,-0.48108573769263363,-0.5376485353612017,-0.3029850372840438,0.08270676691729323,-0.056750820149753835,-0.16078010252986263,15.104323308270677,GBPUSD,C_ibs_lt_0.3,stop_10pct,2x,2007-09-03,2023-09-11,-0.018714713873937527,-0.01264720251841589,0.006207038822020117
158,0.4936708860759494,-0.0008314371435861622,0.7645601693751761,-0.008615758406366636,-0.27552017020696207,-0.28298313983974127,-0.176714267294376,0.053998632946001365,-0.05635082014975383,-0.10546661198197615,9.8615003417635,GBPUSD,D_ibs_lt_0.2,no_stop,1x,2007-09-03,2023-09-11,-0.014281867297668449,-0.0026467552287841034,0.0045375154044076105
158,0.4810126582278481,-0.0012314371435861629,0.6706223976159731,-0.012523051137133256,-0.40807146278866535,-0.42138297398009894,-0.21662396320209132,0.053998632946001365,-0.056750820149753835,-0.11157087200568672,9.8615003417635,GBPUSD,D_ibs_lt_0.2,no_stop,2x,2007-09-03,2023-09-11,-0.015549051339049824,-0.006631774460798767,0.0030472222245736535
158,0.4936708860759494,-0.0004561154172384821,0.8554812795612936,-0.004778841844574999,-0.186705193283365,-0.2499425542765698,-0.1241519679864892,0.05331510594668489,-0.02040000000000013,-0.04634399309317083,9.8615003417635,GBPUSD,D_ibs_lt_0.2,stop_2pct,1x,2007-09-03,2023-09-11,-0.006671876175541658,-0.0033650723687166373,0.003417844999035413
158,0.4810126582278481,-0.0008561154172384823,0.7454580844973739,-0.008699657702083474,-0.35044023597388246,-0.46819864901050234,-0.16658814017275736,0.05331510594668489,-0.020800000000000127,-0.05188124163586394,9.8615003417635,GBPUSD,D_ibs_lt_0.2,stop_2pct,2x,2007-09-03,2023-09-11,-0.007945672874442367,-0.007347512599185868,0.0019287582479174947
158,0.4936708860759494,-0.0008830955026858729,0.7535372696033272,-0.009141235014591631,-0.28638782287378295,-0.28960071700890594,-0.18367809340996788,0.053998632946001365,-0.05040000000000004,-0.1018857809328807,9.8615003417635,GBPUSD,D_ibs_lt_0.2,stop_5pct,1x,2007-09-03,2023-09-11,-0.015118949917186986,-0.0026467552287841034,0.0045375154044076105
158,0.4810126582278481,-0.0012830955026858738,0.6614825114155244,-0.013046674620003529,-0.4161078008389091,-0.42317307548872835,-0.22325295778925214,0.053998632946001365,-0.050800000000000047,-0.10801296628312174,9.8615003417635,GBPUSD,D_ibs_lt_0.2,stop_5pct,2x,2007-09-03,2023-09-11,-0.01638540585047299,-0.006631774460798767,0.0030472222245736535
158,0.4936708860759494,-0.0008314371435861622,0.7645601693751761,-0.008615758406366636,-0.27552017020696207,-0.28298313983974127,-0.176714267294376,0.053998632946001365,-0.05635082014975383,-0.10546661198197615,9.8615003417635,GBPUSD,D_ibs_lt_0.2,stop_10pct,1x,2007-09-03,2023-09-11,-0.014281867297668449,-0.0026467552287841034,0.0045375154044076105
158,0.4810126582278481,-0.0012314371435861629,0.6706223976159731,-0.012523051137133256,-0.40807146278866535,-0.42138297398009894,-0.21662396320209132,0.053998632946001365,-0.056750820149753835,-0.11157087200568672,9.8615003417635,GBPUSD,D_ibs_lt_0.2,stop_10pct,2x,2007-09-03,2023-09-11,-0.015549051339049824,-0.006631774460798767,0.0030472222245736535
232,0.4956896551724138,-0.0003544535268112813,0.9062548678808308,-0.005962776237302236,-0.12524988638952184,-0.1472891756909751,-0.17599822784429353,0.07928913192071087,-0.05635082014975383,-0.12977035849358953,14.480177717019822,GBPUSD,E_close_lt_sma180,no_stop,1x,2007-09-03,2023-09-11,-0.013332665954447931,0.0010734934943630314,0.003960310619833152
232,0.4870689655172414,-0.0007544535268112814,0.8106521096665762,-0.011707517728014705,-0.2665940987225622,-0.31431154035621034,-0.2253593049327849,0.07928913192071087,-0.056750820149753835,-0.1377911015195462,14.480177717019822,GBPUSD,E_close_lt_sma180,no_stop,2x,2007-09-03,2023-09-11,-0.014719048254080214,-0.004998001996823875,0.0013821535131175455
232,0.49137931034482757,-1.680222016889697e-05,0.9950860394353641,-0.0008469898170484491,-0.006986401253941229,-0.011601917392182621,-0.11525729221894576,0.07843472317156527,-0.02040000000000013,-0.06776485139698019,14.480177717019822,GBPUSD,E_close_lt_sma180,stop_2pct,1x,2007-09-03,2023-09-11,-0.005334402741531408,0.00035249694426497946,0.005212269437198769
232,0.4827586206896552,-0.00041680222016889735,0.8850028279592808,-0.006619154793539028,-0.17330730846057205,-0.2864859482442133,-0.14850322151244977,0.07843472317156527,-0.020800000000000127,-0.07633068960912226,14.480177717019822,GBPUSD,E_close_lt_sma180,stop_2pct,2x,2007-09-03,2023-09-11,-0.0067286935969783634,-0.0057149172951319605,0.0026314637363060722
232,0.4956896551724138,-0.0003740930910217048,0.9015718950811108,-0.006253732089479214,-0.1315546941730281,-0.1539265866673086,-0.18296811063501595,0.07928913192071087,-0.05040000000000004,-0.12628681571934675,14.480177717019822,GBPUSD,E_close_lt_sma180,stop_5pct,1x,2007-09-03,2023-09-11,-0.01417055464612893,0.0010734934943630314,0.0045062339665185025
232,0.4870689655172414,-0.0007740930910217049,0.8066759944767059,-0.01199691118164814,-0.27221988936680447,-0.31935066686767694,-0.2289855962936751,0.07928913192071087,-0.050800000000000047,-0.13433820035130595,14.480177717019822,GBPUSD,E_close_lt_sma180,stop_5pct,2x,2007-09-03,2023-09-11,-0.015556107906603112,-0.004998001996823875,0.0019269049008454608
232,0.4956896551724138,-0.0003544535268112813,0.9062548678808308,-0.005962776237302236,-0.12524988638952184,-0.1472891756909751,-0.17599822784429353,0.07928913192071087,-0.05635082014975383,-0.12977035849358953,14.480177717019822,GBPUSD,E_close_lt_sma180,stop_10pct,1x,2007-09-03,2023-09-11,-0.013332665954447931,0.0010734934943630314,0.003960310619833152
232,0.4870689655172414,-0.0007544535268112814,0.8106521096665762,-0.011707517728014705,-0.2665940987225622,-0.31431154035621034,-0.2253593049327849,0.07928913192071087,-0.056750820149753835,-0.1377911015195462,14.480177717019822,GBPUSD,E_close_lt_sma180,stop_10pct,2x,2007-09-03,2023-09-11,-0.014719048254080214,-0.004998001996823875,0.0013821535131175455
82,0.5121951219512195,-0.0015174836818169079,0.6617176493308593,-0.0080946901761636,-0.2945062269001531,-0.2870928746668041,-0.16707806131767555,0.028024606971975393,-0.05635082014975383,-0.10665690779916337,5.117993848257006,GBPUSD,F_ibs_lt_0.2_and_close_lt_sma180,no_stop,1x,2007-09-03,2023-09-11,-0.01654466710306768,0.000953626454853973,0.0038743121047717377
82,0.5,-0.0019174836818169085,0.5907375016308924,-0.010127010211341547,-0.37213638014108585,-0.36462559478321055,-0.1765021470944792,0.028024606971975393,-0.056750820149753835,-0.1102652015897434,5.117993848257006,GBPUSD,F_ibs_lt_0.2_and_close_lt_sma180,no_stop,2x,2007-09-03,2023-09-11,-0.01718081728705556,-0.001167120749980377,0.0031300291796940716
82,0.5121951219512195,-0.0007007045871431891,0.809023941303079,-0.0037706066482275924,-0.1842423560405102,-0.24919431967854624,-0.10050326852927738,0.02734107997265892,-0.02040000000000013,-0.046662881985389704,5.117993848257006,GBPUSD,F_ibs_lt_0.2_and_close_lt_sma180,stop_2pct,1x,2007-09-03,2023-09-11,-0.008952145362764119,0.00023271623580201073,0.0038743121047717377
82,0.5,-0.001100704587143189,0.7154653719399502,-0.005809985486274871,-0.28941783764634715,-0.3896330496143008,-0.11703674423492327,0.02734107997265892,-0.020800000000000127,-0.05048784898968661,5.117993848257006,GBPUSD,F_ibs_lt_0.2_and_close_lt_sma180,stop_2pct,2x,2007-09-03,2023-09-11,-0.00959004171961142,-0.001886796261210133,0.0031300291796940716
82,0.5121951219512195,-0.0016170205200822041,0.647353476035579,-0.008620442973130249,-0.30551160023788987,-0.29364468324722703,-0.17412339602763527,0.028024606971975393,-0.05040000000000004,-0.1030808415227159,5.117993848257006,GBPUSD,F_ibs_lt_0.2_and_close_lt_sma180,stop_5pct,1x,2007-09-03,2023-09-11,-0.017379828128242236,0.000953626454853973,0.0038743121047717377
82,0.5,-0.0020170205200822047,0.5784484386753149,-0.010651904228472064,-0.38108555775881464,-0.368257262696096,-0.18347065589871048,0.028024606971975393,-0.050800000000000047,-0.10670206702888596,5.117993848257006,GBPUSD,F_ibs_lt_0.2_and_close_lt_sma180,stop_5pct,2x,2007-09-03,2023-09-11,-0.01801578550816718,-0.001167120749980377,0.0031300291796940716
82,0.5121951219512195,-0.0015174836818169079,0.6617176493308593,-0.0080946901761636,-0.2945062269001531,-0.2870928746668041,-0.16707806131767555,0.028024606971975393,-0.05635082014975383,-0.10665690779916337,5.117993848257006,GBPUSD,F_ibs_lt_0.2_and_close_lt_sma180,stop_10pct,1x,2007-09-03,2023-09-11,-0.01654466710306768,0.000953626454853973,0.0038743121047717377
82,0.5,-0.0019174836818169085,0.5907375016308924,-0.010127010211341547,-0.37213638014108585,-0.36462559478321055,-0.1765021470944792,0.028024606971975393,-0.056750820149753835,-0.1102652015897434,5.117993848257006,GBPUSD,F_ibs_lt_0.2_and_close_lt_sma180,stop_10pct,2x,2007-09-03,2023-09-11,-0.01718081728705556,-0.001167120749980377,0.0031300291796940716
180,0.48333333333333334,-0.0002904559515937207,0.8958131120429466,-0.0035034030915319647,-0.1472710391941479,-0.22255411811484127,-0.13674551588982797,0.06151742993848257,-0.0170515113406982,-0.05786874485193527,11.23462064251538,GBPUSD,G_close_gt_sma180_control,no_stop,1x,2007-09-03,2023-09-11,0.0036546875330225603,-0.013306240967759453,0.0059041754069362185
180,0.4666666666666667,-0.0006904559515937208,0.769781442062213,-0.007973843739779607,-0.3500846340075128,-0.5246113347496731,-0.17867574098835382,0.06151742993848257,-0.017451511340698198,-0.062028312769335514,11.23462064251538,GBPUSD,G_close_gt_sma180_control,no_stop,2x,2007-09-03,2023-09-11,0.002933509281761726,-0.01784271951350136,0.003207199380057535
180,0.48333333333333334,-0.0003330951349287844,0.8823182965998692,-0.00398868351174142,-0.16627466220100884,-0.24379569228411016,-0.1421895562471478,0.06151742993848257,-0.02040000000000002,-0.05786874485193527,11.23462064251538,GBPUSD,G_close_gt_sma180_control,stop_2pct,1x,2007-09-03,2023-09-11,0.0036546875330225603,-0.013306240967759453,0.004782981704787526
180,0.4666666666666667,-0.0007330951349287845,0.7589907398628871,-0.008457143645474341,-0.3659469416974456,-0.5328242198687334,-0.18506328437511932,0.06151742993848257,-0.020800000000000016,-0.062028312769335514,11.23462064251538,GBPUSD,G_close_gt_sma180_control,stop_2pct,2x,2007-09-03,2023-09-11,0.002933509281761726,-0.01784271951350136,0.00208855701829469
180,0.48333333333333334,-0.0002904559515937207,0.8958131120429466,-0.0035034030915319647,-0.1472710391941479,-0.22255411811484127,-0.13674551588982797,0.06151742993848257,-0.0170515113406982,-0.05786874485193527,11.23462064251538,GBPUSD,G_close_gt_sma180_control,stop_5pct,1x,2007-09-03,2023-09-11,0.0036546875330225603,-0.013306240967759453,0.0059041754069362185
180,0.4666666666666667,-0.0006904559515937208,0.769781442062213,-0.007973843739779607,-0.3500846340075128,-0.5246113347496731,-0.17867574098835382,0.06151742993848257,-0.017451511340698198,-0.062028312769335514,11.23462064251538,GBPUSD,G_close_gt_sma180_control,stop_5pct,2x,2007-09-03,2023-09-11,0.002933509281761726,-0.01784271951350136,0.003207199380057535
180,0.48333333333333334,-0.0002904559515937207,0.8958131120429466,-0.0035034030915319647,-0.1472710391941479,-0.22255411811484127,-0.13674551588982797,0.06151742993848257,-0.0170515113406982,-0.05786874485193527,11.23462064251538,GBPUSD,G_close_gt_sma180_control,stop_10pct,1x,2007-09-03,2023-09-11,0.0036546875330225603,-0.013306240967759453,0.0059041754069362185
180,0.4666666666666667,-0.0006904559515937208,0.769781442062213,-0.007973843739779607,-0.3500846340075128,-0.5246113347496731,-0.17867574098835382,0.06151742993848257,-0.017451511340698198,-0.062028312769335514,11.23462064251538,GBPUSD,G_close_gt_sma180_control,stop_10pct,2x,2007-09-03,2023-09-11,0.002933509281761726,-0.01784271951350136,0.003207199380057535
254,0.547244094488189,0.0004188266256251299,1.0223102706223999,-0.030036571748955687,0.0353294494507012,0.03882318774824619,-0.6664425049970728,0.12624254473161034,-0.3594232592924988,-0.36151733626440197,23.055044731610337,BTCUSD,A_none,no_stop,1x,2014-01-01,2025-01-07,,-0.08044339408803514,0.07441769669630482
254,0.5393700787401575,1.8826625625131317e-05,1.0009932621943505,-0.03897089998489123,0.0015880898626193841,0.0017505254842574273,-0.6806001640188272,0.12624254473161034,-0.3598232592924988,-0.36751144217504006,23.055044731610337,BTCUSD,A_none,no_stop,2x,2014-01-01,2025-01-07,,-0.08555124514641066,0.06733715395241657
254,0.35039370078740156,-0.0010960329914697319,0.9095984277507547,-0.03451774194510149,-0.17719523405013643,-1.0646381125618878,-0.5060840570145195,0.09840954274353876,-0.02040000000000013,-0.2690786084654788,23.055044731610337,BTCUSD,A_none,stop_2pct,1x,2014-01-01,2025-01-07,,-0.04934255340211546,0.017121743033026604
254,0.3425196850393701,-0.0014960329914697303,0.8791993009044446,-0.04339937945518346,-0.24186308088658057,-1.3474816601987,-0.5449377170964811,0.09840954274353876,-0.020800000000000127,-0.27586588288163527,23.055044731610337,BTCUSD,A_none,stop_2pct,2x,2014-01-01,2025-01-07,,-0.05459982963260068,0.01040215191767091
254,0.48031496062992124,-0.0013518345868947796,0.9195746246068512,-0.0490423567264211,-0.15835550955725078,-0.3297602084584339,-0.6588437228601378,0.11555666003976144,-0.05040000000000015,-0.31504427589552775,23.055044731610337,BTCUSD,A_none,stop_5pct,1x,2014-01-01,2025-01-07,,-0.07708821348515738,0.03605708551152098
254,0.47244094488188976,-0.0017518345868947785,0.8970529393071592,-0.05779961744640427,-0.20521198477763977,-0.4219615010485181,-0.6857392626586227,0.11555666003976144,-0.05080000000000016,-0.32251403859924077,23.055044731610337,BTCUSD,A_none,stop_5pct,2x,2014-01-01,2025-01-07,,-0.08220538740109762,0.02921787280817645
254,0.531496062992126,-0.00025841132055375146,0.9861429369656812,-0.034753802674348355,-0.024680748449104686,-0.034273442149586546,-0.6438151424867415,0.12326043737574553,-0.10040000000000009,-0.4656501548925146,23.055044731610337,BTCUSD,A_none,stop_10pct,1x,2014-01-01,2025-01-07,,-0.08421206350185784,0.0724758112492152
254,0.5236220472440944,-0.0006584113205537491,0.9650453635752314,-0.043641118936846635,-0.0628845676876984,-0.08717502371980518,-0.6623036762451462,0.12326043737574553,-0.10080000000000008,-0.47069161651454283,23.055044731610337,BTCUSD,A_none,stop_10pct,2x,2014-01-01,2025-01-07,,-0.08929581439191414,0.06540902106385604
176,0.5681818181818182,0.0003450198033089882,1.0169053086858844,-0.026988582802810135,0.022487728503362312,0.023462957862159607,-0.6550892096303214,0.0874751491053678,-0.3594232592924988,-0.36387138677550934,15.975149105367793,BTCUSD,B_ibs_lt_0.5,no_stop,1x,2014-01-01,2025-01-07,,-0.08363679266074431,0.08511651349969407
176,0.5625,-5.4980196691009365e-05,0.9973287300135254,-0.03321239003711984,-0.003583503684110611,-0.0037475001388216846,-0.6690426538648211,0.0874751491053678,-0.3598232592924988,-0.36681145014539374,15.975149105367793,BTCUSD,B_ibs_lt_0.5,no_stop,2x,2014-01-01,2025-01-07,,-0.08682725108453015,0.07957427135793638
176,0.375,0.0007058689886866702,1.0603807796915192,0.003948096784015975,0.09157416144109652,0.5726806861834709,-0.31721489273675973,0.06784294234592446,-0.02040000000000013,-0.1897355401933153,15.975149105367793,BTCUSD,B_ibs_lt_0.5,stop_2pct,1x,2014-01-01,2025-01-07,,-0.029033729677783837,0.04947415285653989
176,0.3693181818181818,0.00030586898868667105,1.0256157790928928,-0.002449277258170235,0.039681154150053514,0.23402821629035778,-0.3359122652473385,0.06784294234592446,-0.020800000000000127,-0.19561866339944545,15.975149105367793,BTCUSD,B_ibs_lt_0.5,stop_2pct,2x,2014-01-01,2025-01-07,,-0.032382627083066384,0.0441052116528311
176,0.48295454545454547,-0.0014129506244917038,0.9207517784354375,-0.035888583450900624,-0.13425431545343405,-0.29808124906512407,-0.6091878850307497,0.0797713717693837,-0.05040000000000015,-0.26236977347313994,15.975149105367793,BTCUSD,B_ibs_lt_0.5,stop_5pct,1x,2014-01-01,2025-01-07,,-0.08056221157415433,0.06442667820283532
176,0.4772727272727273,-0.0018129506244917047,0.8994849185273567,-0.04205021214133897,-0.1722611114805015,-0.37769119406712254,-0.6303377621616708,0.0797713717693837,-0.05080000000000016,-0.2677582300184599,15.975149105367793,BTCUSD,B_ibs_lt_0.5,stop_5pct,2x,2014-01-01,2025-01-07,,-0.08375505308404863,0.058985508651552276
176,0.5454545454545454,-0.0005814740183695733,0.9711834089691599,-0.03090173836846033,-0.044503590595031575,-0.06208376819050591,-0.6451759487203701,0.08499005964214712,-0.10040000000000009,-0.4253582088586506,15.975149105367793,BTCUSD,B_ibs_lt_0.5,stop_10pct,1x,2014-01-01,2025-01-07,,-0.08839173907951925,0.08629659535095402
176,0.5397727272727273,-0.0009814740183695728,0.9517954718191983,-0.03709659219493666,-0.07511791845086084,-0.1045273341599333,-0.6570633625782321,0.08499005964214712,-0.10080000000000008,-0.429619890824818,15.975149105367793,BTCUSD,B_ibs_lt_0.5,stop_10pct,2x,2014-01-01,2025-01-07,,-0.09156294434812129,0.08075067322134077
101,0.5742574257425742,-0.001544840515244971,0.9206039348834462,-0.02792904288931286,-0.08684891760974812,-0.09369235948130242,-0.42282460040921843,0.05019880715705766,-0.22929752306945123,-0.2184978223613575,9.167557157057654,BTCUSD,C_ibs_lt_0.3,no_stop,1x,2014-01-01,2025-01-07,,-0.03401162181184325,0.004844069633658243
101,0.5643564356435643,-0.0019448405152449684,0.9009165540256833,-0.03150470579207676,-0.10933639557338129,-0.1181787824671166,-0.43353295967928784,0.05019880715705766,-0.2296975230694512,-0.21951959429596035,9.167557157057654,BTCUSD,C_ibs_lt_0.3,no_stop,2x,2014-01-01,2025-01-07,,-0.0357668826826224,0.0016298551054549915
101,0.3465346534653465,-0.004085163797407612,0.676485174211912,-0.039289686605090024,-0.5211865153792942,-3.272397434363019,-0.3909720415068897,0.03802186878727634,-0.02040000000000013,-0.19862457361299546,9.167557157057654,BTCUSD,C_ibs_lt_0.3,stop_2pct,1x,2014-01-01,2025-01-07,,-0.008820901072689735,-0.04919601044537303
101,0.33663366336633666,-0.0044851637974076125,0.6520281298058574,-0.04282323532007104,-0.5722186444420292,-3.055210343641699,-0.41497953910762164,0.03802186878727634,-0.020800000000000127,-0.20444696245432326,9.167557157057654,BTCUSD,C_ibs_lt_0.3,stop_2pct,2x,2014-01-01,2025-01-07,,-0.010608570187199962,-0.05225514606049475
101,0.46534653465346537,-0.007230481198918988,0.6287718848399177,-0.07004996317930035,-0.603366871293847,-1.2348260778493316,-0.6012980687653671,0.04498011928429423,-0.05040000000000015,-0.20775846378192664,9.167557157057654,BTCUSD,C_ibs_lt_0.3,stop_5pct,1x,2014-01-01,2025-01-07,,-0.053025657805899074,-0.035852544784236606
101,0.45544554455445546,-0.007630481198918989,0.612502106594379,-0.07348385008406799,-0.636745942738445,-1.2665615129562846,-0.6140082933728439,0.04498011928429423,-0.05080000000000016,-0.21352126449607234,9.167557157057654,BTCUSD,C_ibs_lt_0.3,stop_5pct,2x,2014-01-01,2025-01-07,,-0.0547516233600116,-0.038950444261084516
101,0.5445544554455446,-0.004137159108109304,0.7938378729800774,-0.04713401969465014,-0.2681310728008405,-0.3592854928412948,-0.5139190633692083,0.04821073558648111,-0.10040000000000009,-0.31617852480622977,9.167557157057654,BTCUSD,C_ibs_lt_0.3,stop_10pct,1x,2014-01-01,2025-01-07,,-0.05923008188697265,0.011266090663244688
101,0.5346534653465347,-0.0045371591081093034,0.7759460738674109,-0.05064489274755468,-0.29405524596355714,-0.39158445994508545,-0.5223604227394214,0.04821073558648111,-0.10080000000000008,-0.31929175395637543,9.167557157057654,BTCUSD,C_ibs_lt_0.3,stop_10pct,2x,2014-01-01,2025-01-07,,-0.06094853500851194,0.008035372756646453
62,0.5161290322580645,-0.0032590937346574375,0.8537946113920991,-0.027143293620924158,-0.13845170760634437,-0.17748239825056236,-0.4192248426198415,0.030815109343936383,-0.17793236559898412,-0.2184978223613575,5.627609343936381,BTCUSD,D_ibs_lt_0.2,no_stop,1x,2014-01-01,2025-01-07,,-0.03864701920632685,0.013059824261163477
62,0.5,-0.0036590937346574334,0.8372705986361233,-0.02934564308459664,-0.15544437107398723,-0.19895041013396342,-0.42468592143573336,0.030815109343936383,-0.1783323655989841,-0.21951959429596035,5.627609343936381,BTCUSD,D_ibs_lt_0.2,no_stop,2x,2014-01-01,2025-01-07,,-0.03974188809981827,0.011096088549690464
62,0.22580645161290322,-0.009431735194852686,0.3756301591075886,-0.05309134034930951,-1.0695583940594007,-6.461100439395788,-0.4403264422388877,0.02186878727634195,-0.02040000000000013,-0.17179982011441564,5.627609343936381,BTCUSD,D_ibs_lt_0.2,stop_2pct,1x,2014-01-01,2025-01-07,,-0.01960507876616646,-0.05597441429774219
62,0.20967741935483872,-0.00983173519485269,0.36226685606807596,-0.05524208073671655,-1.1149183780692622,-5.264987842428096,-0.4539502130822335,0.02186878727634195,-0.020800000000000127,-0.1758296308348687,5.627609343936381,BTCUSD,D_ibs_lt_0.2,stop_2pct,2x,2014-01-01,2025-01-07,,-0.0207112508992634,-0.057829799836524365
62,0.3709677419354839,-0.01365895365685903,0.43128410377706483,-0.07803170136405968,-0.8825728870104361,-1.9671319196159844,-0.5845107825377651,0.0268389662027833,-0.05040000000000015,-0.24205930715291224,5.627609343936381,BTCUSD,D_ibs_lt_0.2,stop_5pct,1x,2014-01-01,2025-01-07,,-0.05455915111824117,-0.04664397161423128
62,0.3548387096774194,-0.014058953656859037,0.4207223798850736,-0.0801367143240741,-0.908418875193206,-1.9232795454675193,-0.594028854404154,0.0268389662027833,-0.05080000000000016,-0.2457765979410813,5.627609343936381,BTCUSD,D_ibs_lt_0.2,stop_5pct,2x,2014-01-01,2025-01-07,,-0.05564017222533879,-0.04851491634706073
62,0.46774193548387094,-0.009791555279741617,0.617436369174983,-0.06102232330083701,-0.45359898059087833,-0.6836483655448091,-0.46716824154908176,0.02907554671968191,-0.10040000000000009,-0.2387512297674198,5.627609343936381,BTCUSD,D_ibs_lt_0.2,stop_10pct,1x,2014-01-01,2025-01-07,,-0.06524314328852854,-0.002749235152652796
62,0.45161290322580644,-0.010191555279741622,0.6051084232606279,-0.06316069139976654,-0.47212919229399203,-0.7016229411993833,-0.47580543814158227,0.02907554671968191,-0.10080000000000008,-0.24157327214359425,5.627609343936381,BTCUSD,D_ibs_lt_0.2,stop_10pct,2x,2014-01-01,2025-01-07,,-0.06631735724969479,-0.004688920346042291
110,0.5454545454545454,0.0019058483764338235,1.110792069092144,-0.000908711562051967,0.1011963715619652,0.09990351872718393,-0.5758058302832018,0.05467196819085487,-0.3594232592924988,-0.32734569125874835,9.984468190854871,BTCUSD,E_close_lt_sma180,no_stop,1x,2014-01-01,2025-01-07,,-0.04042852966571919,0.05920304820089606
110,0.5363636363636364,0.001505848376433824,1.0866205964599691,-0.0049012590142063495,0.0799572482794885,0.07940944536423798,-0.5823755026807971,0.05467196819085487,-0.3598232592924988,-0.3315082443551518,9.984468190854871,BTCUSD,E_close_lt_sma180,no_stop,2x,2014-01-01,2025-01-07,,-0.04282938745272924,0.05632004837375337
110,0.35454545454545455,-0.001968195874259121,0.8349726581951735,-0.02299298406012884,-0.22916884820117356,-1.201523872808415,-0.37567869780019214,0.04324055666003976,-0.02040000000000013,-0.1897355401933153,9.984468190854871,BTCUSD,E_close_lt_sma180,stop_2pct,1x,2014-01-01,2025-01-07,,-0.04145455848812152,0.024141697050836797
110,0.34545454545454546,-0.002368195874259121,0.8056503416400957,-0.02689837130549777,-0.27574324685698587,-1.3382293994203307,-0.398361539353724,0.04324055666003976,-0.020800000000000127,-0.19561866339944545,9.984468190854871,BTCUSD,E_close_lt_sma180,stop_2pct,2x,2014-01-01,2025-01-07,,-0.043846962787839505,0.021343342573606927
110,0.4727272727272727,-0.0004201002365429522,0.9728617838530426,-0.011781109387659305,-0.03364378175627943,-0.06854820225288852,-0.44245762435339664,0.050944333996023855,-0.05040000000000015,-0.1942773080464364,9.984468190854871,BTCUSD,E_close_lt_sma180,stop_5pct,1x,2014-01-01,2025-01-07,,-0.025794539318476306,0.01884641150678168
110,0.4636363636363636,-0.0008201002365429507,0.9477360228013604,-0.015728407104000253,-0.06567783347035361,-0.13235341232608908,-0.45100269540093463,0.050944333996023855,-0.05080000000000016,-0.2001341072512709,9.984468190854871,BTCUSD,E_close_lt_sma180,stop_5pct,2x,2014-01-01,2025-01-07,,-0.028220868552277678,0.016059542687707484
110,0.5272727272727272,0.002034066125542926,1.1263807839007407,0.009085667421867338,0.13576404018823354,0.1880124568409999,-0.5472812621411229,0.0536779324055666,-0.10039999999999998,-0.40326091419964416,9.984468190854871,BTCUSD,E_close_lt_sma180,stop_10pct,1x,2014-01-01,2025-01-07,,-0.03416071549915689,0.06597248084792162
110,0.5181818181818182,0.0016340661255429278,1.1003454874398375,0.005061892998972972,0.10906598185406895,0.15105031088889292,-0.5542626364810868,0.0536779324055666,-0.10079999999999997,-0.4076758690998825,9.984468190854871,BTCUSD,E_close_lt_sma180,stop_10pct,2x,2014-01-01,2025-01-07,,-0.03657075314778646,0.06307531498314689
30,0.6,0.012871971779451596,2.1537272083820307,0.032845482632530176,0.48542428552744027,1.212617753203751,-0.11860148031955697,0.014910536779324055,-0.06116178960096734,-0.11830395863439547,2.7230367793240555,BTCUSD,F_ibs_lt_0.2_and_close_lt_sma180,no_stop,1x,2014-01-01,2025-01-07,,0.011218455751883738,0.035561152369536275
30,0.5666666666666667,0.012471971779451592,2.1018674264002954,0.03173313100296182,0.4703395947327521,1.1164580768486894,-0.11970416282122587,0.014910536779324055,-0.061561789600967344,-0.11975913168843888,2.7230367793240555,BTCUSD,F_ibs_lt_0.2_and_close_lt_sma180,no_stop,2x,2014-01-01,2025-01-07,,0.010615476282585856,0.03468705177992648
30,0.26666666666666666,-0.007640479871799277,0.4356722009350458,-0.021203118169508706,-0.628660496175739,-2.5666141117132564,-0.21057202973155464,0.011182902584493042,-0.02040000000000013,-0.07913682546685441,2.7230367793240555,BTCUSD,F_ibs_lt_0.2_and_close_lt_sma180,stop_2pct,1x,2014-01-01,2025-01-07,,-0.013642620048009868,-0.014019263460041453
30,0.23333333333333334,-0.008040479871799271,0.41880933697728634,-0.022277500194010313,-0.6615725910558573,-2.158614281347665,-0.21975427492321453,0.011182902584493042,-0.020800000000000127,-0.08063996847063071,2.7230367793240555,BTCUSD,F_ibs_lt_0.2_and_close_lt_sma180,stop_2pct,2x,2014-01-01,2025-01-07,,-0.014240160685692005,-0.01487022130612392
30,0.3333333333333333,-0.01622910392811389,0.3614470180037093,-0.04532377313999725,-0.7369481307425932,-1.5214599227058774,-0.40914116303803194,0.012922465208747515,-0.05040000000000015,-0.1571798701796593,2.7230367793240555,BTCUSD,F_ibs_lt_0.2_and_close_lt_sma180,stop_5pct,1x,2014-01-01,2025-01-07,,-0.02904271192693031,-0.030450122059614615
30,0.3,-0.016629103928113894,0.35255477271260344,-0.046381812541543055,-0.755111749239508,-1.4419339378288247,-0.4153833557143598,0.012922465208747515,-0.05080000000000016,-0.15858656928397385,2.7230367793240555,BTCUSD,F_ibs_lt_0.2_and_close_lt_sma180,stop_5pct,2x,2014-01-01,2025-01-07,,-0.029637313565307633,-0.031293992549285776
30,0.5333333333333333,0.0006451188417349133,1.0325919782966375,-0.0019085932333212652,0.02059534101623472,0.031199117733945483,-0.1915336491062104,0.01441351888667992,-0.10039999999999998,-0.1279630000258185,2.7230367793240555,BTCUSD,F_ibs_lt_0.2_and_close_lt_sma180,stop_10pct,1x,2014-01-01,2025-01-07,,-0.015437382468641458,0.019400953936645537
30,0.5,0.00024511884173491414,1.012266650752301,-0.002997597453773815,0.00782538938323155,0.011674711000858142,-0.19580198417274985,0.01441351888667992,-0.10079999999999997,-0.13045393932283167,2.7230367793240555,BTCUSD,F_ibs_lt_0.2_and_close_lt_sma180,stop_10pct,2x,2014-01-01,2025-01-07,,-0.016035221183044457,0.018533745974864235
131,0.5419847328244275,-0.001664241595186821,0.9204991255433987,-0.03842725965377236,-0.10206117086446893,-0.12678158075162693,-0.5507793370144448,0.06510934393638171,-0.17793236559898412,-0.32372821226018444,11.890593936381709,BTCUSD,G_close_gt_sma180_control,no_stop,1x,2014-01-01,2025-01-07,,-0.05178401244212394,0.014364241607170314
131,0.5343511450381679,-0.00206424159518682,0.9022481630248916,-0.043013496951970986,-0.12659154461780892,-0.15722961325957613,-0.5653790058345356,0.06510934393638171,-0.1783323655989841,-0.3286986213417755,11.890593936381709,BTCUSD,G_close_gt_sma180_control,no_stop,2x,2014-01-01,2025-01-07,,-0.05419755050284869,0.010429704137135731
131,0.366412213740458,0.0005563244322501728,1.0472257243909917,0.00076460371568432,0.059971835163414096,0.38197168762091305,-0.29553702705027785,0.050944333996023855,-0.02040000000000013,-0.11515743123927424,11.890593936381709,BTCUSD,G_close_gt_sma180_control,stop_2pct,1x,2014-01-01,2025-01-07,,0.005673648831948874,-0.006854475350457134
131,0.35877862595419846,0.00015632443225017438,1.0129903585288742,-0.003986858361996637,0.01685179104035088,0.09984698148585221,-0.3172852008529047,0.050944333996023855,-0.020800000000000127,-0.1215535499431385,11.890593936381709,BTCUSD,G_close_gt_sma180_control,stop_2pct,2x,2014-01-01,2025-01-07,,0.0031420963727282203,-0.010712549051688947
131,0.48091603053435117,-0.00195333003467776,0.891998604480938,-0.03349158355603088,-0.15676335869812036,-0.34058333946132907,-0.4974525697487028,0.05864811133200795,-0.05040000000000015,-0.2616778088640511,11.890593936381709,BTCUSD,G_close_gt_sma180_control,stop_5pct,1x,2014-01-01,2025-01-07,,-0.04807853675600593,0.016892314494474814
131,0.4732824427480916,-0.002353330034677761,0.8713614038703862,-0.03809576374703072,-0.18886512458818042,-0.4041602854887012,-0.5217367181904784,0.05864811133200795,-0.05080000000000016,-0.26707150159929016,11.890593936381709,BTCUSD,G_close_gt_sma180_control,stop_5pct,2x,2014-01-01,2025-01-07,,-0.0504969796058381,0.012950353367738865
131,0.5343511450381679,-0.001612461653219953,0.9226846918699257,-0.03572593482271391,-0.10398150293321343,-0.1478297274019106,-0.5289931433951347,0.06336978131212724,-0.10040000000000009,-0.28008950602763605,11.890593936381709,BTCUSD,G_close_gt_sma180_control,stop_10pct,1x,2014-01-01,2025-01-07,,-0.04338525193837672,0.0061008426747757305
131,0.5267175572519084,-0.0020124616532199526,0.9043609083159485,-0.04032295944692932,-0.12977597754303025,-0.1838835802523761,-0.5434401507541715,0.06336978131212724,-0.10080000000000008,-0.285359972693502,11.890593936381709,BTCUSD,G_close_gt_sma180_control,stop_10pct,2x,2014-01-01,2025-01-07,,-0.0458157925707684,0.0021952405890888205
